text,given_label,likely_correct,confidence_given,confidence_correct
15:20 Surti always on top 😂🙌🏻,neutral,positive,0.0011,0.9978
Vikram bhai super star chee,negative,positive,0.0011,0.9978
Vahhh super se duper 🙋...,negative,positive,0.0012,0.9977
"Jai shree krishna Jai mataji.  Thank you for sharing the mataji darshan, listening to mataji na geet bovaj maja avi. 🙏🙏👌",neutral,positive,0.0012,0.9976
Jeth vahu hoy to aava super,neutral,positive,0.0012,0.9976
Woh aha ha maja aha gya wohh wohh wohh Great recipe Great voice Great styles ❤❤❤❤❤❤❤❤❤❤❤❤❤ but am pure vegetarian 😂😂,neutral,positive,0.0012,0.9976
Nice ban bov sarsa,neutral,positive,0.0012,0.9975
Hi Sarika jay jinendra jaydip bhai jibha kadhavani stayal super ho jovani maja padi jay 😜🤪😍,neutral,positive,0.0013,0.9975
😢ekdam sad songs 😢,negative,positive,0.0013,0.9975
Diwali mate Best,neutral,positive,0.0013,0.9974
Happy અષાઢીબીજ.....🎉🎉🎉🎉🎉,negative,positive,0.0013,0.9973
Nice to kirti sir bov mast song che guruji,neutral,positive,0.0013,0.9973
dry roast all the i except ગંઠોડા પાઉડર it will give yoy best result,neutral,positive,0.0013,0.9973
"super sad song bhai, juni yado taji thai gai, jaan mari jaan lai gai❤️❤️❤️❤️",negative,positive,0.0013,0.9973
"Ab to bilkul hi wait nhi ho rha🙈 super excited🎊🎉
Bunty❤😎",neutral,positive,0.0014,0.9972
Super થી પણ uper,neutral,positive,0.0014,0.9972
બહુ સરસ રીત che. Thanks.,neutral,positive,0.0014,0.9972
The next girl!!🌝🌝,neutral,positive,0.0014,0.9972
Jay mogal maa♥️,negative,positive,0.0014,0.9971
i have played this video 10 times just to listen vishal's ae ae ae😂,neutral,positive,0.0014,0.9971
Krishnavataram  movie dekhiye  superb hai 👌,neutral,positive,0.0014,0.9971
Nice song Jay ramdev pir 🙏🙏,neutral,positive,0.0015,0.9971
Judai part-2 Avi Gayu Che.... super Jitubhai & Superstar Vikrambhai..... 🐅 Is Back....,negative,positive,0.0015,0.9971
Talent to che manas ma❤,neutral,positive,0.0015,0.9971
Ek Dum simple ane Eazy ane helthy 😊,neutral,positive,0.0015,0.997
Moj ho baki 😊💯👍👌,neutral,positive,0.0015,0.997
Bhai me aap ka bohat bada friend hu love you bro 😘,neutral,positive,0.0015,0.997
"A very belated Happy Mother's Day to you Ma'am.May the Almighty always keep you and your Mother happy, safe and healthy.",negative,positive,0.0015,0.997
Very hot વેરી હૉટ,neutral,positive,0.0015,0.997
How fortunate to have organic veggies.,neutral,positive,0.0015,0.997
My Favourite is Krishnadevrai of Tenali Rama Show and His Laugh from YAM HAI HUM.....,neutral,positive,0.0015,0.997
Urvil shah no ek episode karo bov amazing personality che 🎉,negative,positive,0.0015,0.9969
Legendary couple! Darshan & Dharal brought the vibes! 💥❤️,neutral,positive,0.0015,0.9969
Gujju rocks aakhi duniya shock. 😂😂,neutral,positive,0.0015,0.9969
Su vicar 100 💯,neutral,positive,0.0015,0.9969
Gym and healthy life style is the must.,negative,positive,0.0015,0.9969
very tasty achaar ma'am ❤❤❤❤❤,neutral,positive,0.0015,0.9969
Super song Jay ramdev pir,negative,positive,0.0016,0.9969
Jai Durga Maa🙏,negative,positive,0.0016,0.9969
super duper song vikram bhai..aa tamaru fevret song 6.evu lage 6,negative,positive,0.0016,0.9968
✋️✋️ waah waah garvi gujarat ✋️🙏🏻,neutral,positive,0.0016,0.9968
Lazy cook moment: skipped peeling almonds still tasted great ha-ha,neutral,positive,0.0016,0.9968
Badhu perfect che.. Bas ama ahmedabad ni kami che,neutral,positive,0.0016,0.9967
Heart touching bhajan ❤jay ma amba😊❤,neutral,positive,0.0016,0.9967
"congratulations gadhvi !
time to fly ! the moment you were rolling on , you have made it stand out with this auspicious song.",negative,positive,0.0016,0.9967
Jaydeep all  family bahut helpful hai dekh kar bahut proud feel hota hai 👌👌👍 jay shree krishna 🙏🙏🙏🙏🙏,neutral,positive,0.0017,0.9967
Jay Sonabai ma🙏,neutral,positive,0.0017,0.9966
No1 કેલકાર 🥰🥰🥰 Love u sir 💕💕🥰💕,negative,positive,0.0017,0.9966
Johnny bhai nu Gujarati ❤,neutral,positive,0.0017,0.9966
My gurtati krissh ritik roshan parikishi sir ur ritik roshan of gujrati Industry sir tha way u work in sc iam speechless u work out with double my my sir,negative,positive,0.0017,0.9966
"most underrated voice, singer, and song.
bhai tame thodu promotion karta jav",negative,positive,0.0017,0.9965
This is the life of three girls 😅😂,neutral,positive,0.0017,0.9965
happy birthday tamari kirti ma vadharokare maa mogal e j prarthna🙏,neutral,positive,0.0017,0.9965
"Wow 
Jaydeepbhai tamari TV ni clip khub j short pan khub j understanding vali hati 
Jaydeepbhai aavi j rite enathi pan big platform par tame jao evi j good wishes 🤞👍",neutral,positive,0.0018,0.9965
Really awargreen song bhai,negative,positive,0.0018,0.9965
Congratulations Best of luck ખુબજ આગળ વધો એવી મારી પ્રથાના છે જય ચામુંડા મા,negative,positive,0.0018,0.9964
સારી રીતે સમજાવી ને બનાવી છે રેસિપી.Tq,neutral,positive,0.0018,0.9964
The in-between reference to chacha's videos are always fun 😂😂,neutral,positive,0.0018,0.9964
"10k views in 11 hours 🙄
Guys, trending ma lavvanu che aapde 😭
Share kroooo... 
Felavi doooo 🤯🤯🤯",neutral,positive,0.0018,0.9964
Verry nic song Khubj saras song che vala 👌🏻❤,negative,positive,0.0018,0.9964
Enjoyed to the core 😂😂😂,neutral,positive,0.0018,0.9964
Jay thakor samaj,neutral,positive,0.0018,0.9964
Tasty 🤤 Achar ma’am,neutral,positive,0.0018,0.9964
"jaydeep bhai sarika vagar vlog boring Lage che have 
Have jaldi bolavo ne",negative,positive,0.0018,0.9964
First like video... Khubj saras banayva che chila tame... Thank you mam... Haal Bahar nu jamvanu void kariye to aavi dish ghare banavi ne enjoy Kari sakay che.. nice dish👌👌👌,negative,positive,0.0018,0.9963
Har har mahadev kirtidan bhai🙏🙏,neutral,positive,0.0018,0.9963
જય મા મોંગલ 🙏🔴 #GujaratiStandUpCOMEDYn 👆જુઓ ગુજરાતી stand up♥️ comedy performance મારા ભાઈ નું,neutral,positive,0.0018,0.9963
gujju GONE GIRL!!,negative,positive,0.0019,0.9963
Ek dam sachu upar valo love che,neutral,positive,0.0019,0.9963
Fast taim tray karu chu,neutral,positive,0.0019,0.9963
Best ma best Gujarati song bovj jordarrr....,negative,positive,0.0019,0.9963
Very sad song jiger Bhai superb,negative,positive,0.0019,0.9963
Super se upar ....Jay ho charan Na chhoru..Jay jo,neutral,positive,0.0019,0.9962
Wow 😂😂😂😂 ye to accha talent hai chlo bachpan se hai bhavin bhai,neutral,positive,0.0019,0.9962
Love ma lutana jignesh kaviraj,neutral,positive,0.0019,0.9962
Arrre perfect tha 😘😘😂😂,neutral,positive,0.0019,0.9962
સુપર song,neutral,positive,0.0019,0.9961
So so beautiful ma'am😊❤,neutral,positive,0.0019,0.9961
Vcaf m nd the details and share the same question is a good and ❤😊,neutral,positive,0.0019,0.9961
Elvis the legendary editor,neutral,positive,0.0019,0.9961
આજે તો આવે છે સર અમારા ગામ (થરા) માં So excited 😍😍🥰,negative,positive,0.002,0.9961
"wow dono me pyar dekh k kitna acha lg raha h lovely didi , didi ye apki jethani hain??",negative,positive,0.002,0.9961
jay Jay jay Jay Jay Ho Mogalllll Maavdi.....,neutral,negative,0.002,0.9961
acha hua ye big boss nhi jeeta 😂😂 vrna 🍑,neutral,positive,0.002,0.996
🙏🌹🙏jay ganpati bapa moriya 🙏🌹🙏,negative,positive,0.002,0.996
*She is the cutest...✨But app apko bul gaye kya..!!✨🌝*,neutral,positive,0.002,0.9959
Khelaiyao ne vinanti aa koi nu balak khovayelu che.. e valo part was awesome 🤞🏻🤣,neutral,positive,0.002,0.9959
"Sarika I love your efforts , tame bauj saras rite and interesting vlog banavo cho, jaydeep nathi pan lagtu nathi, and I know easy nathi badhu manage karvu but you are doing Amazing job 👏🏼,
I really admire you!!  🤗",negative,positive,0.0021,0.9959
Jay ho samaj ❤,neutral,positive,0.0021,0.9959
Jai matadi sir,negative,positive,0.0021,0.9959
Jay BAMBA kul ni maa Vihat ❤❤❤,neutral,negative,0.0021,0.9959
1 month pella thi wait krto hato...Kirtidan na garba no.....finally aavi gayu😘 superb superb,negative,positive,0.0021,0.9959
Life ki ek wish hai sir Apse milna chahate hai...i hope bhagwan ye wish puri kre🙏🙏🙏,neutral,positive,0.0021,0.9959
Thanks ben hu chokkas bnavis joie nej bhu tasty hase evu lage che,neutral,positive,0.0021,0.9958
Heart touching Bhai* ❤️❤️❤️💕,neutral,positive,0.0021,0.9958
સાંભળ્યા પછી એવું લાગ્યું કે live ગરબેજ રમીએ છીએ.... Orcastra group beat awasome....5 of 5 starr.... Kiyu orcastra group che... All over 5 of 5555555 Star....,negative,positive,0.0021,0.9957
Very nic ben,negative,positive,0.0021,0.9957
Jay. Jay. . Mogal 🙏🙏 🚩🚩,negative,positive,0.0022,0.9957
"Would love to learn some HIGH PROTEIN + LOW TIME CONSUMING + SUPER TASTY recipes from you mam. There are a lot of people like me who goes to gym and want some easy,super tasty,high protein recipes.",neutral,positive,0.0022,0.9957
"Bhavin ne Jo cute Ka tapli Diya when he said ""all the best Kai"" it was so sweet 😘❤️",negative,positive,0.0022,0.9957
"Wah kirtidan bhai bavj saras, voice super, acting super, Jivan ma navu lavu e pan ak kala che.... Je tamara pashe che .. Bav j saras .............",neutral,positive,0.0022,0.9956
Mei 7 yrs se apki subscriber hu aapke videos dekar he me inspired hu or apna channel bna liya😊hope for the best,negative,positive,0.0022,0.9956
Kirtidan bhai hu tamne bollywood ma gaata jova mangu Chu...I love Gujarati singer,neutral,positive,0.0022,0.9956
back to back hilarious lavari!! mananbhai sache j lavari episode thi ek dum mood fresh and divas sudhri jaay che!,negative,positive,0.0022,0.9955
Jay Jay Maaa Mogal ❤️‍🩹🙌,neutral,negative,0.0022,0.9955
It's Gujarati poem we used to study....... now after 12 years understanding it!,neutral,positive,0.0023,0.9955
😂😂😂gujju rock 😅😅,neutral,positive,0.0023,0.9955
jiga bhai. aluckvsavthi best che sobg bi best continu rakhjo,neutral,positive,0.0023,0.9955
Jay ho maaaaaaaaa,neutral,negative,0.0023,0.9955
Gujarati hiphop ❤ Ahmedabad hiphop 🔥,neutral,positive,0.0023,0.9954
"Legend is always a legend, Praful Dave sir please come again, you rock the show 🙏🙏🙏🙏",neutral,positive,0.0023,0.9954
The last gentlemen be like arrrrreeee muje to under lo ....😂🙆,neutral,positive,0.0023,0.9954
માગુ વિશ આપે ત્રીસ મારો દ્વારકાધીશ Ha guruji ha Jignesh Barot,negative,positive,0.0023,0.9954
You are using Atta means no healthy the Atta have Gluten and it will be going Stick to your gut 💔😊 other wise your veggies are healthiest,negative,positive,0.0023,0.9954
I heard this song at my cousin's wedding and on that very day I had decided to keep this song for my marriage. The day finally came and I used this song during my fera. What a lovely song you gave tamne khud ne nathi khabar Jigar bhai <3,negative,positive,0.0023,0.9954
Kitna pakav aah ka vlog starting se end tak gym and health khana,negative,positive,0.0023,0.9954
Ha maru nikol,neutral,negative,0.0023,0.9954
jaydeep plzzzzz hair thoda manage rakho bav j msy msy lage che tame bilkul sara nathi lagta ane aa msg positive way ma lejo i m big fan of u,negative,positive,0.0023,0.9954
Jay maa vihatmaa,positive,negative,0.0023,0.9953
Baa tobaa che😂,neutral,positive,0.0023,0.9953
Jay. Sonal. Maa,neutral,negative,0.0024,0.9953
Kabita didi aap voice beatuiful hai,negative,positive,0.0024,0.9953
"Jay garvi Gujarati
Ha kavi ni moj...",positive,negative,0.0024,0.9953
Only first song my favourite Vikram Thakor.... જય અલખધણી,neutral,positive,0.0024,0.9952
"*अब नहीं रहा वो इंतजार करने वाला‌ लम्हा,* *उन्होने अब हमारी मोहब्बत से किनारा जो कर लिया।* 1like Super 🌟 mate",negative,positive,0.0024,0.9952
🙏❤ Jay shree krishna ❤🙏 happy birthday hai jo beta god bless you 🎂🎁🎉❤️🙏,neutral,positive,0.0024,0.9952
Jay maa good luck,negative,positive,0.0024,0.9952
Try defeating Valkyries after beating the game,neutral,positive,0.0024,0.9952
"Nice vlog 👌 I think u rproducing a film and for that roaming different places...u told u r not comfortable in Gujarati so comment in English 😄.I asked one question so many times😢 but u didn't reply 😔.why u and so many gents wear a black ring in index finger ,any benifit for that? Just for curiosity 🙏",negative,positive,0.0024,0.9952
Nika video nice movie maja Ave,neutral,positive,0.0024,0.9952
Friends forever ka real meaning yeh 3 hain,neutral,positive,0.0024,0.9951
Bov maja aavi gay .wah maru gujrat i love my gujrat,neutral,positive,0.0024,0.9951
Video ni saruaat ma mast comedy thai 😂😂👍👍 baki song is nice 😇👍👍,neutral,positive,0.0024,0.9951
"My favorite line...
Neelkanth tu, Bhairavnath tu, Ram ji ka tu hai Hanuman, Krishna ka tu sheshnaag hai, Shambhu tu hai mahaan 😌❤",neutral,positive,0.0025,0.9951
Deja chu😂,neutral,positive,0.0025,0.995
Jay hooooooo maa mogal,neutral,negative,0.0025,0.995
Another hit completion on the occasion of diwali❤🤗,neutral,positive,0.0025,0.995
"Ben, 200 gm Gol na levay, bahu sweet thay.",negative,positive,0.0025,0.995
Vikram bhai git super se upar se video banavo plizzzz,negative,positive,0.0025,0.995
ભાઈ સફળતા તો તમે જ પચાવી છે જેવા માણસ હોય તેની સાથે તેવા બની જાવ છો એકદમ વિનમ્ર સ્વભાવ છે તમારો કોઈ મોટપ નહિ Wish u all the best bhai,neutral,positive,0.0025,0.9949
"Don't miss the end Guys....
End bav j emotional hato ..it feels like a poetry...wow....Great...

Keep it up ...👍

whenever you upload any vlog whether it's old or new but it's always valuable and inspiring...👏👏👏

Thank you Comedy factory...
Fan since Katko video",negative,positive,0.0026,0.9949
Ha Moj ha vikaram,negative,positive,0.0026,0.9949
Moj jiga bhai,neutral,positive,0.0026,0.9949
Full support Mara mota Bhai ne,neutral,positive,0.0026,0.9948
"તમને કયું ભજન ગમ્યું આ mashup માં ?
મને કોમેન્ટ માં જણાવો ❤️
Thank you for watching in Advance 🙏🏻❤️ 
Plz share it to your friends and parents ❤️",neutral,positive,0.0026,0.9947
Tabla .ma dam nathi Miss you ❤❤ Jigabhai na varama Om shanti 🙏🙏🙏,neutral,negative,0.0026,0.9947
Jai Maata Ji Jai Maa Mogal 🙌🙏Suh Saras Gaayu che👏😇🙏🙌,positive,negative,0.0026,0.9947
Aunty you are gujarati,neutral,positive,0.0026,0.9947
Mari favourite che medivada,neutral,positive,0.0027,0.9947
"""For that garib kehvat"" I always  asking them how many toothbrush do you have ?",negative,positive,0.0027,0.9947
"jay ho bhai Jordar 
jay ho maa Mogal",neutral,negative,0.0027,0.9946
How to download?,negative,positive,0.0027,0.9946
Jay dwarkadhish .....♥️🙏and good blessing sir ke tame aamj aagad vadhta raho  avi 🤞👌,neutral,positive,0.0027,0.9946
🙏🙏Jay Shree Sonal Maa🙏🙏,neutral,positive,0.0027,0.9946
Full સફોટ bhai,neutral,positive,0.0027,0.9945
The great shahbudin rathod,neutral,positive,0.0028,0.9945
Bhuj kub sir,neutral,positive,0.0028,0.9945
ખુબ સરસ જીગ્નેશભાઈ ખરેખર આ ગીત તમે એટલું જોરદાર ગાયા છો k જેટલી વાર saambharie એટલી વાર ઓછું પડે...અદભુત..proud of you...,neutral,positive,0.0028,0.9944
Sandhya ji ki smile my little daughter ( 9 years age) jevi che.,neutral,positive,0.0028,0.9944
Dholywood King of the only For વિKRAમŤHÃĶÓરsir......,negative,positive,0.0028,0.9944
Jay vihat maa vala,positive,negative,0.0028,0.9944
"Jaydeep bhai i think 🤔🤔 
Aap movie kar rahe hai, 🤔 actor ka roll mila hai.",neutral,positive,0.0028,0.9944
kirtidaan ane nisha banne ni jodi mast lage,neutral,negative,0.0028,0.9944
Pride of Gujarat ગુજરાત ની શાન Kirtidan Gadhviji ગુજરાત મા હેરીભાઈ ગુજરાતી કલ્ચર થી તદ્દન વિરુદ્ધ ગરબા સોંગ બનાવ્યું છે જેમાં છોકરી ઓ બોલીવુડ ના આઇટમ સોંગ ની જેમ ડાંસ કરી રહી છે અને એવો ડાંસ e ગરબા સોંગ મા બતાવ્યો છે અને એમાં ગરબા તો ક્યાંય દેખાતા જ નથી. આઇટમ સોંગ વધારે લાગે છે. અને ઘરમાં કોઈ સાથે બેસી ને ના જોઈ શકે એવું ગરબા સોંગ બનાવ્યું છે અને એ લોકો કહે છે ગરબા સોંગ નથી હેરી ભાઈ પોતે બોલે છે ગરબા મેશઅપ સોંગ ને યંગ જનરેશનને ધ્યાન માં રાખીને બનાવ્યું પણ ભાઈ સંસ્કૃતિ ક્યારે ડિજિટલ કે મોડર્ન નથી હોતી કીર્તિદાન ભાઈ તમે થોડું ધ્યાન દોરજો આપણી ગુજરાત ની સંસ્કૃતિ ને આવું નથી શોભતું. ગરબા હોય તો કિર્તીદાન ગઢવી જેવા... આભાર.,negative,positive,0.0029,0.9943
Ha guru jay ma's mogal,neutral,positive,0.0029,0.9943
Javb to Davo pda❤️♥️🧡💕👌👌👌👌👌👌👌👌👌👌bast song 🧡❤️♥️🧡,negative,positive,0.0029,0.9942
🙏Shree kirtidan bhai ne vandan 🙏,neutral,negative,0.0029,0.9942
Jay ho maa mogel,positive,negative,0.0029,0.9941
પ્રતીક ગાંધી ને વધુ સારા રોલ હિન્દી અને ગુજરાતી મુવી makers એ આપવા જોયીયે. એમની એક્ટિંગ અને ગુજરાતી/Hindi/ઇંગ્લિશ ભાષા પર પ્રભુત્વ સારું છે.,neutral,positive,0.003,0.9941
"hame lagta h ki aap movie me kam kartey ho shayed , patel paji. movie bana rehe ho na? 🙏🎊",positive,negative,0.003,0.9941
Jay chathi maiya 🙏🙏,neutral,positive,0.003,0.9941
HAAA MOJ HAAA 🤘 👍,negative,positive,0.003,0.994
Jamkhambhadiya ghee ma su special chhe???,negative,neutral,0.003,0.994
Happy birthday kirtidan gadhvi...maro 3 year no boy che...ae jyar thi sangit sambhdta thyo che tyar thi bs ladki....mogal chedta kado nag....gori radha ne kado kaan.....bs aaj badhu sambhde che...ksu biju joy na....aene kirtidan ji jevu bnavu che...hu aene kahu k tne jarur thi malva lai jaisu...mara family ma baha ne gava ne vagadvano shokh che je mara son ma che..ae harmonium pn vagade..aene music no boj sokh che....amari pn aej ichcha che k ae bs music ma j aagad vadhe....,negative,positive,0.003,0.994
"Masi ne ghar ma parivar &  2 daughter jevi vahu ane masa na new suvichar listen karvu ga me che.Kanu looks like his Darshak mama, he's not gone on u, Jay bhai.Sarika ben, dahi vada looks yummy.❤👌👌🎉👌🥰",neutral,positive,0.003,0.994
Jai chati maata,neutral,negative,0.003,0.994
Aap ful family ko Dhanywad devo pade Aatlu motu ghar Varsad nu pani Bharai jay ae utri jay teni Gadgi daf tme loko ne jate kari koi kam vali pase nai karavi 👍👍🙏 so good tabiyat Sachvho badha  very nice vlog  👌 jayshree kirshna 🙏🙏,neutral,positive,0.003,0.9939
Jay HIND JAY BHARAT JAY MOGAL🙏🙏🙏🙏🙏,neutral,positive,0.0031,0.9939
Bhai bhai aa j to main character chhe favourite. .mutardi chalu kari 😂😂.,neutral,positive,0.0031,0.9938
Thank you Ben. તમારો ઘણો ઘણો આભાર. અમે જ્યાં રહે છે ત્યાં ત્યાં માવો નથી મળતો. હવે અમે પણ તમારી બતાવેલી રીતે. માવો કરીશું,negative,positive,0.0031,0.9938
Havaj To havaj kevay,neutral,negative,0.0031,0.9938
Ha jignsh Bhai jordar excited Che,negative,positive,0.0031,0.9938
Kanu pse ajna vlog ma bolavo ne tun tala bapa ek var plzz plzz plzz ketlu cute bole che kanu god bless you beta♥️🥰,neutral,positive,0.0031,0.9938
Jai chatti mata,neutral,negative,0.0031,0.9937
1st hu Like fast,negative,positive,0.0032,0.9936
Jay nogal maa,neutral,negative,0.0032,0.9936
"Legend Guests and their Humor 🙇🙌❤, Bring more legend guests to the shows, they have more hilarious mature stories and lessons to give.",negative,positive,0.0032,0.9936
bov saras rite Ben tame amane ghari sikhavi than you,negative,positive,0.0032,0.9936
માં ના હોય ઈ તો મને ખબર છે ચારે દિશા ના વાયરા વાય છે 🙏🙏🙏🙏🙏🙏🙏🙏🙏🙏🙏🙏🙏જગત માં બધા જ મરજો પણ માં કોઈ ની ના મરસો 🙏🙏🙏🙏🙏🙏 તારી યાદ બહુ આવે મારી જનેતા માં 😭😭😭😭😭😭😭😭😭 Miss you MAA 🙏🙏🙏🙏🙏🙏🙏🙏🙏🙏🙏🙏🙏🙏,neutral,negative,0.0032,0.9936
ha moj ha🙏🙏🙏jai sonal ma,neutral,positive,0.0032,0.9936
JAY mataji mara havaj bhaio,neutral,negative,0.0032,0.9936
People also want to explore the personality of guests and also let them speak and make them speak,negative,positive,0.0032,0.9936
Big fan of urz Not setisfied with this sng Sirji tune bv bkwas che liriqs b bkwas che tamaro vank ny pn aaava sng choose n karo plz,negative,positive,0.0032,0.9936
had karo cho hasu bhai was the best from him. my wife still like that drama.,negative,positive,0.0032,0.9936
"The Lavari Show - Upcoming Shows
https://linktr.ee/thecomedyfactoryindia

Membership - https://www.youtube.com/thecomedyfactory/join",neutral,positive,0.0032,0.9936
Good Song Jay Ho Ramapir No,neutral,positive,0.0032,0.9935
"Apke bina bhi, dil kahi nahi lagta❤️❤️❤️",positive,neutral,0.0032,0.9935
Jay siyaram jaycharan🙏🙏🙏,negative,positive,0.0032,0.9935
"Bas have vela ek 
Mogal maa ane 
Sonal maa ni charaj banavo ❤❤🙏🏻",positive,negative,0.0033,0.9935
Ha Mara jigar jaan Ha,negative,positive,0.0033,0.9934
Bhai gajjab atle gajjab highlight banavi che.... Bouj maja aave che highlights jovani.... Uper thi tamari comedy.... Kai j na ghate...,neutral,positive,0.0033,0.9934
Jay Saeei Krishna,neutral,positive,0.0033,0.9934
"This is the episode where I want to say ""Once More"" and ""be be""... What a show!",negative,positive,0.0033,0.9933
"Madhuri Dixit ❤
That's the first name straight away came in my mind",neutral,positive,0.0033,0.9933
5:53 that background music and the amusing gameplay  👏👏👍😎,negative,positive,0.0033,0.9933
"1ST VIEWER OF THE DAY. ALSO COMMENTING FOR FIRST TIME THAT ALSO FOR MY WIFY AS IS
 SHE HUGE FAN AND DOSENT MISS ANY SINGLE VIDEO OF YOURS. KEEP IT UP...",negative,positive,0.0034,0.9933
hemang shah ne bolavo have bhai,neutral,negative,0.0034,0.9933
Moj ho baki,neutral,positive,0.0034,0.9933
"*""**#એટલો_**_ભરોસો_તો_મને_મારા ❤_**_#હદય_ના_**_ _**_#ધબકારા__ઉપર_પણ_નથી__** **#જેટલો_હું_**#_મારુ_માવતર_મોગલ**  👍**#_ઉપર_ભરોસો_રાખુ__છું**""*

       *🙏🏻માં મોગલ સરકાર🙏🏻*
*🚩Ⓜ®.Ⓜ🅾G🅰Ł CHORU🚩*
JAY MA MOGAL🙏",positive,negative,0.0034,0.9933
Jjjooorrrdddaaarrr Vikram Bhai Boom Boom,negative,positive,0.0034,0.9932
🙏Jay Ma Sonal Sakti 🙏,neutral,positive,0.0034,0.9932
Dream house che,neutral,positive,0.0034,0.9932
kai no ghate ho jigrra,neutral,negative,0.0034,0.9932
"Gaadi bhatkai
Bike bhatkai
Planes bhatkai
Chalta chalta athdaya
Ane have kaagdo bani athdaya.
U have achieved new heights😅have kasu baki nai retu

Lovely edit as usual",negative,positive,0.0034,0.9932
Worst episode- worst attitude till today’s guests - please filter episode/content and avoid to upload if not capable of the level of LAWARI,negative,positive,0.0034,0.9932
The smile and happiness he is having throughout today is what we want !!😩♥️✨,negative,positive,0.0034,0.9932
Thank You Lavari Show 😢😮 Mne Aaje Khabar Padi Ke Aarohi Aamni Chhokri Chhe😂,neutral,positive,0.0034,0.9932
Gujarati baloa thanks Jai shree krishna 🙏🙏🙏,neutral,positive,0.0034,0.9932
Parashu bhai ha moj ha,neutral,positive,0.0034,0.9931
Jai ho bhai jiyo..,positive,negative,0.0035,0.9931
"Manan bhai tamari game nu live stream kya thi jovu?
Commentary jova ni bo j maja ave laa",positive,neutral,0.0035,0.9931
Agad na sabdo suraj chndo best hatu sambhdvani maja avti ti,neutral,positive,0.0035,0.993
New song bana vo bhai,neutral,positive,0.0035,0.993
Haan mujhe bhi lgta tha di but ab easy hai 😂 Thank you di 🙏 love you di😊jai ambey🙏,neutral,positive,0.0035,0.993
Jay I Maa mogal krupa,neutral,negative,0.0035,0.993
Starmaker ma pan link Karo please 🙏,positive,neutral,0.0035,0.993
4:13 Aatli sbhya rite kon laray kare,positive,neutral,0.0035,0.993
સુરત ની ચોપાટી ભેલ એટલે ભાચૂકાકાની ભેલ wow,neutral,positive,0.0035,0.9929
Asa koi karta he kya,positive,neutral,0.0035,0.9929
Ha mara risky thakor,negative,positive,0.0035,0.9929
Tame ek song banavo ne ... mara todle betho mor kya bole.... please,positive,negative,0.0035,0.9929
Saaara aloo ki tikiya ka hara masala kele ko ubaal kar daale hari chutney nnmeethi chutney ke saath shalow fry kare agar deep  fry nahi karna to bahut hi swadisht chahe to burger bun main rakh kar khaaye ya roti ke saath ya saadi bahut mazedaar lagati hain wafer se kuch alag ..,neutral,negative,0.0035,0.9929
Jay maaa mogal i,neutral,negative,0.0035,0.9929
No = 1 jodi moj padi jaay che super duper voice both,negative,positive,0.0036,0.9929
"Hu to kaadaa chanaa baafti vakhte jiru Ane mithi naakhi ne baafelaay saaraa laage, baadak ni janam ni 6thi vakhte pan banaave amaari gnaati maa.",neutral,negative,0.0036,0.9929
Chatni juvar na rotla sathe best..,neutral,positive,0.0036,0.9928
Bhavin's expression are the fevikwick for a broken material😂😂😂😂😂😂😂,neutral,positive,0.0036,0.9928
Dhaval Patel agar sahi he to chup kyo raha he agar usne galat nahi kiya to ghar kyo nahi jata batao,negative,neutral,0.0036,0.9928
🙏🙏 Aai Shree Sonal Mata 🙏🙏,neutral,negative,0.0036,0.9928
Congratulations kabita didi 😊 aap khub aage badho ❤🎉,negative,positive,0.0036,0.9928
"Jai ho bhai 
ma mogal na aashirwad saday rahe baap...",neutral,negative,0.0036,0.9928
Wahh aa lockdown na period ma tamaru song summer ma ugta gulmahor na fullo jevu lage Bhai !,positive,negative,0.0036,0.9927
Jordar bhai tame Vikarm bhai ne laya so ma,positive,negative,0.0036,0.9927
Etlu blend no krvanu hoy chiknu j thay ne,neutral,negative,0.0036,0.9927
Jay Ms vihot,neutral,positive,0.0036,0.9927
Itunes ma add karo ne aa song please.,neutral,negative,0.0037,0.9927
ha jiga bhai moojjj,neutral,positive,0.0037,0.9927
Very tasty ma'am mouth watering ❤,neutral,positive,0.0037,0.9926
Jordar Mara Bhai jordar,neutral,negative,0.0037,0.9926
Hu dosti ne Shalam karu shu,neutral,negative,0.0037,0.9926
Navratri ni shubh Kamna kirtidan bhai Jay mataji,neutral,negative,0.0037,0.9926
Cancer Vikram Bhai majama how are you I am Vijay Parmar singer Vikram Bhai YouTube superstar,negative,positive,0.0037,0.9926
Jay Maa I Mogal,neutral,negative,0.0037,0.9925
Eagerly waiting for tahukar 7 રોજ સવારે YouTube ચેક કરું છું કે આજે આવશે-આજે આવશે,negative,positive,0.0037,0.9925
Haa jigardan haa mataji 100 varas na kare tamne jay maa mogal,positive,negative,0.0037,0.9925
Jay ramapir ne,positive,negative,0.0037,0.9925
"Jaydeepbhai tamne khabar  che ne ke Hazu ne jova mate j ame vlog jovau chalu karyu hatu 
So we are fan of Hazu ❤",negative,positive,0.0038,0.9925
Bhadth kapalma hoy tyare amne tmo yad avo,negative,neutral,0.0038,0.9925
Bhai bhai gujrat no arijit ho bhai,positive,negative,0.0038,0.9925
Hamre garme nahi bana,negative,neutral,0.0038,0.9925
Ha Mari brahmarshi Sanskrit Mahavidyalay Na Vidyarthi o su mantr bolya cho vah,neutral,negative,0.0038,0.9925
Kyu ata maker che,positive,neutral,0.0038,0.9924
Boom boom jiganesh bhai ni,positive,negative,0.0038,0.9924
Sexophone ma reverb kya che.vegad naam bade darsan chote.,negative,neutral,0.0038,0.9924
Gautam Adani Sahe na Biopic mate perfect che role kari sake che,neutral,positive,0.0038,0.9924
Wah khoob Saras 👍👍🙏,neutral,positive,0.0038,0.9924
Khubaj srs geet che a geet birdavva mate kai sabd  nathi...jetli var a geet sambhlu etli var radvu avi jay che geet na shabdo khubj alag che mari ma mogal ni yad avi jay che,neutral,negative,0.0038,0.9924
Main bohot proud feel kar rahi hoon..ke aap Kolkata ki beti hain...aap ki bangla bolna meri jee khush kar diya hain...yes kabita ji hum begali o ke liye yeh recipe....ek recipe hi nahi ek khoobsoorat emotion hain...aise toh yeh very yummy and healthy recipe hain...Thank you so much jo aap ne es recipe ko saari duniya se share kiya...🙏♥️,negative,positive,0.0038,0.9924
Jai ho bappa😊😊,neutral,positive,0.0038,0.9924
Thanks tame varsad Mumbai lavya😅,neutral,positive,0.0038,0.9924
Ben ..Bev athana ni keri sarkhi j sukava ni hoy  ..to apde bev athana ekaj sathe keri paladi sukvi ne half half banavie to chale ne .?,neutral,negative,0.0038,0.9924
Watched this video just having my lunch and that montage of the guests made me emotional that you guys have come a big way and going all along. Congratulations to you all🥳,negative,positive,0.0038,0.9924
Jayshree કૃષ્ણ 🎉🎉,neutral,positive,0.0038,0.9923
By the way Gorani kevai😂,neutral,positive,0.0038,0.9923
"Jay,, mogal,,maa,",neutral,negative,0.0038,0.9923
Thank you x100000 for not only bringing this concept to life but also bringing it all around the world!,negative,positive,0.0038,0.9923
Tanishka nai kaie restaurant ma laie ja che name khber che koie nai 38 minita ja episode bate che aei,negative,neutral,0.0038,0.9923
Jd bhai che aetle to mja ave che vlog jova ni 🤠🤠,neutral,positive,0.0039,0.9923
Aap to khud ek celebrity hai mujhe celebrity bhi aap se kam lagte hai 🥰👏 nice video Kavita ji 🫶,neutral,positive,0.0039,0.9922
Sarikaben hindola chalu thavana che taiiyari kai kari  tame decoration  karo ema kai ghate nai❤❤😊,negative,neutral,0.0039,0.9922
Jayshree Krishna  khub sundar  su vicar nucle😅,neutral,positive,0.0039,0.9922
Rinku ben eyes k niche itna black kyu hu hai,positive,neutral,0.0039,0.9922
Super show pura 132 episode joya che wait karu ke navo kyare aave👍🏻 good luck for future,neutral,positive,0.0039,0.9922
bhai your gmail id,negative,positive,0.0039,0.9922
Jay chhati mayiya 🙏,neutral,positive,0.0039,0.9922
Sound sarkhi karyo kharo now I can hear the lavari more than laughing,negative,positive,0.0039,0.9922
The moment that guy said “we don’t have a hitler anymore “ 😂😂😂😂😂😂😂😂,negative,positive,0.0039,0.9922
Jay Sherr Kisana radhe radhe krishna🌹❤,neutral,positive,0.0039,0.9921
A vaat vaat ma ek j episode che bija badha mix Thai Gaya che....ek j rakho....,negative,positive,0.004,0.9921
Gör Maa Ni Pooja Saras  Kari 👍,positive,negative,0.004,0.9921
સત્ય 💯 true,neutral,positive,0.004,0.9921
આ મીઠાઈ સુરત જ બની શકે... તેનું કારણ ત્યાંનું ભૂગોળ છે 😇 એટલેજ દરેક મીઠાઈ ને વાનગી સૌ સૌ ની famos હોય છે.... સરસ મીઠાઈ બનાવી 😍,neutral,positive,0.004,0.9921
Jay ma kaali 🙏,negative,neutral,0.004,0.9921
"Sarika you are really a great person ❤️ 
But the thing i don't understand why Sandhya not involved in vlog?",negative,positive,0.004,0.9921
Jay mata lakshmi,positive,negative,0.004,0.992
"Vah..... Bhai.... Vah.... 
Jay mogal bhai... 
Khub aagal vadho mara bhai..... 
Jordar song....",positive,negative,0.004,0.992
Haa maru Gujarat,neutral,negative,0.004,0.992
Ghani khamma kaviraaj🙏,neutral,positive,0.004,0.9919
Bhai loko hospital ma kon hoy che 🤔🤔 35:23,negative,neutral,0.004,0.9919
Yu lag raha hai Mata aa gai,positive,negative,0.0041,0.9919
Tamne Mataji Mogal Na khamkara Jigar bhai....,positive,negative,0.0041,0.9919
"Ala Mananbhai tame to Jay Thadeshwar podcast ma kidhelu k tame loko kantali jaso Lavari na 💯 episode krine, kai k navu karisu. Ave kai k navu lavo lya ho. Tame nai to ame jarur kantali jaisu ho. Just kidding, keep up the great work. Looking forward to your upcoming initiatives.
- Tamro subhchintak",negative,positive,0.0041,0.9919
Aha? Muh mein Pani aa gaya,negative,neutral,0.0041,0.9919
Palitana Bhavnagar Taleti Shree Cm Vidyalaya na program ma tame aavya hata 🤘,negative,neutral,0.0041,0.9919
Jay mataji ahemdabad kyare agaman kyare karso,negative,neutral,0.0041,0.9919
"jay mataji 🙏
superb jigar bhai 👏👌
mataji na aashirvaad aamj tamara par varsta rahe e j maa ne prarthna🙏",neutral,positive,0.0041,0.9919
vah Bhai vat se,neutral,negative,0.0041,0.9919
Supper thi pan upper boss,positive,neutral,0.0041,0.9918
Ben test karva mokali aapo ne,neutral,negative,0.0041,0.9918
Jay Ambe maa jay mogal 🙏🙏,neutral,negative,0.0041,0.9918
Vache thi pocha kem rahe che,negative,neutral,0.0041,0.9918
Shanti par like,neutral,positive,0.0041,0.9918
Jay vihar ma 🙏🏻🙏🏻🙏🏻🙂🙂🙂😊,negative,neutral,0.0041,0.9918
"Blue family who doesn't understand the language
Yet we were smiling and laughing and enjoying just see them both🥰🩵🩵🩵",negative,positive,0.0041,0.9918
Vikram Bhai Tamara aa song hit.jaay.aavi hu.maa.chamunda.ne araj karu Shu Jay chamunda maa 7698165110.lalit.harij,neutral,negative,0.0041,0.9918
Bhai aapni voice superb che 👍Jay Shri Krishna 🙏,neutral,positive,0.0041,0.9918
Sarika dii tamaru english high level nu che 😂😂😂😂 100 out of 100 😂😂😂,neutral,positive,0.0041,0.9918
Jordar entry vikram bhai,neutral,negative,0.0041,0.9918
Aakash name chhee anant na bhai nu name.. nd makai na bhajiya ni receipe no video banavjo ne.. or else tamro koi video pella banavelo hoi to pin karjo,neutral,negative,0.0041,0.9917
Homebound ma super role karyo che aa bhai e,neutral,positive,0.0041,0.9917
Wah *Jiga bhai* kya baat hai super. Tamaro awaaz no Jadoo kayam barkarar evojj ho. Jordaar,negative,positive,0.0041,0.9917
Vikram bhai tamaru Ek radha ek Meera nu video me mari youtub channel ma thi delete kari nakhyu se ok,neutral,negative,0.0041,0.9917
Ha mara Bhaini moj,negative,positive,0.0041,0.9917
Bahut na khavay¹,positive,negative,0.0041,0.9917
"JD bhai tame mukesh vibes to aapi didhi, sarika a tamne help pan kari joyu 😂😂 kapda mate je charcha kari tim table ni ama tame lagya mukesh bani sako cho 👍😁 sarika 100/ 100 % badha માં ❤",neutral,positive,0.0042,0.9917
Bavj mast che aano next part kyare avshe ?,negative,neutral,0.0042,0.9917
Jd bhai kala bov tay gya so and saveg karavi vlog kro yar (and apde minibazar malya tha )👍,neutral,positive,0.0042,0.9917
🙏Jay hind Jay bharat🇮🇳,neutral,positive,0.0042,0.9916
Good morning Jay Shree Krishna Everyone 🙏. Mama to moj karave che❤😂😂. I liked your hair Jaydeepbhai ❤.,neutral,positive,0.0042,0.9916
"The way Deep has enjoyed this episode it feels like he will make a debut in singing soon. 

And we all know how good he is at singing. 

Waiting for that sir…❤️",negative,positive,0.0042,0.9916
Jay Ho Navlakh nejali MOGAL...🙏,neutral,negative,0.0042,0.9916
"Super song
Tame juna mathi nau karo chho
Old is gold.....",negative,positive,0.0042,0.9916
🙏🙏🙏🙏🙏🙏🙏🙏🙏🙏🙏🙏🙏🙏🙏🙏🙏🙏🙏🙏🙏Jay mogal maa bhagoda vari 🙏🙏🙏🙏🙏🙏🙏🙏🙏,neutral,negative,0.0042,0.9916
Vah bhai jordar ho.........,positive,negative,0.0042,0.9916
Jignesh kaviraj Bhai kai na khate mogal na rakhopa,neutral,negative,0.0042,0.9916
Kirti daan bhai tame se ne non stop garba banavo ok ❤,neutral,negative,0.0042,0.9916
"We were dying to hear you singing bhavin and now we have a complete song sung, written and also composed by you🥺😭 so so proud❤✨",negative,positive,0.0042,0.9915
Kubj saras all'of you,negative,positive,0.0042,0.9915
Jay kuldevi maa hinglaj MAA,neutral,negative,0.0043,0.9915
"Maybe it's just me, but he felt arrogant the whole episode 😵",negative,positive,0.0043,0.9915
"Jay Dwarkadhish 🙏 
Radhe radhe 🙏 
 🙏🙏🙏 
Love you kanu hezu ❤❤
Get well soon bhai 🙂
Hju to jane kale j kanu ne hospital thi ghare lavya hoy avu lage, kanu jot jota ma kevdo moto thai gyo.♥️😍🥰",neutral,positive,0.0043,0.9915
Mane pan marriage anniversary ni vate ma Honey mon kit j yad aavi heti❤,positive,neutral,0.0043,0.9914
Mr jigar bhai,negative,positive,0.0043,0.9914
Sandhya ji jab Dekho tab khana hi khati hai,negative,positive,0.0043,0.9914
no 1 Vikram Bhai nu song ......,positive,negative,0.0043,0.9914
I luv this song........ Did know how much tym I have heard this song😎😘😘😘😘😍😍😍😍😍😍😍💓💕........Jai ma mogal🙏,negative,positive,0.0043,0.9914
qawali type he bhai kyun apni dhun he na to phir kyun aise...??,negative,neutral,0.0043,0.9914
Sandhiya bichari kevu kre bdhae ghr ma. Massi to Mara sasu jeva j che etla vaida,positive,neutral,0.0043,0.9913
Vah jayeshbhai tamari moj,negative,positive,0.0043,0.9913
સૌરાષ્ટ્ર ma દુકાળ che ena vise batavo jyare joy tyare amdvad south guj ni news j hoy varsad ma,negative,neutral,0.0044,0.9913
It hits different to listen bhavin when he speaks gujarati 🙈😍,negative,positive,0.0044,0.9913
Nice song bhai ...bhai me pn tamara mate ek jordar song lakhi ne rakhyu se jordar Bevfa nu & premnu ...im song writer..shailesh j thakor from budasan👈✍️,neutral,positive,0.0044,0.9913
Ha Mara Bhay ha,negative,positive,0.0044,0.9913
Panichu athanu ready thai gaya pachi aakhu varsh bahar j saru rahese ke ene freeze ma rakhvu pade ?,negative,neutral,0.0044,0.9912
Gym is good it make your body flexible....but you should have all types of meal...portion size control karo,negative,positive,0.0044,0.9912
Aaje Mother's day na divse kon listen karva aayvu che ?,negative,neutral,0.0044,0.9912
Hume bhi iss class me admission milega kya🤭🤩,neutral,positive,0.0044,0.9912
Aap bahut lucky hai ❤️❤️ itne Star ⭐⭐ ke saath recipe bna rhi hai kavita ji 🥰🥰 aap to super se v uper Wala Star ✨✨💫💫✨✨,negative,positive,0.0044,0.9912
jignesh Kaviraj તમારા બધા ગીતો મને બહુ ફેમશ છે,neutral,positive,0.0044,0.9912
"Main bana to lu, par banega ki nhi , pata nhi",neutral,negative,0.0044,0.9912
Ap singerr hoo lekin wo bichareee to nahi haina 😂😂❤️❤️,positive,neutral,0.0044,0.9911
Like done zabardast recipe ma'am bahut acchi recipe hai I will try,neutral,positive,0.0044,0.9911
Guest ne kem bolavo cho?😂. Stage par thi show jova?😅,negative,neutral,0.0044,0.9911
Mast se telar to movi kevu hase vikarm thakor jay mataji jay sadhi ma,neutral,negative,0.0045,0.9911
"Bhavin❤️Bhavin❤️Bhavin❤️Bhavin❤️Bhavin❤️Bhavin❤️Bhavin❤️Bhavin❤️Bhavin❤️Bhavin❤️Bhavin❤️Bhavin❤️Bhavin❤️Bhavin❤️Bhavin❤️Bhavin❤️Bhavin❤️Bhavin❤️Bhavin❤️Bhavin❤️Bhavin❤️Bhavin❤️Bhavin❤️Bhavin❤️Bhavin❤️Bhavin❤️Bhavin❤️Bhavin❤️Bhavin❤️Bhavin❤️Bhavin❤️Bhavin❤️Bhavin❤️Bhavin❤️Bhavin❤️Bhavin❤️Bhavin❤️

Pagal nahi hu bas Teentigada bht pasand hai isliye",positive,neutral,0.0045,0.9911
ગગન ગઢ રમવા ને આવો pls kale session ma lejo,negative,neutral,0.0045,0.991
Omg it looks so so temptingg😋mushrooms can also be made in this way😋 have to try it out 😊❤,neutral,positive,0.0045,0.991
Keva sukan pakya che aa jo 😄😄 bhavna masi very comedy 👌😊❤️,neutral,positive,0.0045,0.991
Mai yahii hun or baqi sab bhi toh jaldi jaldi kar do abhi live se bhi ho k ayeee 🤧🤧😜,neutral,negative,0.0045,0.991
Jay Khodiyar 🎉❤ It’s a really proud and special moment for all the viewers as well. Our pride is that our JD Vlogs 🎊 is inspiring people and has now been aired on TV. 📺✨,negative,positive,0.0045,0.991
💐🚩🎉JaY MaA MoGaL🎉🚩💐,positive,neutral,0.0045,0.991
Have Bhai Rohit Bhai Thakor Ne Bolavo ❤️,positive,negative,0.0045,0.991
Thnks very much Madam ji Main try kayre to results so good nd I used normal Cumin seeds. Appreciate. One of the request to you plz Gujarati Undhyu batawwa meherbani karsho. Thanks Cheers.,negative,positive,0.0045,0.9909
Sir sorry par samaj nahi aa raha dadhi ne Ajay ko rakha ha ki Ajay ne dadhi ki rakha i m confuse,neutral,negative,0.0045,0.9909
Mauve kyare aave se,negative,neutral,0.0045,0.9909
Jay Ganpati bappa morya 🌺🙏🌿,neutral,positive,0.0046,0.9909
"3:22 what a lyrics and the voice of kirtidan bhai 🤯 ""થર થર ધરણી ધ્રુજાવે ..."" Really felt Goosebumps, what a incredible voice of kirtidan bhai 🔥",negative,positive,0.0046,0.9909
Jignesh barot ne namaskar,neutral,negative,0.0046,0.9909
Jay hooooo Har Har Mahadev 🙏🙏🙏🙏,negative,positive,0.0046,0.9909
Ha moj se super star ni,positive,negative,0.0046,0.9909
Radhe radhe all the way from Canada🙏🙏😊,neutral,positive,0.0046,0.9909
Superb sheetalben unique recipe chhe maza aavi gai shikhi ne ❤,neutral,positive,0.0046,0.9908
DHOLYWOOD KING OF THE ONLY FOR વિKRAમŤHÃĶÓરSIR.,negative,positive,0.0046,0.9908
"Siyaahi is the OG, NO CAP! 🔥",neutral,positive,0.0046,0.9907
boss aa navratri kya? aavo (Vadodara zala) ma yad che ne?? jay mataji,negative,neutral,0.0046,0.9907
Aa geet kirtidan Bhai sambhljo,neutral,negative,0.0046,0.9907
Aa haaaa. Superrrrrr,negative,positive,0.0046,0.9907
time male tyare vat karjo bhai bhulta nahi bhai.....,negative,neutral,0.0047,0.9907
5 રૂપિયા  ni feviquik થી સંધા ઇ જશે my dear sister  Sarika from shantaben  .Gandhinagar.,neutral,positive,0.0047,0.9907
Kon kon Instagram thi aaya che,negative,neutral,0.0047,0.9907
1 Aur Song Aavu Banavo Vikram bhai,positive,negative,0.0047,0.9906
Candle thi Aarati Kem karo cho ?,negative,neutral,0.0047,0.9906
Wah...Bhudev Saheb....su gajab saruaat kari chhe ţame...ruavda ubha thai gya...Kharekhar...You are proud of GUJARAT...Ane Kirtidanbhai tame b Gajab chho...Bhai,negative,positive,0.0047,0.9906
Kem Cho @bhavin,neutral,positive,0.0047,0.9906
"આખો પરથી યાદ આવે ચાવન્ડ નો ડાયરો નજર કે સામને જીગર કે પાસ ....... And wish you very very congrats both of lovely couple and little Krishna for ""RAAG"" માતાજી મોગલ ને પ્રાથના કરીએ કે ક્રિષ્ના અને રાગ બંને ગુજરાતી સંગીત ક્ષેત્રે કંઇક નવો જ રાગ લઈને આવે",negative,positive,0.0047,0.9906
Big biet lerahe hai Vishal bhai,neutral,positive,0.0047,0.9906
Haa Guru ji ha....,negative,positive,0.0047,0.9906
Ha thakor bapu ha,neutral,negative,0.0047,0.9906
badha geeto me Edit Karya che ane aaje tamara Stage par Ye badha Geeto Kaushik Bhai ye Gaya eno Ghano Anand Thayo ! and today i feel Proud to be editor,neutral,positive,0.0047,0.9905
Hello mam.. mai nagra se hu ..,neutral,negative,0.0048,0.9905
"Vah aabhar aa song sathe mulakat karavva badal 😀
Aamaj mara jeva navyuvano ne aapda Gujarati lok geeto ni odkhan karavta Raho 🙃",positive,negative,0.0048,0.9905
Jay ho Charan,neutral,positive,0.0048,0.9905
Sandhya ne ice cream banayi thi uska Kya hua,positive,neutral,0.0048,0.9905
Mem chokha ane dal aa khi rat palalava mukaya,neutral,negative,0.0048,0.9905
Badha overacting kare chhe...... Real life ma kon aavi rite bole chhe... Bollywood is best,negative,positive,0.0048,0.9905
"Ha. Moj. Bhai🤗🤗🤗🤗🤗🤗🤗🤗🤗🤗🤗🤗🤗🤗🤗🤗🤗🤗🤗🤗🤗🤗🤗🤗🤗🤗🤗🤗🤗🤗🤗🤗🤗🤗🤗🤗🤗🤗🤗🤗🤗🤗🤗🤗🤗🤗🤗🤗🤗🤗🤗🤗🤗🤗🤗🤗🤗🤗🤗🤗#_બદલાઇ_જાય_ભલે_દુનિયા_રે_સારી_✌
               #નહી_ભુલાય_હૉ 
                         #_યાર_તારી_યારી...😎",positive,negative,0.0048,0.9904
Sem problem mari pan che Khushi Na Pappa aavu j kare che,negative,neutral,0.0048,0.9904
You just keep moving forward Didi ❤❤❤❤❤,neutral,positive,0.0048,0.9904
Pro Bhavin 😂 She Sells Sea Shells on the. Sea Shore 😂😂😂,neutral,positive,0.0048,0.9904
During my pregnancy I had watched your every vlogs.today my baby girl is 6 months old nd the destiny is that her horoscope is also name letter is H.Her name is Hiya nd she is looking like as Hazu betu .❤from London 🧿love your family bond 💕,negative,positive,0.0048,0.9904
What if Devayat khavad in the Lavari,negative,positive,0.0048,0.9904
Ap mere best fv hogye ho.apkaa no plz do na..me odissa se hu...me ek bhajan singer hu..pr aj kl apke style se gata hu sir..plz apka no chiye..mujhe bat krna h apse,negative,positive,0.0048,0.9903
Aapus keri che aa,negative,neutral,0.0048,0.9903
"Sheetalben aje j bnava nu mn htu bs hve aaj recipe thi bavis , thanks for sharing this sweet recipe Sheetalben 😊😊",neutral,positive,0.0048,0.9903
Jay shree krishna Jai mataji Mahadev har family congratulations ભૂમિકા Ben and family New 🏡,neutral,positive,0.0048,0.9903
Jay Ambe maa 🙏 Jay shree ram 🙏 Jai Hind 🇮🇳,neutral,negative,0.0049,0.9903
Jay Maa Mogal Bhagudawali,neutral,negative,0.0049,0.9902
Jay Suraj maaa ❤️❤️💖,positive,negative,0.0049,0.9902
Supar geet che jiganesh bhai,neutral,negative,0.0049,0.9902
Manjulika મંજુલિકા 😂😅,neutral,positive,0.0049,0.9902
Nid aati he dolo che,positive,neutral,0.0049,0.9902
But mai jab karti hu to bilkul Aisa nehi hota.,neutral,negative,0.0049,0.9902
Plzz take care of yourself ese kon ghumta Hai thand lag jati to❤😒,neutral,positive,0.0049,0.9901
Pela om na Kaka Defence Advisor ajit Dhobhal jva lahe che,negative,neutral,0.0049,0.9901
Chasni Kadak thai gai hoy to shu karvu pls advice.,positive,neutral,0.0049,0.9901
Aaje Mag bhaat banvaya hata avti kale aa rice banvishu Best 😊,neutral,positive,0.005,0.9901
Looksss soo tastyyy😋😋 lekin Dhoop agar theek se nahi aati ho. To fan me sukha hai kya di aavle ko ?,negative,neutral,0.005,0.9901
Madam mixi kon se hai,positive,neutral,0.005,0.9901
I am Marathi and Trying to learn Gujarati can someone suggest me more like this please 😊,negative,positive,0.005,0.9901
"For this song,  i can just say that, Koik khas , angat, potani vyakti  na pase hova no ahesaas karavtu song😘 Loved lyrics and music and of course the voice 👍",negative,positive,0.005,0.99
Vha bhai kya bat,neutral,negative,0.005,0.99
Patel ni patalai Kay che move,negative,neutral,0.005,0.9899
Aa aakhi series koi download kai rite thase koi keso please,positive,neutral,0.0051,0.9899
Are Vaa Dada Kay Chopping kel tu Aamhala he ase Jamnar nahi Aani Khichadi pen Khup Chan Banvlis tu Halu Halu Purna Svaympak Banvayla shikhshi tu Dada,negative,neutral,0.0051,0.9899
"Hi, tame je ano pulp banaviyo te ketla samay sudhi freeze ma rakhi sakay",neutral,negative,0.0051,0.9899
Jay mogal shakti,neutral,positive,0.0051,0.9899
Aavo bhai sb ko mile❤,negative,neutral,0.0051,0.9899
Maaa to maa se bhai,neutral,negative,0.0051,0.9899
One of the Darkest (koi j matlab nathi aa loko ne lavano )lavari ever,neutral,positive,0.0051,0.9899
hai sonal ma,negative,neutral,0.0051,0.9898
Kal Ho Naa Ho Gaya hai na li aur to the world 🌍🌍🌍🌍🌍,positive,neutral,0.0051,0.9898
"Nice, mara vada ma tel bharai Jay che shu karu",neutral,positive,0.0051,0.9898
Audio song updates karo bhai,neutral,positive,0.0051,0.9898
Bhavana ben right tamara pappa ghar ment kare tyare tame badha injoy karo,positive,neutral,0.0051,0.9898
Jordar Mota Bhai,neutral,negative,0.0051,0.9898
are ap to gaon gye the chatth puja ke liye ap itni jldi a gye kya aur aj to akhri din tha,negative,neutral,0.0051,0.9898
ek like for elvish Almeida bhai su editing kare che baki moj padi didhi🤣🤣👍,neutral,positive,0.0051,0.9897
"Maa mogal ne maa khodal sada Tamara par krupa kare ....
Ne maa sarsvati tamara kanth ma nivas kare....🙏🙏",neutral,negative,0.0051,0.9897
Jignesh Bhai tamaro bov moto fan chav❤❤😢,neutral,positive,0.0051,0.9897
Moj Kari ho baki,neutral,positive,0.0052,0.9897
Jay ho mogal ma ne,neutral,negative,0.0052,0.9897
Jay Maa Moniya Vari Ma,neutral,negative,0.0052,0.9897
Boom Vikram Bhai ni,positive,negative,0.0052,0.9896
"JAY MAA MOGAL 🙏🙏
JAY MAA SONAL 🙏🙏
JAY MAA AAVAD 🙏🙏
JAY MAA KHODAL 🙏🙏
JAY MAA CHAPAL 🙏🙏
JAY MAA RAJAL 🙏🙏
JAY MAA MOMAI 🙏🙏
JAY HO MAA NAVELAKH LOBADIYAVADINI 🙏🙏🙏🙏🙏",neutral,negative,0.0052,0.9896
🙏🙏Jay રામાપીર Ranuja વાળા 🙏🙏,neutral,positive,0.0052,0.9896
Kathor paladi rakhvana ke sidhu mixer ma grind karvu,negative,neutral,0.0052,0.9896
Pela ne jevi Kai maja nahi 😢,negative,neutral,0.0052,0.9896
Description ma mesurment please apo.,negative,neutral,0.0052,0.9896
Vaah jiggraa na song ma kai kevu j na pade saheb...❤❤❤,positive,negative,0.0052,0.9896
So.nice jay garvi gujrat,neutral,positive,0.0052,0.9896
Sarika jay to Tame ani jode na jata Reva dejo tyaa thoda dey bolviy na karta jd bhai c chalala,negative,neutral,0.0052,0.9895
Live che ke Junu?,negative,neutral,0.0052,0.9895
"Vha veera... Khamma tane aai khodal Na ashirvad hamesha banta rey tari upar and safaltani bulandi ne achieve kar.. Charan no Dikro gay ama kai ghate nahin.. N shu te tara nam ne ujaagar kre m jigar (Dil)  thi gay chhe..mataji tari badhi manokamna purn kare.
.Jay Mataji 🙏",neutral,negative,0.0052,0.9895
Naic song sure Jignesh bhai,neutral,negative,0.0053,0.9895
Didi gargi kab aa rhi aap log... Blank face of durga poster,negative,positive,0.0053,0.9895
Meri bahan kal raat ko neend me rone lagi thi ajeeb se awaz aa Rahi thi..phir uske pass bethi me sir pe hath rakhkar tab thodi der baad uska rona awaz niklana band hua ...or usko puchha subah to boli mujhe to kucch yad nhi ki esa bhi hua h kuch,neutral,negative,0.0053,0.9895
Jay sonalbai ma,negative,neutral,0.0053,0.9895
Ben Bahuj Saras Recipe Shikhwadi Ben Bahuj Gami Tamari Recipe 👌👌🙏 U Ben 🙏🌹🌹,negative,positive,0.0053,0.9895
"Hey ma'am ❤️ no words,is duniya main 98%selfish people, humans killing animals for food 😢 always support 💗 ma'am 🤗💯😔",negative,positive,0.0053,0.9895
Aap Manchurian ni recipi banavone,positive,negative,0.0053,0.9894
Jsy ma sonal 🙏🙏,neutral,positive,0.0053,0.9894
Tamara par mogal ma no hath,neutral,negative,0.0053,0.9894
Humlog mango season mein roj khate hai..it's a jain special dish,neutral,positive,0.0053,0.9894
Baadsha to baadsha he..A----'tiger,negative,positive,0.0053,0.9894
In Reality mam to sir➡️aapke khaane me swaad nahi hota💀,negative,neutral,0.0053,0.9894
Rolla To padvana Bhai Na....,neutral,negative,0.0053,0.9893
The beauty of krishnprem <3,neutral,positive,0.0053,0.9893
વાહ ભાઈ વાહ ❤❤ મામા નું song 👌🙏,neutral,positive,0.0053,0.9893
Aaj na program ma moj padi ho,negative,neutral,0.0053,0.9893
Mixi Jaar ma j papad kharo nakho to jaldi mixing thai jay,positive,neutral,0.0053,0.9893
Ma mogal bless you and mogal tamari badhii icha puri kare ane hamesh ni mate khush rakhe ne aagad vadhvani shakti aape mogal ma jay mogal Jay aavad Jay khodal,neutral,negative,0.0054,0.9893
Jaydeep bhai sathe darshakbhai lage chhe,neutral,positive,0.0054,0.9893
Vaah jordaar jignesh Bhai Tamara voice ma dam che hu Tamara song ni divani chu darek song ma back bdhi safadta male tevi pre check god ne oll The Best 🌹🌹,negative,positive,0.0054,0.9893
Bhai chamund manu geet gavone jay chamund ma's🙏🙏,neutral,negative,0.0054,0.9892
Kem ke mitro ne kahevu na pade kemke Tamara mitroj etla che,negative,neutral,0.0054,0.9892
Jey Shree krishna aajno suvichar bhuj saras .,neutral,positive,0.0054,0.9892
Aava aava krishna kanhaiya ho😀😀❤️,neutral,positive,0.0054,0.9892
Are stores ma Talod instant mix yellow colour packing ma 6.te ekdam pyour & haijenik 6 kyare tray karo,positive,neutral,0.0054,0.9892
I am fan bhai,neutral,positive,0.0054,0.9891
Omg the matcha joke was on POINT!!!,neutral,positive,0.0055,0.9891
"""Rishte mein to Ham tumhare baap lagte Hain"" teri Mummy Ne puchi leje😂😂😂😂😂",neutral,positive,0.0055,0.9891
Aye aa to ekdum hit che...! Keep coming.,negative,positive,0.0055,0.9891
Coffee beans ave che😂,neutral,positive,0.0055,0.989
Tame ghee kyu vapro cho,positive,neutral,0.0055,0.989
Humara to kya garmi kya thhand fish 🐠🐟 rice 🍚 to chahiye,negative,neutral,0.0055,0.989
Jay ho Dwarkadhish 🙏,neutral,positive,0.0055,0.989
Jordar jigardan jay ho mogal. ...,positive,negative,0.0055,0.9889
Wow mast hai Mam ❤❤❤❤,negative,positive,0.0055,0.9889
Jay maa mogal Magal hi mangalm,neutral,negative,0.0055,0.9889
Would love to see Aliraza Namdar nd Alia Namdar in the show,neutral,positive,0.0055,0.9889
Ma'am....... I could just feel the Aroma ....when you removed the cover and showing the water.....at last jo flavour aya hoga......👌👌👌👌👌👌👌👌👌 Wo just.......no words to explain......❤❤❤❤❤🌟🌟🌟❣️❣️🌟🌟🌟🌟❤❤❤👌👌❤❤.....itna jyada tasty aur simple bhi.. I will definitely try it and make sure ki mere hafte ke ek ek din ke lunch box me ye add ho hi....Thank you soooo much ma'am 🙏🙏🙏.....aapke video ko dekh kar hi recently maine jowar ka ata bhi khareed liya hai ...uski roti bnane ke liye 😊😊😊😊😊,negative,positive,0.0055,0.9889
Sir Maja ai gayi ti kaale live ma,negative,neutral,0.0055,0.9889
bhavsuuuuu..plzzzzzz.asey chup chap raha maat karo....hame tension  hota hai bohat..agar kuch huya bhi to..haamre saatglha share to karo..😭😭😭..tumhe apne fam page pe varosa nhi hai kya bhavsu?? we love u most....we care for you happiness 😭😭😭😭😭😭.tumko esey dekhte hiye bilkul  bhi accha  nahi pag raha..bolo naa kyaa huya hai.tum saab kuch dlt kyun kardiye😭😭😭😭😭😭😭😭😭😭😓😭😓😭😓😭😓😭😓😭😓😭😓😭😓😭,neutral,positive,0.0056,0.9889
Let's complete the target of 1k comments of this short... Come on #bhavsena#teentigadian,neutral,positive,0.0056,0.9889
"Jai Ganesh 🙏 
Lichi joene khavi eyar nikle che",neutral,positive,0.0056,0.9888
Jai ma sonal ma ne kon kon ❤like Aape,negative,neutral,0.0056,0.9888
9:47 ae height valo camera view first time joyo....saro lage chhe view,neutral,positive,0.0056,0.9888
Te mara mate coffee ☕ kem mangavi 😂😂😂,positive,neutral,0.0056,0.9887
Sandhyaji pan saro effort kare che ghar ni riti niti ne  Sapanaben che,neutral,positive,0.0056,0.9887
Devarshi ne hu insta ma actor tarike nahi ek writer tarikhe j follow karto ane aje prove thai gyu 23 kg ni bag thi bav j mst lakhe bhai ❤❤,positive,neutral,0.0057,0.9887
Sachi vaat che nyc good,neutral,positive,0.0057,0.9887
Jay sonal aai maa💖🚩,neutral,positive,0.0057,0.9887
"Jaydeep bhai !! Just a suggestion!! Please don't use the dark theme in the thumbnail!! Your Family's nature and your nature doesn't go with that theme!! 
Jay swaminarayan!! Just a suggestion!! Don't take it otherwise!!!",negative,positive,0.0057,0.9886
Rat pachi rat na thay ne super star 🌟 ni vat na thay jio bhai 100 sal Big fan of vikram bhai thakor Vijay chavda 💫,negative,positive,0.0057,0.9886
Bhai mara sardi flu ma stopek apy Dolo ya combiflm kyre pan nahi levani kidni par bhari asar avshe pahelato dr pashej javay ane tatri jevu hoy to tav no prakar samjay  ya to sardima adu limbu ane gor ni  tikdi yani choklet banavi garma rakhvani  ne tema mari padar umeri  garm panima umeri sarbat banavi pi leanu garma barko ne pan pivdavay te sarir mate pan bahuj saru chhe 🙏🏻 jay shri krushna 🙏🏻,neutral,negative,0.0057,0.9886
Be suri che pan loko ne game che,negative,neutral,0.0057,0.9886
😊 are bhai kitne kamre Hain😂😂😂😂😂 hamen to ghar ka review do ghar house batao😂😂😂 aapke niche wale Ghar mein total kamre kitne hain😂😂😂😂😂,neutral,positive,0.0057,0.9885
Jay shree krishna sarika aane fageto kevay ane aama fodina na pan nakhi a to bov must lage 6 ane jaydeepbhai kanu a ghana time thi moh maya vali line boli nathi to kejo bole bov must bole 6❤❤❤,negative,neutral,0.0057,0.9885
🙏Jey HARSIDDH ma 🙏,negative,neutral,0.0057,0.9885
Waaaaa Mari vihat,positive,negative,0.0058,0.9885
Kyar ha Tamara update ni wait karta hata..,positive,negative,0.0058,0.9885
Sarika Ben tme therapy lidhi che e vadodara ma che?? Plz suggest,positive,neutral,0.0058,0.9885
mogal ni krupa chhe bhai aapni upar,neutral,negative,0.0058,0.9885
Wah dada mindblowing,negative,positive,0.0058,0.9884
Sharad Purnima kyare che ?,negative,neutral,0.0058,0.9884
Kay filmo say kamai pure nhi padti h jo vimal nam kay jahar ka add karty ho,neutral,negative,0.0058,0.9884
Mai soch hi rhi thi is bar Raksha bandhan me unique mithai banau....aap ne recipe de di unique.....thanku so much di......,negative,positive,0.0058,0.9884
vikram bhai to badsa khevay,neutral,negative,0.0058,0.9883
Paneer isn't available in my country. Is there a way to make it at home? I really wanted to try your recipe. 🙏🏻,negative,positive,0.0059,0.9883
I am shocked nishant is gujju 😅,neutral,positive,0.0059,0.9882
"Jay maa mogal 🙏🙇 
Mataji chadti rakhe tamari jigar bhai 🙏🙏",positive,negative,0.0059,0.9882
Jay Maa Mogal Tame To magya pela Aapi Do chho Jay Jay Maa Mogal... 🙏🙏🙏🙏🙏,neutral,negative,0.0059,0.9882
Tamne aavishe bolvanu aadhikar kone aapyo? Kaya sastro anchya che aa bhaiye? Kya 💰made tya javanu bas.,negative,neutral,0.0059,0.9882
Tame Live avo please,positive,neutral,0.0059,0.9882
Bali chadi gai😂😂😂😂,neutral,positive,0.0059,0.9882
/// JAY /// MOGAL /// MA ///,neutral,negative,0.006,0.9881
Aa Loko na aju baju vada nai hota apde aya thi chokri lay jay toh apdi pela toh baju vadanej khabar hoy 😂😂😂😂,negative,neutral,0.006,0.9881
Full masti bhai,negative,positive,0.006,0.988
Jay Thakor samaj,neutral,positive,0.006,0.988
Kitni sunder murty hai....jyada decoration nahi hai isaliye bappa ekdam se dikhte hai dhundana nahi padata....❤❤❤❤❤🙏🙏,negative,neutral,0.006,0.988
Mogal maa tamne sath aape ane bulandiyo par lai Jay 🙏🙏🙏🙏,neutral,negative,0.006,0.988
wow mara thakoro ni moj,positive,negative,0.006,0.988
Jay sonal aai maa,neutral,negative,0.006,0.988
Aa to kay hatke j 6 ho jiga bhai,neutral,negative,0.006,0.9879
Wah Dinesh  bhai kya suvichar  he,neutral,positive,0.006,0.9879
Ha jignesh barot tamaru song jordar se like Karo share Karo comment Karo,neutral,negative,0.0061,0.9879
Bhai kalim/Bhagirath 👌👌👌,neutral,positive,0.0061,0.9879
Hu zankhava thi j chu😊😊,positive,neutral,0.0061,0.9879
🙏 JAY HO MA SONAL 🙏,neutral,positive,0.0061,0.9879
"Wah, itne dino baad video dala, aur kya video dala, maza aa gaya🤤🤤🤤",neutral,positive,0.0061,0.9879
Mareta kerino ras bharelo chhe ben Tame khaja puri ley femily ne aavijajo 😄😄😄,negative,neutral,0.0061,0.9878
Ganta jevu song amne to gujrati gito ni ma chodi nakhi,neutral,negative,0.0061,0.9878
Ha Maru tahukar no.1..,positive,negative,0.0061,0.9878
Vikarm Bhai ni laavo saru,neutral,negative,0.0061,0.9878
"Aur Maheep ji, meri mummy to sahi hai 😅",neutral,positive,0.0061,0.9878
Jordar vikaram bhi jay babari,neutral,negative,0.0061,0.9878
Om stole the show at last 🤣🤣🤣,positive,neutral,0.0061,0.9877
That guy took the show😂😂,neutral,positive,0.0062,0.9876
Nacho nacho with gunshot was op 😂😂and the ending too😂😂,neutral,positive,0.0062,0.9876
Nice. Hu pn avi j rite ghee banau chu. Pela hu direct malai ne process karya vagar ghee banavti hati. Pn maja Nati avti. Pn aa process thi saru ghee Bane che. Nice video. 👍,negative,positive,0.0062,0.9876
Kya stuffing bana kar store kar sakte Hain kya,neutral,negative,0.0062,0.9876
Gulshan the photographer 😎,neutral,positive,0.0062,0.9876
Mane bahuj game chhe aa bhajan❤❤❤❤,negative,neutral,0.0062,0.9875
"Lavari is fast becoming One-Up man ship game between the 4 hosts.  All of them are in race for “who delivers a punch line”. 

The hosts themselves laugh more than the audience. 

ભાઈલા OM, તારાથી નથી થતું આ કામ. કેમેરા પાછળ production પર ધ્યાન આપ. એ પણ એટલુંજ important છે.",negative,positive,0.0062,0.9875
Medam dahi nahi naakh su too bi idaaa softe thase,negative,neutral,0.0062,0.9875
I have still waiting for New Tahukar Part.... All part are best and this part too good kip it up Kirtidan sir... #Kirtida_Fan,neutral,positive,0.0062,0.9875
"tamaro aavaj jabradast che motabhai
jay maa mogal",neutral,negative,0.0063,0.9875
Ha jiga maro dost ha moj,positive,negative,0.0063,0.9875
Medicine kitchen ma n amukay bahu moto vastu dosh che,positive,neutral,0.0063,0.9875
જાનું ખુશ તો હું પણ ખુશ.. Miss you jaan,neutral,negative,0.0063,0.9875
Is video ko to dekhne se pet hi nahin Bhar Raha😊❤,negative,neutral,0.0063,0.9874
Ganesh ji ki jai,neutral,positive,0.0063,0.9874
"20:38 Lya, tame Gujarati chho ke nai?! 😅",positive,neutral,0.0063,0.9874
Bas kr bhai ab rulayga kya,negative,neutral,0.0063,0.9874
Bhai family ma 4 vyakti chhe to 2800 rupya kyathi lavye ema besva,negative,neutral,0.0063,0.9874
Jay maa mogla Jay mataji jignesh Barot,neutral,negative,0.0063,0.9874
Wow di super tasty yummy 😋😋😋 sach mein aap bahut hi testi banai hai aur bahut hi achcha lag raha hai dekhne mein yah to bahar se bhi achcha hai,negative,positive,0.0063,0.9874
Jay shree krishna 🙏mai bihar se but aapke bhut bdi fan hu aapki song mai sun chuki hu but ek gajl aapka mujhe bhut pasand e drd tune dia. Love you sir,neutral,positive,0.0063,0.9873
Jay Ho Maa... 🙏 Jay Ho Garavi Gujrat...🙏 Happy Navratri...🙏,negative,positive,0.0064,0.9873
haa ame live joine gaya,positive,neutral,0.0064,0.9873
"Wahhh ma'am laajavaab ,,,,",neutral,negative,0.0064,0.9872
"Sarikaben dress material Rinku ben pase hoy chhe,bahu saras chhe,mare pan levu chhe",neutral,positive,0.0064,0.9872
Manan Bhai Idunn apple collect karo chest ma thi Health bar moti thai jase Ane Blood Mead thi Rage bar Moti thase.,negative,neutral,0.0064,0.9872
Bahut galat hua bhai k sath,positive,negative,0.0064,0.9872
Mai bhi banogi is tarike se Ap bahut easy tarike se bana dete ho ❤ thank you for sharing 👍🏻,neutral,positive,0.0064,0.9872
Jay Bharat Mata,neutral,negative,0.0064,0.9871
Hii🎉🎉🎉 maim 💕 kya hal hai simple simple But ap bnati hai to ekdum unique ho jata hai 😊,positive,neutral,0.0064,0.9871
Jay Mataji Gadhviraj Moj Karavi ho Jive Jivo,negative,positive,0.0064,0.9871
"જય મોગલ ચારણ, your voice is osam. તમારા જેવા ભજન ઘણાં ઓછા ગાયકો ગાય છે. માં મોગલ તમને ભજન ગાવા ની શક્તિ સતત આપે એવી માં મોગલ ને પ્રાર્થના.",negative,positive,0.0064,0.9871
Vah baap jiyo jiyo Mara havaj....ha maro Charan veer....vah Maro jigro Bhai...mataji khub agal vadhare Mara bhayla ne ..baap jiyo Mara veer,positive,negative,0.0065,0.9871
Bhai mumbai maa jaine amdavad ni bahu khodi tme to...,neutral,negative,0.0065,0.9871
Ekdam different recipe 👍 yummy 😋,negative,positive,0.0065,0.9871
Kirtidan bapu bapu,neutral,negative,0.0065,0.987
Yhi pyar to hota hai jo dekh ker fir se dobara Jane ka munn krta hai aur wapas aate time bhot bura bh lgta hai.. You are very lucky,negative,positive,0.0065,0.9869
bhai maja to aai pan ketlu lag che yaar love from ahemdabad <3,neutral,positive,0.0065,0.9869
Tame gujrat ni match jova gaya hata ne,positive,negative,0.0065,0.9869
Jiga bhai to havaj 6,positive,negative,0.0065,0.9869
OMG  didi  tamaru Dyan rakjo  maneto vat samdine rdvu aavi gyu take care di ❤️ ❤️,positive,neutral,0.0065,0.9869
Jay Hind Jay Bharat 🇮🇳🇮🇳🇮🇳,neutral,positive,0.0065,0.9869
Aaje khabar thai ke aa gujarati 6e vaahhh 😂😂,neutral,positive,0.0066,0.9869
Jai mata jrani,positive,negative,0.0066,0.9869
Ha moj ha 2v kana ha,neutral,positive,0.0066,0.9869
Ha moz Ha Vikrambhai,negative,positive,0.0066,0.9868
Vikrambhai tamari film 1=patel ni patelay ane thakor ni khandani 2=ek radha ek meera 3=kutumb 4= rakheval Uplord karone plz,neutral,negative,0.0066,0.9868
Waah Dharmesh Bhai,neutral,negative,0.0066,0.9868
Hi di me bhi bhut khati thi barish me bhut achha lagta hai ye emli ka chichka,neutral,negative,0.0066,0.9868
KIRTIDAN BHAI ILOVE YOU,neutral,positive,0.0066,0.9868
1st time Chirayu bhai શાંતિ થી betha😅😅😅,neutral,positive,0.0066,0.9868
Jaydeepbhai hire kating kari do hire na lidhi  tamne nager lagi jayi che. Ok by jay swaminaryan.,negative,neutral,0.0066,0.9868
JÃY VÏHÀT MA,negative,neutral,0.0066,0.9868
Jay mogal aii maa 🙏 🙏🙏🙏 🙏,positive,negative,0.0066,0.9867
Ek maa mogal no j aadhar che ho bhai jay mogal mogal ne mogal j hoy bhai,neutral,negative,0.0067,0.9867
Jordar nice supar @bhai vidio banavo,neutral,positive,0.0067,0.9866
🙏jay mogal🙏 Kirtidan bhai ne,positive,negative,0.0067,0.9866
"For people who are from Kolkata, durga puja is an emotion not just a festival 😊 Ma'am bhi Kolkata se hi hai to relate kr paa rahi hongi.",positive,negative,0.0067,0.9866
Aevo no hoy Masi & Jaydeepbhai aem aetlo badhi swad no aave Keri no khali gotla j dhovana hoy aetle j hoy ne rice j hoy khichdi no hoy Aato su hatu ke gotla pan no jay batal aetle aene doye ne kadhi kari ne navu kadhyu fajeto paka gujrati Samji gaya 😂😂,negative,neutral,0.0067,0.9866
એક બીજાને એન્જોય કરે તે ઓસમાણ mir and કિર્તીદાન ભાઈ ગુજરાત નું ગૌરવ છે બન્ને કલાકાર,negative,positive,0.0067,0.9866
Ha tha di ma ame bnvi ye che,negative,neutral,0.0067,0.9866
Rajvadi chhie ame manbher rahiye YouTube par kyare aavse,negative,neutral,0.0067,0.9866
"I m ready to Google pay you for courier charges and zaro if you can buy and send it to me, thanks",negative,positive,0.0067,0.9865
Waaah Kirtidan waahh jio jio ....🙏Maa mogal hajrahajur Che Bhai ne Happy Navratri All Indians brothers nd sisters Jay mogal🙏🙏,negative,positive,0.0067,0.9865
Super... સરસ..વિક્રમ ભાઇ તમારોતો વટછે..તમારા વખાણ કરીઇ એટલા ઓસાછે..મારી પાસ શબ્દ નથી...,neutral,positive,0.0068,0.9865
OH LOVE U SIR NICE SONG ANE ACTING JORDAR .HAJI AVAJ ALBUM BANAVO....,neutral,positive,0.0068,0.9865
Ager Asia dost mela  to life set hai 😂😂❤,positive,neutral,0.0068,0.9865
Aa git recod kar jo Jay hind,positive,negative,0.0068,0.9865
Handsome actor hope he gets noticed as he was hardly utilised in Dhurandhar except being a sidekick to Maddy but the guy needs to be given more roles,negative,positive,0.0068,0.9864
Ma’am kaha hai aapka ghr ❤❤❤❤,negative,neutral,0.0068,0.9864
Have to jamnagar guy and tcf nu collaboration joiej hoo!!!!,neutral,positive,0.0068,0.9864
Ha tiger boom boom bapo bapo,neutral,positive,0.0068,0.9864
Jaydeep bhai hu tho roj video jov chu hii. Main west loss Kiya 80 ma thi 52 che,positive,neutral,0.0068,0.9864
Jai swaminarayan Sarika is well organised and will manage travelling on her own with the both the kids to Jaipur.,negative,positive,0.0068,0.9864
Ek like Sanjeli thi ❤🎉,neutral,positive,0.0068,0.9864
Va જીગા ભાઈ સુપર સોગ,neutral,positive,0.0068,0.9863
49:33 to 49:44 વાહ ભાઈ તમે ભાગ્યશાળી ખૂબ સરસ બોલ્યા 🎉,negative,positive,0.0068,0.9863
Jay mata ji vikram bhai thakor,positive,negative,0.0068,0.9863
moj Se bhaii moj,negative,positive,0.0069,0.9863
"Kirtibhai aavse to maja aavse
Pan bhai sota marva aviya hoy avu lagyu.
Aana karta to dharmesh sir varo repeat joy levay",neutral,negative,0.0069,0.9862
Finally મેનારાણી ધીમા ધીમા ચાલીને મનમા વસી જ ગયા 👌👌👌👌👌🤘🤘👌Jordar,negative,positive,0.0069,0.9862
aa dandiya kya ramya che...??👌👌,negative,neutral,0.0069,0.9862
Jaydeepbhai kai kam karo cho ke nahi khali vat karo cho 😂😂😂,negative,neutral,0.0069,0.9862
Kritidan sir urs voice is fabulous❤,negative,positive,0.0069,0.9861
"Kedar bhai, this is absolutely outstanding! I had no idea you were such an incredible composer — just as wonderful as you are an Ayurvedic doctor, especially the way you treat patients like me who are dealing with a rare condition like idiopathic pulmonary arterial hypertension (a heart disease).

And on top of that, you’re so hilarious too! Super talented, deeply knowledgeable — truly a rare combo. 🌟",negative,positive,0.0069,0.9861
"Va,, va,, Gujarat hil Gaya",neutral,negative,0.0069,0.9861
"charj , Araj e en dhal pramane reva diyo... sHanskruti j chhe emj reva diyo. ene kavali Na dhal ma saru no lage .. koi pan Ganti Aii ma na upasHak chhe e khab j shari vat chhe.. Aii ma na choru par Aii mogal ni amidrasti har hames chhe j ...",negative,neutral,0.0069,0.9861
Mugalsarai se banaya hua god bless you 🙏 Dwarkadhish tumhari Raksha Karen and hamari channel mat maro swagat chhe❤,negative,positive,0.007,0.9861
Jay thakar Mara veera Jordarrrr,neutral,negative,0.007,0.9861
It was unexpected to play the Start from the bottom game cuz you were at the bottom even you have finished the game🤣🤣🤣🤣🤣🤣🤣🤣🤣in last game video uploaded.,neutral,positive,0.007,0.986
sarika rokay ja chalala amne maja aave che,neutral,positive,0.007,0.986
"5 hours pachi 961 mi like apdi🤣🤣
Manan bhai heart joiye",neutral,positive,0.007,0.986
Ek vedio k liye kitna hard work krna padta h👏🏻👏🏻,positive,neutral,0.007,0.986
Jiga Bhai sikotar ma no git lavo,neutral,negative,0.007,0.986
Worst ka pata nahi..... but best to aap hi ho 😍❤️,positive,neutral,0.007,0.9859
"It's a really good song,❤❤ but why, bro, why do you shoot in 60p ?? Ruin the cinematic vibe and emotion.",negative,positive,0.007,0.9859
વાહ શું ડાયલોગ લખ્યા છે ! અદ્ધભૂત . ખરેખર કે ક્યારેય આવી ગુજરાતી web series નથી જોઈ.😊😊,negative,positive,0.0071,0.9859
Editing ma je ali che 🤣🤘,positive,neutral,0.0071,0.9859
Didi lal chatni banavta sikhvado pizx,neutral,negative,0.0071,0.9859
Tame kya gam thi chho? Speech alag lage chhe,negative,neutral,0.0071,0.9858
Please call Suhani Shah on the show... She brought super pride to our nation in a domain that is quite uncommon. ❤,neutral,positive,0.0071,0.9858
wah kirtidanbhai jai maa mogal,neutral,negative,0.0071,0.9858
"Sandhya variyali ka sarbat sikhana 
Me banati hu par aapki recepie jan ni hee..",positive,negative,0.0071,0.9858
jordaar song ..vikram thakor......mane to song super lagyu .. vikram bhai no vah vah,negative,positive,0.0071,0.9858
JD bhai vlog ma aave pachi vlog ma Jeev  aave cha 😊,neutral,positive,0.0071,0.9858
Blue Eye Gujarati Version,neutral,positive,0.0071,0.9858
"Awesome show Manan Desai and friends. As possible please invite Nitin Desai ( from Tarak Mehta show… he is Patrakar Popatlal’s boss in show ) Nitin Desai is funny with sound knowledge on Gujarati Sahitya. Regards from Denver, Colorado.",neutral,positive,0.0071,0.9858
Jordar mota Bhai,neutral,negative,0.0071,0.9858
Kina acha dance kiya re!,positive,neutral,0.0071,0.9858
Aare deep Bhai hu tapi thi chhu😂😅❤❤❤❤,positive,neutral,0.0071,0.9857
Om santi... bhagvan temna divy atma ne param santi ape.....jay shree Krishna..,negative,neutral,0.0071,0.9857
Sarika is the best  family  member ..jai shree Krishna from California 🙏🏻,neutral,positive,0.0072,0.9857
Aela Doba etali na khabar pade ke gungo bero hoi ene chips na peket ne pani ni botal kem samjanu eye na khabar padi😂😂😂,negative,neutral,0.0072,0.9857
Jay Raja રણછોડ જય દ્રારીકાઢીશ 🙏🙏🙏🙏🙏,negative,positive,0.0072,0.9857
Sav sachu ma ne ketlu thay mara mummy pn same aam j mari chinta krta hoi chhe mara mummy nu name pn bhavna ben chhe hu pn aatli dur chhu canada to ae pn mari rah joti hoi chhe mari chinta krti hoi chhe pure love ❤,neutral,positive,0.0072,0.9857
Ha mara thakor vikram bhai Singer arvind thakor,neutral,positive,0.0072,0.9856
Deep bhai stole the show for me 😅😅 pure goosebumps  moment,neutral,positive,0.0072,0.9856
Surat yaad karavi didhu tame 25 year pahela hu tya hati tyare banavti hati bahuj fine lage che 😋👌👍,negative,positive,0.0072,0.9856
Jordaar ho jignesh bhai,neutral,negative,0.0072,0.9856
"ખેલૈયા-vol-01 singers 
Rupal doshi & kishore manraja બોલાવો",neutral,positive,0.0072,0.9856
Mamnn bhai tmara thi surya namaskar thay?,neutral,negative,0.0072,0.9856
Bhavsu next video kab a rahi hai 🤔😊😄,neutral,positive,0.0072,0.9856
"She sells, sea shells on the sea show 
Amazing tongue twister 😂",neutral,positive,0.0072,0.9855
Breakup wali like kare 💔,negative,positive,0.0072,0.9855
To bhavtu nathi hu parinaben Botad thi kam Cho,negative,neutral,0.0073,0.9855
Jai chhathi maaiya ❤😢🙏💐,neutral,negative,0.0073,0.9855
Maro bhai mari ben bolo chho ne to mst lage chhe hu pan have mara bhai ne pan aavuj bolu chhu maro bhai,neutral,negative,0.0073,0.9854
Bhai ne malva javano chu me !!!!!Rajkot ma,negative,neutral,0.0073,0.9854
"ફેકી દયો ગાલીચો
Infection hoy ema
Bacteria thai gaya hoy",negative,neutral,0.0073,0.9853
Ha mar Jignesh Barot ha,neutral,negative,0.0073,0.9853
Chelli ketlik lavari ma to veth j utari chhe TCF e. Amuk ne to parane bolavya hoy evu lage,negative,neutral,0.0073,0.9853
Vah jignesh bhai...... Moj... Kari,positive,negative,0.0074,0.9853
Editing Elvis bhai nu nathi lagtu..Mananbhai bring Elvis Back..matlab not bad editing but not like Elvis e ekdum awesome level e hoi che,negative,positive,0.0074,0.9853
Mast bhai thakor,neutral,negative,0.0074,0.9853
VAH. Kirtldan. Ji Bahu Saras garbo. Music. Party. Pn. Superrr Akho Garabo. Sunao ji Bangalore👏👏👏👏👏👏🙏🙏🙏🙏🌺 1:19,negative,positive,0.0074,0.9853
🌹🌹Jay machrali mogal maa🌹🌹,positive,neutral,0.0074,0.9852
Ama cobi Kya chhe,positive,neutral,0.0074,0.9852
Jay shree visahatmaa,neutral,negative,0.0074,0.9852
So honest! Loved it when he says tame ghare jayine vaato karjo Atyare mane kem bolavyo?😊😅,negative,positive,0.0074,0.9852
So so so nice jay gajanad....💐💐💐💐💐💐😊👌👌👌👌👌👌,neutral,positive,0.0074,0.9852
"Mem tame hamesha nava nava idia use Kari ekdam yammy recipe share Karo chho. 
Khub khub dhanyavad mem.",neutral,negative,0.0074,0.9852
U both & Vishal also always my favorite ❤❤❤❤❤❤but now I feel sad for Vishal plz 🙏 aap dono vishal ji ko insaaf dialo,neutral,positive,0.0074,0.9852
Hair cut karavo bhai Patel khandan ma na saru lage ba dada ne dil thi puchi jojo saru lage che ke nahi & shav pan nani rakho bahu smart lagse tamari personality pramane think about khotu lage to i am sorry I enjoy your vlog everyday,negative,positive,0.0074,0.9851
Sunny bhavsar no video km nahi aavto,negative,neutral,0.0075,0.9851
🚩 Jay Ma Sonal 🚩 🚩 Jay Ma Mogal 🚩,neutral,positive,0.0075,0.9851
"Hello, jay Shree Krishna. Ame tmara vlog korona time thi joye chhe. Aje me 1st time comment kri.tmara. Video mathi ghanu nvu janva male chhe jemke resipy,travel ane most important family bonding.tema bhavna masi no savbhav bov saro chhe. Masi sarika ane Sandhya ne sari rite rakhe chhe aetle ghar ni laxmio khus to parivar khus.jay Shree Krishna",neutral,positive,0.0075,0.9851
Amee too vlgg jota jotaa vichari ae che keee bataka ni wefer kevi rite karisu savareee amer modi thi fark nyyy padtooi amnee 😂😂😂😂😂😂😂😂😂😂😂😂,positive,neutral,0.0075,0.985
"Goras Aamli na seeds peel karine pachi under brown colour nikalvo joie
White na thavu joie
Evu ame play karta hata",negative,neutral,0.0075,0.985
jai maa bhavani 🙏🙏,positive,negative,0.0075,0.985
Ha moj bhi dosti no1,positive,negative,0.0075,0.985
Gash Bhai kona cha,negative,neutral,0.0075,0.985
Ha mojjj haa sueprb sirr 😀🤞🤞,negative,positive,0.0075,0.985
Koi chokri hoy to SATUBHA NE KEJO NE 😅😅,negative,neutral,0.0075,0.9849
Ha tamari dosti Bhai moj moj,negative,positive,0.0075,0.9849
Air fryer Mai cake banate waqt cake upper se cook ho gya but beech mai se kacha rehe jata hai to kya kare?,neutral,negative,0.0075,0.9849
Vote for કિંજલ દવે અને  તેનો પતિ (જોજો) એપના Founder Dhruvin shah,neutral,positive,0.0075,0.9849
Kon kon reel jovani movie jova aaya che 😂😂😂,positive,neutral,0.0075,0.9849
Ye to main bhi karti thi😃😃,neutral,positive,0.0075,0.9849
Tame.   Surat  thi 6o ?,positive,negative,0.0075,0.9849
Please mane koi keso aa full movies sana malse,negative,neutral,0.0075,0.9849
"Superb 👌👌👌 
Hu jyare pan bharela parvar banavu to tamara rit thi j banavu chu 
Ne ghar ma pan badhane bahu bhave aa rit thi banavu to
Season ma banavi j devanu",neutral,positive,0.0075,0.9849
"8:13 ""Alya Pappa chhe neee "" 🤣🤣🤣",positive,neutral,0.0076,0.9849
Kirtibhai bhuj namna melvi hve sonal ben sathe rho ane pan bhagvane jindgi api che pati sivay nakamu che bhuj tyag apiyo sonal bene,neutral,negative,0.0076,0.9849
Mashallah mashallah Allah bless you please reply me please bhi 🙏🏻🙏🏻🙏🏻hume aap se baat karnar hai,positive,negative,0.0076,0.9849
Manan gta v online ramvi hoi ke je hiest karisu !!,positive,neutral,0.0076,0.9849
Jay Ho Charan,neutral,positive,0.0076,0.9848
Mara thi na thiyu....mari bey kidney fail chhe aetle kadach body week thai gye balance nathi retu,neutral,negative,0.0076,0.9848
Jay hol hinglaj ma,neutral,negative,0.0076,0.9848
Waiting eagerly for it @Priyansh. Jay Mataji.,negative,positive,0.0076,0.9848
Varsad nu karone .. devbhumi dwarka ma varsad j nathi 🤪🤪 Vavajhodu may gayu 😅,negative,neutral,0.0076,0.9848
Kiya coconut talko skip kar sakte hain,neutral,negative,0.0076,0.9848
It's to good,neutral,positive,0.0076,0.9848
Ajj Surat aur chala Do no video Deke Bahut Maza,positive,negative,0.0076,0.9848
Wah mara havajo ha,positive,negative,0.0076,0.9848
Jay mogal i,positive,neutral,0.0076,0.9847
Aap to best hai 😊,neutral,positive,0.0076,0.9847
The last joke though 💀,neutral,positive,0.0076,0.9847
Ha bhai Mojj jiga,negative,positive,0.0077,0.9847
Bau saras movie chhe Joine mann fresh thai gyu 😊🌸👍🏻👏 Better storyline as compared to today's most of the bollywood films 😅,neutral,positive,0.0077,0.9847
Khub khub sars gayu che song man hadvu thay jay Jay ma mogal,positive,negative,0.0077,0.9847
Su vadodara vasiyo sudhi aaa paisa pochse .. PochDo to kejo baki koi trust uper trust nathi rahyo #united way of baroda,negative,neutral,0.0077,0.9847
"Sarika ke bina suna- suna lag raha hai Sarika rahti to aur achcha lagta.....
Party bahut achcha raha jay shri krishna 🙏🙏🙏🙏🙏",neutral,positive,0.0077,0.9846
Mathiyano lot kai rite tayar karvano e pan batavao plis👌👌👌,positive,neutral,0.0077,0.9846
Jay ranchod ray,neutral,positive,0.0077,0.9846
Sweet sweet icecream 🍦 banavyo che tame.... jarur thi banavish 👌🏻👌🏻,neutral,positive,0.0077,0.9846
Tahukar all hits jay chamuda ma,positive,negative,0.0077,0.9846
Hum lig ker bolte he uska achar bante he,positive,neutral,0.0077,0.9846
Koi itna pyaara kaise ho sakta h🙈🥺,positive,neutral,0.0077,0.9845
7:30 ae Deep Dhurandhar no kaik reference ape che but vo raaz raaz hi reh gaya 😅,positive,neutral,0.0077,0.9845
Bahut aavaj hato,positive,negative,0.0077,0.9845
Kharekhar koi javab nathi madam tamaro... Thx,positive,negative,0.0077,0.9845
Jay sonal aii maa 🙏🙏🙏🙏🙏,positive,negative,0.0078,0.9844
RAM Ram is,neutral,positive,0.0078,0.9844
Jay mataji dharmesh bhai,positive,neutral,0.0078,0.9844
Ha King sertha king ha boom bomm,negative,positive,0.0078,0.9844
"You should have let viral bhai speak more instead of reeva , she's so annoying and arrogant, honestly ruined the episode bcoz of her",negative,positive,0.0078,0.9843
Bhai Tamari To Boom J Hoy💥😎😎😎👌👌👌👌👌👌👌,negative,positive,0.0078,0.9843
Chatake dar n teasty teasty 👌🏻 panipuri style pramane mamra banavya che 😋😋😋👍🏻👍🏻👌🏻👌🏻👌🏻👌🏻,positive,neutral,0.0078,0.9843
Abhi mai salad hi kha raha hu or apki lovely video aa gai😂😂,negative,positive,0.0079,0.9843
Yeah tali hui gwar phali ko kadi khichdi k sath fry karke khao aapko maza aajayega. Awesome combination hota hai yeah,neutral,positive,0.0079,0.9842
Chokha ane dal sekvanu shu karan,neutral,negative,0.0079,0.9842
"Jaydeepbhai, huge kudos to you and Sarika for changing the family mindset around healthy food. The results speak for themselves—everyone looks so fit this year! Teaching the kids these habits early on is fantastic. While I usually don't post online, your vlogs make us feel so connected to your journey. I also hope your sister takes inspiration from you to build healthier habits. Her children have access to wonderful resources and facilities, and with a bit of parental encouragement to join sports, they could stay active and healthy too.",negative,positive,0.0079,0.9842
Sir youtube ma game video upload mate su karvu ?,neutral,negative,0.0079,0.9841
Hii vikram bhai,positive,neutral,0.0079,0.9841
Sab khake kal phir jaaungi gym😂,negative,neutral,0.008,0.9841
Waah.... Kirtibhai Ni Moj As Always.....,positive,negative,0.008,0.9841
VA kirtidan Bapu Jay mogal,positive,negative,0.008,0.9841
Mujhe bi pasand h didi,neutral,negative,0.008,0.9841
MAA AA MAA ❤🙏🏻🤗,positive,negative,0.008,0.984
Jordar mara vala bhai,neutral,negative,0.008,0.984
What is the game name,negative,positive,0.008,0.984
Patli ho gai hai,negative,neutral,0.008,0.984
Hu amj banavu chu,neutral,positive,0.008,0.984
"Huu ye to really bhut easy hai ,mai to bnaungi, thnk u mam❤",negative,positive,0.008,0.984
Jay shree Krishna enjoy first mumbai amchi mumbai hu pan mumbai ma rahu chu hu every day vlog jov chu vlog jota hasi chut jati hey always reality moje moj roje roj 🎉🎉🎉🎉🎉❤❤❤❤😂😂😂😂,neutral,positive,0.008,0.984
"Good recipe, but not “instant” You have to soak the daal.",neutral,positive,0.008,0.984
Jay ma sonalma,negative,neutral,0.008,0.9839
Bade achche se bataya,neutral,negative,0.008,0.9839
"I think, tame besva mate bench na badla ma sofa rakho  celibrity jajo time besi ne thaki jase ......😅",positive,neutral,0.0081,0.9839
Ha ranchod rangila ha,neutral,negative,0.0081,0.9839
Sunny bhavsar no  episode kyare aavse youtube par?,positive,neutral,0.0081,0.9839
"Are you from vadodara, Gujarat 👀",neutral,positive,0.0081,0.9839
Jiga bhai na video game tene ghayal kari nakhe ho baki,negative,neutral,0.0081,0.9838
Jai Maa Sonal♥,positive,negative,0.0081,0.9838
Jay Ma Suraj,positive,neutral,0.0081,0.9838
Bhai to gujarati nahi he ya tho tuje gujarati nahi aati,positive,neutral,0.0081,0.9838
Didi mujhe aapse baat karna chahti hu,neutral,negative,0.0081,0.9838
Jsk Aje modi ji Amara coimbatore  ma avya che modi ji ane Amitshah  banne avya hata  4pm,positive,neutral,0.0081,0.9838
Ravo ghauma thi bane!,neutral,negative,0.0081,0.9838
"Ane ek khas comments bhavna baa mate k vate vate sandhya ne down na karo. Sarika pn ahi avi ne j sikhi hase .,bdhu pehle thi koi shikhi ne naavyu hoi..pn jyre vat sandhya ni ave atle bhavna masi ek moko chhodta nathi kevano ...evan keri no dabo nakhvani vat pn sikho sasu pase thi ne jethani pase thi...e kevani jarur nathi.. bov j sari che sandhya k bdhu hasta modhe sahan kare che ...ane hji navi navi che ane pn 5 varsh no samy apo ..sarika ni sathe compair na karo...ane pn samay laguo che ahi sudhi pochvama ...jara dhyan rakhjo hardik bhai nu ghar vasva dejo.. khas bhavna masi ne jd bhai",negative,neutral,0.0081,0.9837
jai chhathi mata 🙏❤️,positive,negative,0.0081,0.9837
1  1 git par 1 comment karvanu man thay ho vala🤑,neutral,negative,0.0082,0.9837
Mam bahut hi mast,neutral,negative,0.0082,0.9837
Vah Bhai vah Vali Radha ho,neutral,negative,0.0082,0.9837
"Nacho ne naga Thai ne ek vaar , tamari j Chanel che 😂😂😂ame joisu don't worry 😂😂😂😂",neutral,positive,0.0082,0.9837
Mummy theli mathe vastuo kharide che  🤣🤣🤣,positive,neutral,0.0082,0.9837
હા વાંસળી વાદક ભાઈ.. @bansiibaaz,neutral,positive,0.0082,0.9836
Yrr tme loko vlog hve bappor sudhij banavo cho akho divss kem nai🥺🥺🥺🥺,negative,positive,0.0082,0.9836
King only vikram bhai ha lion,negative,positive,0.0082,0.9836
"I'm huge fan of lavari show 
Abhi tak ke sab episodes mast rahe
Lekin Itni talented guest ko
Bula kar itni bakwas conversation karna ,,, expected so much from this episode,,, u guess ruined the whole experience,,, this could be one of the best episodes of lavari,, but u guess missed it,,,
Chirayu stopped manan from praising devki ma'am,,, that is the worse thing anyone can do with the guest 👎👎👎👎👎👎👎👎👎👎👎👎👎",negative,positive,0.0082,0.9836
Ye kya tha ma'am 🤗🤗,positive,neutral,0.0082,0.9836
Main apki acting dekh kar speechless ho jata hu,positive,negative,0.0082,0.9835
So cute Bhai,neutral,positive,0.0082,0.9835
Mst Jigar bhai Kassu nahi ghate ❤🎉,positive,neutral,0.0082,0.9835
Kai no khate,neutral,negative,0.0082,0.9835
Tamaru “Dakor na Thakor Boh fine hatu evu song lavo kai,neutral,negative,0.0083,0.9835
"Give hezu more water.grow coriander,aavacado,almond tree,guava tree,jambu,shetur , spinach,methi,surti papadi ,mashroom . Cute Kano",neutral,positive,0.0083,0.9835
Mam aapki ye recipe dekh kar muh mein paani hi aa gya main aaj hi isko jarur bna kar try karungi 😋😋♥️ aap sab cheeje bahut achha banati h 😋😋,neutral,negative,0.0083,0.9834
Jay somanath Jay mogal bhai,negative,neutral,0.0083,0.9834
Sarika ben tame daya na role ma chalo am cho sachu tmkoc ma trp top y jai 😅❤lots of love from bhavnagar❤,neutral,positive,0.0083,0.9834
gujarati garba atle kirtidan gadhvi vagar to moj j adhuri,neutral,positive,0.0083,0.9833
Tame bav time pachi video mukyo?,negative,neutral,0.0083,0.9833
JAY HO AAI SONAL MAA❤,neutral,positive,0.0083,0.9833
1 inch varsad ma ho ho ho ho ho Thai chhe to 80 inch ma su thay😂😂😂😂😂,negative,neutral,0.0083,0.9833
Papa hamesa sachachoy che,negative,neutral,0.0084,0.9833
"Jay vihot maa ,,,,,ashok devi pujak",positive,negative,0.0084,0.9833
Muh m pani aa gya mere to 😊,neutral,negative,0.0084,0.9832
Biju badhu theek pan chammach plastik ni che e na vapro,negative,neutral,0.0084,0.9832
🎉kirtibhai ni slahthi juvaniya sidhe rahte chalv lgiya che chuta cheda ocha thay gya che,negative,neutral,0.0084,0.9832
the number of times I have seen the parts with Ojas and especially his singing is unhealthy....why is he so cute...why why...his expressions during the butter conversation are epic and reminded me of Taehyung 🤩,negative,positive,0.0084,0.9832
Jay.chamunda. Jay. Mahakali. Golathara. Baldevji thakor,neutral,negative,0.0084,0.9832
"I watch your vlogs daily and love how Sarika keeps everyone together But  wanted to
share about your comment on Adivasi. The world is changing fast - Adivasi communities today have doctors, engineers, IAS officers, teachers or even current President of India  Droupadi Murmu comes from Adivasi community. They're doing really well across all fields.
As an influencer with so many people listening, your words carry weight. Love the family content otherwise!",negative,positive,0.0084,0.9832
Moj Guru-Chela ni..... Jay Ranchod🚩,positive,negative,0.0084,0.9832
Mama to mama j che 😂 ekdum jolly person,neutral,positive,0.0084,0.9831
Vah Kirtidan Bhai Tame to Vadvan charan cho hu Rabari chu 8401913138,neutral,negative,0.0084,0.9831
Very bad રામાયણ નો જે સીન છે તેનાથી હિન્દુની લાગણી દુભાય છે,negative,positive,0.0085,0.9831
Vegad khali dayro j vagadta avde che em ne.😂😂😂😂😂,negative,neutral,0.0085,0.9831
Shejwain no masalo nathi malto,neutral,negative,0.0085,0.9831
Ala tu to manas 6e ...aa garba nu title api ander gum nu album 6e.. Saram namni vastu 6e ke nhi,negative,positive,0.0085,0.9831
Wow mam kya baat hai SAS Bahu ki Jodi mast hai❤❤🎉🎉😊😊😊,negative,positive,0.0085,0.9831
ha vikram bhai ha vat to tamari ho,positive,negative,0.0085,0.9831
Coffee kem mangavi ❤,positive,neutral,0.0085,0.983
Jay hind sir......,neutral,positive,0.0085,0.983
Jay maa mogal 🙏jay maa sonal 🙏,positive,negative,0.0085,0.983
"Bhavin Bhanushali Our multi-talented boy.  
1. An actor - He has done many music videos, tv shows, advertisements, movies , webseries and his all characters are totally different from eachother and he always give justice to his characters. A versatile actor who can portray any character gracefully.
2. A singer - he is an amazing singer. I just love listening to his voice its magical.
( Bhavin recorded two songs and I wish he announce its release date soon.🙈 
3. A writer -  he writes so beautifully. His #babatalks are so meaningful and it always gives motivation to us. 
( He also writes songs)
4. A dancer - He is a fabulous dancer. ( I don't know why bhavin call himself a non-dancer. )
 What's more, he is good at cooking. (his mad Maggie😋) is very famous.
He is an animal lover, nature lover, a pure soul who always try his best to help others
.he is an Inquisitive person who always want to learn new things.
 He is a creative person who always try to do something unique .
He is a good son, brother and friend.
He is a best idol. 
I stan the best person, thank you bhavin for being real. We love you.❤️",negative,positive,0.0085,0.9829
Ga ma che te khoto h na pade he is most important to us and ❤❤❤😂😂,neutral,positive,0.0085,0.9829
"Jay shree Krishna 
Bs jigra hi jigra ho",neutral,positive,0.0085,0.9829
Jai Mataji. Jai jalaram bapa,neutral,positive,0.0085,0.9829
"Jay Dwarkadhish 🙏🏻
tame badha ketla practical cho ae sikhava jevu che badha ne 👌🏻🧿
are Jaydeep bhai aaj to tame marvadi chokara jeva lagta cho kan ma buti hairstyle shirt pan aevo 👍🏻",negative,neutral,0.0085,0.9829
Ji ma'am ❤,neutral,positive,0.0086,0.9829
Hats off to the people who are working hard really hard for us bhavsena and teentigadians... Dil se thank you to all,negative,positive,0.0086,0.9829
Prem hoy to arvo jiganesh bhai,positive,negative,0.0086,0.9828
Mogal ma ni Krupa Asim se,neutral,negative,0.0086,0.9828
Bav j kyut chhe git❤️,negative,neutral,0.0086,0.9828
jay somnath jay kedareswar parvati maa,neutral,negative,0.0086,0.9828
Only Gujarati movie I like,neutral,positive,0.0086,0.9828
Jay ma vihat saunu bhalu karo ma,neutral,negative,0.0086,0.9828
kush shah kon chhe ? odkhan to aapo ? darek guest mate ?,neutral,negative,0.0086,0.9828
Hji oshaudeshe bhai,negative,neutral,0.0086,0.9828
Vah kirti dan bhai,neutral,negative,0.0086,0.9827
Aa 29 dislike vada ae moorakha che je saru sangit koinu dekhi n ske jigar bhai jordaar tme tmara ava song bnavta rho bhale hifi shoot ny ghre besi ne gme tya  pan fan mate aava song apta raho,positive,negative,0.0086,0.9827
"Bathroom extend karine saras big banavi do ne
Whole Bathroom renovate karavi do 
Tamaro Room big che ne
Etle adjust thai jai.",neutral,positive,0.0086,0.9827
Nice long garba ! Ha jignesh bhai ni moj,neutral,positive,0.0087,0.9827
Kirtibhai ane Sagar sivay na tamam co. singers ne change karo Ajay Bhai Loriya.,neutral,negative,0.0087,0.9827
Hardi k ne sandya akdam sidha chhe.,positive,neutral,0.0087,0.9826
Jones bhai vah rola pade. Super hit song jigabhai aava song banavo. Jigabhai tamaru koi bi git song hit and dabal superhit hoy che. Vah jigabhai tum jiyo hajoro sal.,neutral,positive,0.0087,0.9826
કિર્તીભાઇ 'महिषासुरमर्दिनि स्तोत्रम् : अयि गिरिनन्दिनि' આવીજ રીતે recreat કરોને નવરાત્રી પેલા..........,negative,positive,0.0087,0.9826
saheb navu lavo ne a ghani var sambhalyu,positive,negative,0.0087,0.9826
Vary nice vikarm bhai,neutral,positive,0.0087,0.9826
ane tmra badhaj geet nu Audio Version pn upload krta rejo jethi dialog na sambhdva hoi to song na lyrics sambhdi sakay thank you jingneshbhai.. keep it up and i am very exited for love song in your good voice. Anil Gohil,negative,positive,0.0087,0.9826
Badshah ne begam hoy Raja ni Rani hoy,neutral,negative,0.0087,0.9825
Garv che Mane mara Gujarat na ladla Bhai upar Gujarati git ne navu swarup aapyu che,positive,negative,0.0087,0.9825
"Popular fjeto recipe Che. Often I make India my childhood. 
I like. 
I don’t use butter milk 
I use water.",neutral,positive,0.0087,0.9825
Tik tok ma jova mate @all_gujrati_singers_song,neutral,positive,0.0087,0.9825
Bav game che video jova mast❤,positive,neutral,0.0088,0.9824
જય hoo બાપુ,neutral,positive,0.0088,0.9824
"Government na Water Tanker kya che 1,2 time pani to apay nae pani ni jarurat to puri thay janta ni.",negative,neutral,0.0088,0.9824
Jay swaminarayan bhavnamasi. Tame sandhya ne kitchen ma aavya kem nathi deta,negative,neutral,0.0088,0.9824
Ek number se ho bhai,neutral,negative,0.0088,0.9824
Jova ni maja nahi aav ti jo kd bhai hot to aavo t,negative,neutral,0.0088,0.9824
Vah vah su aavaj cha sambhdi ne man ne santi malya 😍😍😍😍,neutral,negative,0.0088,0.9824
Aa freeze ma mukvano,neutral,negative,0.0088,0.9824
Vikrambhai and Jitubhai mja aavi gai,neutral,positive,0.0088,0.9824
Maa mari koldavi vihat❤Maldi❤❤🙏🙏😍🥰🤗🤗🔥❤️,positive,neutral,0.0088,0.9823
pta nahi log aise channels ko q nahi support krte  h great bhai amazing,neutral,positive,0.0088,0.9823
Kabita Didi soup ki recipe Main Apne channel per Banakar Dali thi bahut testi banaa tha,neutral,negative,0.0088,0.9823
Water nu map kjo NE ktlu nakhvanu2cup hoy to 4cup nakhvanu,negative,neutral,0.0089,0.9823
Vibernt MA Avo cho kirtidan Bhai,neutral,negative,0.0089,0.9823
I Jay Mari Vali Ma Mogal 🙏,positive,neutral,0.0089,0.9823
Jay shree odhavram bapa 🙏🙏jai ho odhavram ni 😍❤,neutral,negative,0.0089,0.9822
Majboot song se,positive,neutral,0.0089,0.9822
Khamma mara kirtidanbhai gadhvi ne ghani khamma....🙏🙏🙏,neutral,negative,0.0089,0.9822
Jeni maa n hoy aenu koi n hoy bas aaj sachu btha kevana j hoy mne aa anubhav che,negative,neutral,0.0089,0.9821
Haa mara Thakor,neutral,positive,0.009,0.9821
Ice cream nu machine ave che kothi ice cream mate pele ane fridge ma muki devanu container pachi ama ice cream better nakhi god fare atale ice cream jami jay,positive,neutral,0.009,0.9821
Vah bhai vah 🙏Jay sonbai MA🙏,neutral,negative,0.009,0.982
Amne to badhane jaydeep bqv j game che❤,neutral,positive,0.009,0.982
Aa movie nu name,neutral,negative,0.009,0.982
Aama aa gan no hool aatalo na no kem છે,negative,neutral,0.009,0.982
Welcome Krishna Gadhavi.. Gujarati Music no Next Supar Star..👍🌟🌟🌟🌟🌟,negative,positive,0.009,0.982
Kd bhai kya 6e,positive,neutral,0.009,0.982
Ane frij ma muki sakay frij ma ketla divas chale,neutral,negative,0.009,0.9819
Jiga Bhai aa geet boom padav se,neutral,negative,0.009,0.9819
Bhumi didi ne kyo tamari ghare. Rokava ave maja avse 😊,positive,neutral,0.009,0.9819
Jay Ho MAA mogal MAA Khama Kare tane vala vagh 🙌🙌❤️,neutral,negative,0.009,0.9819
Kaviraj bapu mast bhai bhai,neutral,negative,0.009,0.9819
Listening to this song on loop,negative,positive,0.009,0.9819
"Jaydeep bhai garadan , thichan ae tran axara nu che",positive,neutral,0.009,0.9819
Gjb song bhai miss you,neutral,negative,0.0091,0.9819
Duniya chode saath ... Potana chode haath .. Pan maaro dwarka vaado sukhma chode pan dukhma kyaare nay chode haath .....🙏🏼🙏🏼🙏🏼🙏🏼🙏🏼Jay shree krishna..,negative,neutral,0.0091,0.9819
કોના માટે હવે અમે તૈયાર થઈ ફરશું શોખ બધા સોડી દીધા ઠાઠ નઇ કરશું Nice line 👌,neutral,positive,0.0091,0.9818
#કાયદેસરના_રોલા_પડે_હો_ ❶ #SμҎԑяβ ❷ #KḮLLԑℽ ❸ #Aѡễʂǿℳԑ ❹ #ʑẚβдℽḊλʂℾ ❺ #FễβuLous ❻ #ℳẚℚβØǿL ❼ #ℳαsτ ❽ #RØyдL ❾ #SԋẚηɖДдℽ ❿ #Beαutiful ❥━━━❥-🇼🔵W❥━━━❥ kinjal,negative,positive,0.0091,0.9818
Deepbhai just stole the show🎉 absolutely fab🥳🧿,neutral,positive,0.0091,0.9818
Check out the frozen shoulder,neutral,positive,0.0091,0.9818
salute che Osman Mir and Amir Mir ne 🫡🫡 without any background instrumental tamaro avaj adbhut che ane aa ja avaj aapda gujarat mate aek gharenu che 🔥,neutral,positive,0.0091,0.9818
Ha Bhai jorad,neutral,negative,0.0091,0.9818
Cafe ni vatu sambhalvani bov majja avi 😂😂😂 Masi to mayabhai ni Jem vatu kare chhe 😅😅😅😅😅 i love 💗 Masi 😅😅😅,neutral,positive,0.0092,0.9817
Jay Suraj jogni maa,neutral,negative,0.0092,0.9817
Hu pn mara piyar  thi avu tyre thela jaja  lay ne avu,positive,negative,0.0092,0.9816
Hardik prajapati Gandhidham (kutch) Lilasa nahar kutch kala Jay ma ambe 🙏🛕Jay mogal 🙏Jay zopadi maa🙏,negative,neutral,0.0092,0.9816
tame LLB nu kai kidhu nai jaydeepbhai,positive,neutral,0.0092,0.9815
Aje tmara mummy seat belt pherta hta tyare mne mara sasra ni yad avi gai ..jyare ame new gadi lidhi hti tyare aemne pan belt pherta nhotu favtu aetle hsta hta tmari mummy ni jem.atyare ae amari sathe nthi pan thank you so much jaydeep bhai tmari mummy ne belt pherta joi ne mari akho ma ashu avi gya fari aek var hu ghana time pchi ae juna divsho ma pachi chali gai ...❤,neutral,positive,0.0092,0.9815
Jor song bhai bhai,neutral,negative,0.0093,0.9815
7:11 Literally Pol nu ghar chhe,positive,neutral,0.0093,0.9814
Bhai juna sog muko Plzz vikaram bhai,neutral,negative,0.0093,0.9814
bounty peda shikhvado mithai ni dukaan ma male chhe teva,negative,neutral,0.0093,0.9814
Ato dudhi Halvo chhe madam!!!,negative,neutral,0.0093,0.9813
Darbar mari vat ne majak na samajta,neutral,negative,0.0093,0.9813
Jay ugamna ordavali,negative,neutral,0.0093,0.9813
Manan Bhai aap humare liye bahut hi jyaada viral ho 😅😅🤘🤘,neutral,positive,0.0093,0.9813
"Ankit bhai ane laala ni akhi team mate maro aa msg chhe ke tame kharekhar bov saru kaam karyu chhe aavu movie banavine ,  ame village ma rahiye chhiye ane aaya koi ne bov etlu na hoi movie jova javu k evu kayi aaya na youngsters pan bov j ochha amuk taka j hase je movie jova jaata hase but tamara movie ma khabar nayi evi to su shakti chhe ke aayanaa youngsters to thik pn moti umar na vadilo pn jova mate jay chhe❤, 

mari mummy e kyarey theatre joyu pn nathi ane me pan khali ek j vakhat joyule chhe, mara mummy ne kyay baar layi java kaam sivay e imposible jevu j hatu, but emne me khali ek j vakhat puchhu laalo jova mate javanu ne emne direct haa padi didhi😮, mane haji believe nathi thato ke mara mummy film jova mate ready thayi gya me kyarey sapna ma pan natu vicharu k hu mari mummy sathe kyarey movie jova jays because e kyay javama raaji j na thay, ane eni jeva j mara ek fayi pan chhe e pn bov moti umar na chhe pan aaje movie jova mate gya chhe, 

Aa aapda shree krishnaji🙏  ni j krupa hoi sake je public ne atract kari rahi chhe, gamdaa ma pn city jetlo j utsaah chhe laalo movie jova mateno.।।। 

Aavi j movie loko mate pirasataa rehjo je family sathe jovay. 

Tamari mehnat ni amne kadar karine theatre ma j movie jova jasu bije kyay free ma made to pan nayi jovani. ❤ 

god bless you all and love and respect from porbandar ❤",neutral,negative,0.0093,0.9813
Jay ma madhla vali ma sonal ne Super Ho Jignesh barot Moj tari 🙏🙏🙏,neutral,positive,0.0093,0.9813
Tame bolya a sauce na bedla ma bijo keyo sauce levay ple aneaser ❤,negative,neutral,0.0094,0.9813
Om hamdathi shu khay ne aave che 🤣😂🤣,negative,neutral,0.0094,0.9813
Plese upload utube full movie this gujarati fullovie in h d hu iqbal હૂ ઈકબાલ,negative,positive,0.0094,0.9813
Aap ne fitkari nahi daali,negative,neutral,0.0094,0.9812
"Gor ma ki puja achi lgi ghar bethe 
 Acha laga.",positive,neutral,0.0094,0.9812
Kavita ji kacche pani vale nariyal ki malai se banne vali recipe bhi share kar dijiye plz,neutral,negative,0.0094,0.9812
Bhai mane Tamara all song joiae chiae,neutral,positive,0.0094,0.9812
wah Kirtidan bhai JAY MOGAL,neutral,negative,0.0094,0.9812
"Bye bye take care jai hind jai bharat jab bolte he tab achha nahi lagta kyuki vlog end  ho jata he 
Bhumi di aye tab 2-2 vlog rakhna ya fir live aana🎉🎉",neutral,positive,0.0094,0.9811
Manan bhai more like Ghunghru Seth while the serial killer scene going on 😂,neutral,positive,0.0094,0.9811
"Ghana time pchi fari thi aakhi lavari enjoy kari….aava talented loko ne vdhu lai aavo maya bhai aahir , kirtidan gadhvi",negative,positive,0.0094,0.9811
Sars vikram bhai,negative,neutral,0.0095,0.9811
Jiga Bhai Na ghayal aashiko mate 1 like jaroor karjo mitro,positive,negative,0.0095,0.9811
Jay vihat ma jignesh Bhai👏,negative,positive,0.0095,0.981
Fafda fri karya pachi tena par koi masalo nakhvama aave chhe. Te kayo masalo hoi chhe?,negative,neutral,0.0095,0.981
Ha Bhai ga ❤,neutral,negative,0.0095,0.981
Yeh kya kar rahe ho sir aap ko thand lag jayegi🥺😠. Be careful sir🥰,neutral,positive,0.0095,0.981
Jay mataji jigabhai,positive,neutral,0.0095,0.981
Ye video dekhye dekhte mere haath se phn girnee wala tha 😮😮😂,neutral,negative,0.0095,0.981
Ha jiga bhai ha 😢😢😢 nice song Tamari VAT na thay,neutral,positive,0.0095,0.981
Kya aap Surat se ho I miss you Surat 🥹,positive,negative,0.0095,0.9809
varsad thay k na thay ae alag vaat che but pareshbhai ni vaato mann n shanti ape che.,negative,neutral,0.0095,0.9809
"Earphone 🎧 માં સાંભળો આ ગીત, એક બાજુ વધારે સંભળાય છે અને બીજુ બાજુ ઓછુ.",neutral,positive,0.0095,0.9809
Quvali jevu kryu 😒😫😫 Simply છે amj rakhvu htu!!,negative,positive,0.0095,0.9809
U.a.e hamara Ghar he hum ek month ruke kuch nhi misail ati he hornig militia he per shanti he,positive,neutral,0.0096,0.9809
"I don’t understand Gujarati very well, but I just had to say this.
I’m a huge fan of Freddy 😍 He is so handsome, charming, very talented, and his sense of humor is amazing..
I’ve been his fan since his first movie Holiday, and I honestly have a huge crush on him 🙈
Never met him, but I know he is such a sweetheart 💓..",negative,positive,0.0096,0.9809
Kirtibhai sonal ben vina maja n avi amne tme khub majama hta,neutral,negative,0.0096,0.9808
Hamara khoja bhai Taraf Thi Full support Waw jiga Bhai.,negative,positive,0.0096,0.9808
Jasu Bhai Modasa cha who pan Modasa no chu,negative,neutral,0.0096,0.9808
Ha મારો જીગો હા,neutral,positive,0.0096,0.9808
Ma taro adhar che biju duniya ma koi nathi jay mogal mogal mogal,neutral,negative,0.0096,0.9808
Bogas picture che,positive,neutral,0.0096,0.9808
Jay mataji saheb,neutral,positive,0.0096,0.9808
"Deep's driving story washing hands 😂
All the talks about parenting were a lot of fun",negative,positive,0.0096,0.9807
Miss you maari ma Life time miss Karis ma 🥺🥺,neutral,negative,0.0096,0.9807
Wah...bhuvaji... Jay dipo ram...🙏🙏🙏🙏,neutral,negative,0.0096,0.9807
"Manan Bhai, I love you! Bas ave ek wachakaboom vadodara ma solo show rakho jaldi thi!",neutral,positive,0.0097,0.9807
"Sarika mane ek Vaat Ke Ke Rinku 38 years ni Che to tu Rinku ni Moti Ban che to tu Anna 2 Baras to Moti Hais be to Jaideep 35 years, no Kai rite to Jaideep thi Moti Che😂 hamana Rinku Nu Che birthday girl Emma Rinku age Kahi tu Ke 838 years ni Thagi Che😅😅",positive,neutral,0.0097,0.9807
Aapne sugar kyu nai add ki 🤔,negative,neutral,0.0097,0.9806
Samiksha di aap ki height bhale hi choti hai lekin u r my fav...😇😇😇😇😇😇😇😇😇😇😇😇😇😇😇😇😇😇😇😇😇😇😇😇😇😇😇😇😇😇😇😇😇😇😇😇😇😇😇😇😇😇😇😇😇😇😇😇😇😇😇😇😇😇😇😇😇😇😇😇😠😇😇😇😇😇😇😇,neutral,positive,0.0097,0.9806
Ha moj ha jiga jevu no thay vala,neutral,negative,0.0097,0.9806
Jai Mataji kirtidanmama,positive,neutral,0.0097,0.9806
Mast song Che. Bro tere aane se.........,positive,negative,0.0097,0.9806
Chetan Daiya sir ne bolavo khatarnak actor che boss.....,neutral,positive,0.0097,0.9806
Jay ma higlaj,negative,neutral,0.0097,0.9806
Jay mara Ramdev pie maharaj Ram Ram Ram Ram Ram Ram Ram Ram Ram Ram Ram Ram Ram Ram mari kundevi maa naa Ram Ram Ram Ram Ram Ram Ram 🚩🚩🚩🚩🚩🙏🙏🙏🙏🙏❤️❤️❤️❤️❤️,positive,negative,0.0097,0.9806
Hy banavu chu di pan hu fharay karu .. sem tu sem rite,neutral,negative,0.0097,0.9805
Le thugesh ne gujarati avde chhe 😅😅,neutral,positive,0.0097,0.9805
Jay Shree Dwarkadhish Ji ni Jay 🙏🏻🙏🏻🙏🏻🙏🏻🙏🏻,positive,negative,0.0098,0.9805
As I live in Canada and I can understand the story 16:37,neutral,positive,0.0098,0.9805
Devlok Charan Devi jaane chhe. બધાને દર્શન દેતી નથી🌹🙏,negative,positive,0.0098,0.9803
Manan bhai gta ma train ne stop krva per video banavo🤣🤣takat hoi tooo stop kari ne dekhado j,negative,neutral,0.0098,0.9803
Ha Bhai mare pan evu thaay che,neutral,negative,0.0099,0.9803
Vahaa jignesh bhai... Nice song sed 🙏,neutral,positive,0.0099,0.9803
Vikram bhai jevo sacho dost aa duniya ma nai hoe,neutral,negative,0.0099,0.9803
Jay maa mogal jay maa sonal jay ambe જય પીઠડ માતાજી જય દ્રારકાધીશ...જય ઠાકર...જય મુરલીધર...મહાદેવ હર હર મહાદેવ...jay ho kirtidan bhai પ્રણામ...નમસ્તે...🌹💐🌹🙏👌👍,positive,negative,0.0099,0.9803
Hu roj sambhlu 6u a song❤❤❤,neutral,positive,0.0099,0.9803
Jay Shree Odhavram Bapa ki jay ho 🌹 🙏,neutral,positive,0.0099,0.9802
Jay mogal Jay khodiyar 🙏🙏,neutral,positive,0.0099,0.9802
Hare ke sahare khatu shyam baba bhagvan Jay mata di 🙇🙏,positive,negative,0.0099,0.9802
Aa nikhil ne coffee vari no rog lagi gyi che lage 😂😂che atle j,negative,neutral,0.0099,0.9801
Mara jode koi sabd j nathi,positive,neutral,0.0099,0.9801
2:00 apne weikfield ko to chupa liya par Eno ko nahi chupa saka,negative,neutral,0.01,0.9801
Appam ni receipe aap jo please,neutral,negative,0.01,0.9801
Jai ma bhawani 🙏🙏,neutral,positive,0.01,0.9801
ekdum veragi voice 😘😙😘😙😙😙,neutral,positive,0.01,0.9801
Batha ne Tamara mate pyar che etle batha sachu k che k tame pela hero j va lagta hata have nathi sara lagta,positive,negative,0.01,0.9801
Jai Ranchhorji 🙏🙏🌹🌹 So nice❤,neutral,positive,0.01,0.98
Me aa murabbo last year banavelo hamana 2-3 month pehla j puro thayo khub saras rahyo thank you ❤,negative,positive,0.01,0.98
PARESH SIR THE REAL LEGEND!!!!,neutral,positive,0.01,0.98
Have Tame Navu Song Kyare Lavo Cho Have Bas Evi Asha Laine Mare Tamaru Song Sambhlvu Che......,positive,negative,0.01,0.9799
"Lavari became so big know please its my request and very big wish and for you its very small me and all others good golden days childhood memories refresh thai jaiseh invite brahma raval yo yo Gujarati vala amplifer Gujarati vala bhai jo baka vala bhai dhaval dhomadiya bija badha jebhi kalakar 90s thi laai  2000 sudhi  ane 2000 pachi paan na kalakaro  2016 17 18 19sudhi famous hata 2020 pachi nava loko avya r2h Gujarati Gujarati gaming streams zoya tv first female Gujarati gamer bija gamers dancers every artist neh bolavoo  master rana bhajnik hemant chauhan dayra kalakaro mari vaat che jo internet famous hata old times neh ene bolavo neh biji e che jeh CDs tv bluetooth thi famous hata emne paan bolavo ane localy famous hata emne paan bolaavo badha neh paan childhood ma jeh famous hata ene jarur bolavjoo

Tameh loko ajni generation mate jeh haji teenajer che ane 20 ni andar che + adult mateh to memory che paan balko maate core memories marta sudhi yaad rehso",negative,positive,0.01,0.9799
Jigo to nay bhulay,neutral,negative,0.01,0.9799
Devayat khavd bhai have devayat khavd ave,neutral,negative,0.0101,0.9799
Pelo Jago halka ne kya lidho,negative,neutral,0.0101,0.9799
i know karan vyas.. ame Anand to Ahmedabad jode train ma updown karta hata college time.. aa bhai e time atlo jadio nato.. 2007 to 2010.. he told us that time k mare movie making ma career banvu chu tyre ame aa jadiya ni majak udavta hata,neutral,negative,0.0101,0.9799
"Maine aapka pahle ki recipe dekh kar bnaya, wo alag tarike se hai Pr acha bna tha",neutral,negative,0.0101,0.9799
અે....અે....અે... ટાઈગર....... ...boom boom...,negative,positive,0.0101,0.9799
How to make Bajrangi rotly 3:10,negative,positive,0.0101,0.9798
Ha Hardik bhai ha ❤❤,negative,positive,0.0101,0.9798
Own ya earfry na ho to kya kare,negative,neutral,0.0101,0.9798
Jaydeep tame aa membership nu khotu che tame toh kamai leso pan bija badha afford ni kari sake,positive,neutral,0.0101,0.9798
Vikrambhai Prem gori taro kem kari bhulay full movie YouTube par nathi to please mokalo,positive,negative,0.0101,0.9798
Par meri mumma to mujhse baat tak hi nahi akrti 😢😢 vo mujhe chowd ke jaati hain kahin to ye nahi kahti ki apna khyal rakhna vo ye kahti hain ki kuch ulta seedha mat karna akele ho ke 😣😣😭😭😭,negative,neutral,0.0101,0.9798
Wah jordar aankh ma thi aansu aavi gaya,neutral,negative,0.0102,0.9797
"#Chirayu was right......maththo is like more thick texture than shrikhand.....😂😂😂
#The_Comedy_Factory",neutral,positive,0.0102,0.9797
Exlusive Video... Jordar Kirtidan Bhai..,negative,positive,0.0102,0.9797
I have seen it within 30 min after release 😅,neutral,positive,0.0102,0.9797
Jay MAA Bhagwati Sonbai 🙏 Dil Touch Bhai,neutral,negative,0.0102,0.9797
Tabhi to ek chho tame varshi picture man per Aryan aur Holi Bhave Ho Tum,negative,neutral,0.0102,0.9796
"એક number ""piece"" બતાવું... વાહ કાકા તમારી ભાષા... અને બીજી વાત એ છે કે આવી રીતે ગમે તે movie બનાવીને નવી પેઢીને હકીકત થી ભ્રમિત કરવાના ધંધા બંધ કરો તો સારી વાત રહેશે...",negative,positive,0.0102,0.9796
"Jay Mogal...
Mara safalta na rastao kholi nakhya tame mataji...",neutral,negative,0.0102,0.9796
Tamari badhi film supar 6,neutral,positive,0.0102,0.9796
Jd bhai is saal out of country family trip pe nai Jana hai?,positive,neutral,0.0102,0.9796
Vah su song banayu see jordar ho baki game tenu raday pigali Jay evu se,positive,negative,0.0102,0.9796
Love Is Not Life jiga Bhai 💔💔,negative,positive,0.0102,0.9795
Hamara mojilo Thakor ha,negative,positive,0.0102,0.9795
Love You Guys very much Keep it up GUYS            Me atyar sudhi live attend nathi kairo pan karvo che saw tell me tickets kya thi purchase karva ni and aa j ritna aapda gujarati nu name agar vadharva nu che and nava nava guest lavo . Raj shamani india no best podcaster che aapde to world su solar system na best lavari show thi,negative,positive,0.0103,0.9795
Jay ma shonal,negative,neutral,0.0103,0.9795
"Vahhhhh j.bhai..su baat che yaki saf karibo....vahh

S.bhabhai ne halp karta raho...

Tathastu...j.bhai",positive,negative,0.0103,0.9795
ha mara bhai vikram,neutral,positive,0.0103,0.9794
Mai apke videos 10 sal se dekhti hu,positive,negative,0.0103,0.9794
piya me yahi hota hai bhai,negative,neutral,0.0103,0.9794
Jay man Gauri,neutral,positive,0.0103,0.9794
Last segment stole the show ❤❤,positive,neutral,0.0103,0.9793
Majama Shiye bhai,negative,neutral,0.0103,0.9793
"JAYDEEPBHAI PAN KOTHMIR AATLI TO JOIE J.
KOTHMIR VAGAR TO MAJA J NA AAVE.
SARIKA EKDAM BARABAR CHE .
I LOVE KOTHMIR TOO.",neutral,positive,0.0104,0.9793
Green past Su che,neutral,positive,0.0104,0.9793
Soffa side besadta hoi to Pirsata fave ne,positive,neutral,0.0104,0.9793
જય શ્રી ક્રિષ્ના પૂજા કર્યા પછી ખેતર કર્યા પછી વિસામો પણ કટવો પડે visamne visamno ne sayr નો sangatj,positive,negative,0.0104,0.9793
I think Jamun ni tasir garam hoy,positive,neutral,0.0104,0.9793
😢😢😢sacho prem hamesha adhro rhye che 😢😢😢😢😢,positive,neutral,0.0104,0.9792
Young generations... Same aevu gym pan karavu pade... Baki to its fatty foods makes your colestorale high...and makes you fat very un shape body type ( golu molu)...pelana jamana ma khata kemke tevu kam pan karta....,negative,positive,0.0104,0.9792
Hai vikram bhai,negative,neutral,0.0104,0.9792
Sandhya and sarika no nature bov saro che,negative,positive,0.0104,0.9792
This lavari ends the language barrier bhai je chali rhyu 6 india ma ene aa video jovo joie this is the culture bhai without language barrier 🫡,negative,positive,0.0104,0.9791
Muje comments Dena acha nahi lagta hai par happy hone per ek comment banata hai aur ye kya kaha Raha hai muje pata nahi chal raha to aape muje baata eaai🤔🤔🤔🤔🤔🤔🤔🤔🤔🤔🤔🤔🤔🤔🤔🤔🤔🤔🤔🤔🤔🤔🤔🤔🤔🤔🤔🤔🤔🤔🤔🤔🤔🤔🤔🤔🤔🤔🤔🤔🤔🤔🤔🤔🤔🤔🤔🤔🤔🤔🤔🤔🤔🤔🤔🤔🤔🤔🤔🤔🤔🤔🤔🤔🤔🤔🤔🤔🤔🤔🤔🤔🤔🤔🤔🇮🇳🇮🇳🇮🇳but I love India so all languages also,neutral,positive,0.0104,0.9791
Jay hinglaj maa 🙏😊🙏🎉🙏🙏🙏🙏🙏🙏🙏🙏🎉🎉🎉🎉🎉🎉🎉,positive,negative,0.0105,0.979
shaym se kiu vidiyo nhihe vishal Pandey aap kiu nhi banateho,neutral,negative,0.0105,0.979
jignesh barot na status mate #vallabhbariaentertainment,positive,negative,0.0105,0.979
Nice👌👌..Jay meldi .Maa🙏🙏,positive,negative,0.0105,0.979
Ha jiga bhai moj ma,negative,positive,0.0105,0.979
Oho janudi ni yad avi gai 😭,negative,neutral,0.0105,0.979
Waaaaahhh   kya diet  hai ek no😜I love this deiting😆😆,neutral,positive,0.0105,0.9789
Kajal se kala kon hai ? Ans. Kalank,neutral,negative,0.0105,0.9789
Good morning Jay Shree Krishna Everyone 🙏. સૌથી મોટા અને ક્યુટેસ્ટ વ્લોગર liked it Kanishk ❤❤😘😘.,neutral,positive,0.0105,0.9789
HA MARA BHAI HA,positive,negative,0.0106,0.9789
Kitna pagal hai ye pyar jo tumse karta h❤😭,neutral,positive,0.0106,0.9789
jodi jamati nathi kirtidan bhai jignesh barot sathe song banavi tamari credit down na karo jay mogal,neutral,negative,0.0106,0.9788
Tamne kai kevu na pade nice gujarati garbo,neutral,positive,0.0106,0.9788
Wahh sir wahhh,negative,positive,0.0106,0.9788
Arrey ye to tiktok wali ladki hai😅,positive,neutral,0.0106,0.9788
Nice vedio...make a vedio on nariyal pani premix powder which we get in market...the way I made lemon juice premix,neutral,positive,0.0106,0.9788
Dhyana's command on english language is better than I (28 years old આધેડ) 😁😁,negative,positive,0.0106,0.9788
"Thanks for letting know whom not to follow. Vahiyat guest. Aagad no episodes joya pachi aa bhai a bar show no niccho kari didho. You brought great singers, directors, actors, rj's ne pachi aa 👎",negative,positive,0.0106,0.9788
Ashok dave the great hasya kalakar and my kaka ne bola vo ne,negative,positive,0.0106,0.9788
Yes I can see the apple logo Hess.,neutral,positive,0.0106,0.9787
Bhartu to bani jase. Pan ben tame jara Gujarati sarkhu bolvanu rakho. Atlu rough gujarati nai saru lage international level par.,negative,positive,0.0106,0.9787
Bina lal mirchi ka colour dale bina banaye lal lal kar ke to beautiful lagega testy nahi dry chili 🌶️ kuut kar daale,positive,neutral,0.0106,0.9787
Arjit na takkar no voice che bro,positive,negative,0.0107,0.9787
Me punjabi hu per really ye gujrati song bhavin maine tumahre khatir suna mujhe gujrati languag to samjh nai aai but song sunne me bahut aacha laga aur bhavin tum bahut cute lag rahe ho isme aur ur smile is too inosent ❤️❤️❤️❤️,negative,positive,0.0107,0.9787
Normal boil kar karke blanch kar sakte hai?? Agar haa toh kitna der boil karna hoga?,neutral,negative,0.0107,0.9787
विशाल dave vlogs ko bulaooo❤,neutral,positive,0.0107,0.9786
"Savar ma comment na thayi pan, pan mari savar ""Subh savar""  banayi didhi ti tame 😍❤️",positive,negative,0.0107,0.9786
Bhai jode jode koi Amdavadi nee b add karo maja rese...,positive,neutral,0.0107,0.9786
"Didi koi evo easy, jaldi bne ,ane paushtik hoy evo nasto no video banavo ne 🙏",negative,neutral,0.0107,0.9785
JIGNESH BHAI SUPPAR DUPPAR SONGS,neutral,positive,0.0108,0.9785
"Jay shree Krishna 
Jay ઠાકર",neutral,positive,0.0108,0.9785
Intro to OP che 🔥🔥,neutral,positive,0.0108,0.9784
Hu Bhavnagar thi jov chu regular pan videos jov chu,neutral,positive,0.0108,0.9784
Jor dar jiga bhai,negative,neutral,0.0108,0.9784
Ha full gam song,negative,positive,0.0108,0.9783
Sarika di ae bolo na khata sibling no ghat che Sankar bhagvan no vas hase aema puja Karo aeni,negative,neutral,0.0108,0.9783
Jai ho ati sundar ❤❤❤❤,neutral,positive,0.0108,0.9783
"jai ho maa sonal ,",neutral,negative,0.0109,0.9783
VDT Gujarati ચેનલ તરફ થી ફુલ સપોર્ટ છે ટાઈગર તો ટાઈગર જ છે_VDT Gujarati ચેનલ ફક્ત વિક્રમ ઠાકોર ને સ્પોર્ટ્સ માટેજ છે_જય માતાજી ભાઈ ઓ🙏🙏🙏🙏🙏,negative,positive,0.0109,0.9783
Vikaram thakor nu tamaro fan chu❤❤😢😢,positive,negative,0.0109,0.9783
"Aa vakhate disappoint chu 
Maja na aayi 
Lavari ma",negative,neutral,0.0109,0.9782
"My chickpeas never cook in just four whistles, I actually have to cook them on a low flame for 20 minutes after the first whistle",negative,positive,0.0109,0.9782
India's got latent ma to koi bolttu natu aiya rado pade che 😅,negative,neutral,0.0109,0.9782
Ma'am pls surat ma nariyal pani flavour ni shing male che e sikhvado..pls,neutral,negative,0.0109,0.9782
Aa kyu season che ?,negative,neutral,0.0109,0.9782
Jigabhai maru lakhelu song gaso bhai to contact karo maro,neutral,negative,0.0109,0.9782
Jay vihat maa Nice song jignesh bhai,neutral,positive,0.0109,0.9782
"Sandhya is so cute and Hardik bhai is very lucky to have her  as a life partner who miss him every second. I can see those tears were real and she will miss him a lot. But I have full trust in Bhavana aunty and Sarika that they will shower their love to the fullest. I hope that their love and bond grows stronger every second.
Happy Birthday Hazel 🎉",negative,positive,0.0109,0.9781
Prasad wali Khichdi me jo swaad hai wo kha kar to maza aa jata hai di😊❤,negative,neutral,0.011,0.9781
Jay maa mogal Jay dwarkadhis,neutral,negative,0.011,0.978
Pure કાઠિયાવાડી breed💨🤍,neutral,positive,0.011,0.978
Krishna kund. !!!   How about naming the well.,neutral,positive,0.011,0.978
Jay shri sonalma,positive,neutral,0.011,0.978
Laya laya ho jiga ne,positive,negative,0.011,0.978
AKB SE INTZAR THA.  SHRII PARESH RAWAL SIR KA,positive,neutral,0.011,0.978
Neha kakkar sathe song Karo,neutral,negative,0.011,0.978
Dude! Rohan Joshi is Gujarati!?????,neutral,positive,0.011,0.978
"GTA 5  ma alag alag tragedy Manan bhai sathe j thay ane e pachi comedy ma convert thay , jabaru 😂😂 keep it up manan bhai 👍👍♥♥from Rajkot",neutral,positive,0.011,0.9779
Jay dhip Bhai tamari kopi akhas ne virali bhu kare tame kan bidhaviyo to akase pan vidahvio,neutral,negative,0.011,0.9779
Ahmedabad driving is the best in the world! people are so kind and follow all the rules. always give way to other people and respect everyone then my alarm goes off.,negative,positive,0.011,0.9779
ખુબ સરસ બાઈટીગ માં ચાલે એવું છે. V good.,neutral,positive,0.0111,0.9779
"Manan SSir try Gta 5 RP tamne ane amne dekhwa ma bou mazza aavsse
#IwantGTA5RP",positive,neutral,0.0111,0.9778
To pachhi bhav ocha karo. Petrol ma pan aavu j keta hata😂,negative,neutral,0.0111,0.9778
Jay sardar Kirtidan gadavi bhai,neutral,negative,0.0111,0.9778
Coconut chal sathe lai to kai taste ma fare pade,negative,neutral,0.0111,0.9778
Jaggudada ka last me jo bolte hai mai kisse baat kar raha hu ye scene ye moment itna pasand aaya itna pasand aaya oh my god kitni basr suna aur itna maza aaya itna maza aaya i have no words to explain it khub j maza aavi bappa,positive,negative,0.0111,0.9778
"Masi hamna samay barabar nathi
Today samay pachi Jatra karva jajo",negative,neutral,0.0111,0.9778
Sarika bhabhi saree kya thi lidhi taame,positive,neutral,0.0111,0.9778
Main Bhagwan se prathna Karti Hun ki aapko aur bahut sare medal mile aur bahut aage badhe❤❤❤🎉🎉🎉🎉,positive,negative,0.0111,0.9778
Jigo bevafa se ak nabar no 😂😂😂,neutral,negative,0.0111,0.9778
"Itni jyada feeling mijhe aaj tak nai huii. Aapne toh imotional kar diya Hamara iss gujrat ka arijit singh, kabhi devdas bhi hua karta tha kya...kitni feelings haii.. ❤️💔🙏",negative,positive,0.0111,0.9778
Wah...bahu late lavya but lavya e mate thanks... Chal jeevi laiye pn lai aavo hve.. Bahu khechyu,negative,positive,0.0111,0.9778
JAY SONABAII MA🙏,neutral,positive,0.0111,0.9777
*Tiger To Tiger j Che*,negative,positive,0.0111,0.9777
Sakha ni velyu na ho sakha sakhi maj karave,positive,negative,0.0111,0.9777
ऐसा लग रहा जैसे ये voice AI se edit हुई है Recipe तो आपकी सभी बहुत बढ़िया होती हैं 🎉🎉❤❤❤❤,negative,positive,0.0111,0.9777
"🙏🙏 Jay mogal maa 🙏🙏
🙏🙏 Jay momai maa  🙏🙏
જેના ઉપર માં મોગલ નો હાથ હોય એને જૂકવું  ના પડે . બોલો  મોગલ આઈ  ની જય .",positive,negative,0.0111,0.9777
Ghom neh ki jagah chakkar ajayenge issh acha rehene doh 🤓🤏🏻😂,neutral,negative,0.0112,0.9777
Khali avaj j sabhadyo hato aje live joya,neutral,positive,0.0112,0.9776
"osam gayu che .
Jigar bhai Wah karbara ni moj",positive,negative,0.0112,0.9776
Jay mataji Jigabhai,positive,neutral,0.0112,0.9776
Aaje badhae blu paherya chhe,positive,neutral,0.0112,0.9776
Bhai tamara nak👃ma gungo jova madyo gani var 😂,neutral,positive,0.0112,0.9775
Bhavin ki acting ka to koi jawab nai,negative,positive,0.0112,0.9775
Pls kirtidan sir govaliyo part 5 banavo Bau rah joyi rahya chhiye kaik nava kanuda na song mate,neutral,negative,0.0112,0.9775
"તમારા લખેલા શબ્દો , માત્ર શબ્દો નથી ...... આ આશિકોના દિલના અરમાન છે ❤️ love you from Mahemdavad",negative,positive,0.0112,0.9775
Aava gito mukjo bhai pillis,neutral,negative,0.0112,0.9775
Jaydeep bhai badha na shade different hoi skin na type hoi so tamaro skin shade sarika jode matche na thai emni skin fair Che so Tamare buy karvu padse actor bani Gaya to makeup artist karo,positive,neutral,0.0113,0.9775
Tame bhai log khajur bhai popat bhai ne mahipat sih jeva danviro ne bolavo,neutral,negative,0.0113,0.9775
"""VIKARMJI JAY MATAJI "" mara uncle e apna mate sara love song written krya 6e jo ap emne jiva no avo saro avsar apto amne khubj khusi thase temnu name: Giriraj Chauhan, Mo : 9427084136 te apna kub j mota fan 6e sir hu asaha rakhu 6u ke apji emne mojo apshoji. 🙏😊",negative,positive,0.0113,0.9774
Jordar bolya chirayu bhai mumbai rehavu k pap che etele potani bhasha per chadi bese ❤,neutral,negative,0.0113,0.9774
"""Divsa tu raatri mi"" no story sambhli khabar padi ke pachi ek movie pan bani che starring Paresh Rawal, Bhagyashree son Abhimanyu Dassani and Mrunal Thakur called Aankh Micholi",neutral,negative,0.0113,0.9774
Bhai have to mashi ne machin lay do,neutral,negative,0.0113,0.9773
Ye mandir Raje sayajirao Gaikwad jine banaya tha,positive,neutral,0.0113,0.9773
Silver foil kya thi lavya,positive,neutral,0.0114,0.9773
Tame totaru bolo cho benji 😂😂,positive,neutral,0.0114,0.9773
Is baar to vaadi ka program hi nhi banaya aap logo ne,neutral,negative,0.0114,0.9773
Koi b aap sa na mila 😍❤️,positive,neutral,0.0114,0.9773
Mara vikram Bhai na rolaa pade se,neutral,negative,0.0114,0.9773
Pan ni reshao kapvani hoy,negative,neutral,0.0114,0.9772
Hii  JD bhai and family  hum flat me rahete hai Ahmedabad  hamari society ka water tank every three months me clean hota hai  kide to bahut dur ki bat hai kachra bhi nahi hota aana kabhi hamare ghar and mummy se bolna ki deepdan ki 33 wali wat kese banani hai wo batae please 🎉,positive,neutral,0.0114,0.9772
Ha jodi bhaio moj,negative,positive,0.0114,0.9772
🌹🌹 leyjend. of gujarati muzic world.. Sur samrat kirtidaan bhaiiiiiiiiiiiiiiiiiiiiiiiiiiiiiiiiiiiiiiiiii🌹🌷🌹🌷🌹🌷🌹🌷🌹🌷🌹🌷🌹🌷🌹🌷🌹🌷🌹🌷🌹🌷🌹🌷🌹🌷🌹🌷🌹🌷🌹🌷🌹🌷🌹🌷🌹🌷🌹🌷🌹🌷🌹🌷🌹🌹🌷🌹🌷🌹🌷🌹🌷🌹🌷🌹🌷🌹🌷🌹🌷🌹 Gujarati culture ni dharoharrr🌹🌷🌹🌹🌷🌹🌷🌹🌷🌹🌷🌹🌷🌷,neutral,positive,0.0114,0.9772
"Jay shree krishna 🙏
Jay jinendra 🙏
Uncle aunty ji aap age 100 year's ki ho. 🤞🙏
🥰👌",neutral,positive,0.0114,0.9771
Mast Gobi Manchurian ki recipe 👌 Thank youuu ji.. Jai Shree Krishn 🙏,negative,positive,0.0114,0.9771
Pehli video ma zomato ane Swiggy beyo ni sponsership joi chhe,positive,neutral,0.0114,0.9771
Find the same reason india's got latent got shut down....,positive,negative,0.0115,0.9771
Vikram Thakor sir ka behind the  scene dalo,neutral,positive,0.0115,0.977
"I am physiotherapist 
Sarika ji ne frogen shoulder hoi sake che starting stage 1 nu to amne dr pase lai jai sako cho and xray karai sako cho",negative,neutral,0.0115,0.977
Tame gaming pan karo cho,negative,neutral,0.0115,0.977
Bhai aa jignesh barot sobhatu nathi jignesh kaviraj j saru che,neutral,negative,0.0115,0.977
Jai Chathi maiya ji ki jai ho 🙏🌸,neutral,positive,0.0115,0.977
Kai company no tavo best che dhosa mate?,negative,neutral,0.0115,0.977
Mogal nam no naad karavnar matra ane matra bhai kirtidanji.. Jay mogal ....mogal no adhar.. Jay jay mogal ....superb... Mogal Mogal Mogal.....,positive,negative,0.0115,0.9769
Wah.....kavirajo ...Jay sonal ma,neutral,negative,0.0115,0.9769
Aachar maa B12 hoy bhai.  Khvu joiye,neutral,negative,0.0116,0.9769
Jay ma mogal kirtidan gadhavi,negative,neutral,0.0116,0.9769
Koi shabad j nathi,positive,neutral,0.0116,0.9769
Bhai 17 and 18 na gujrati stanography ni exam che te pn cancle thase?????,negative,neutral,0.0116,0.9769
Rajsthan Aspur se Naresh Banjara Vikram Bhai Nice Song Jay Mata ji,neutral,positive,0.0116,0.9769
Krishna Bhajan banavajo ne have 😅😅😅,neutral,negative,0.0116,0.9768
Waa hardik Bhai khub saras । 😊,neutral,positive,0.0116,0.9768
❤tum log aise kaise ho yr Mai banking aspirant hun hamari english ki ma'am Nimisha Bansal unka aur apka journey lgbhg same hai unke bhi partner supportive rhe aur apke bhi...aap dono passionate ho woh english me aap food me Kudos to you Aapke 100k subscriber the tbse dekh rha hun Aapne zindagi toh bdli nhi aapki complete change ho gyi ❤,negative,positive,0.0116,0.9768
"Jaydeep bhai vagar comedy ochhi thay chhe😂
But don't worry fir bhi hame majja hi aata hai😊😊😊🎉❤",positive,neutral,0.0116,0.9768
Tme singing ni talim kya lidhi please janavo ne hu Tushar barot Anand vidhya nagar thi mare pan music singar banvu 6 🙏🙏🙏🙏🙏🙏,neutral,negative,0.0116,0.9768
Vikram bhai to vikram bhai che aa song shabhline mari aakho che😭😭😭😭😭😭😭😭😭😭😭,neutral,negative,0.0116,0.9768
Su faydo thay...Ae kahejo,negative,neutral,0.0116,0.9767
Biju badhu to thik samjanu pan aatli badhi English su kaam bolo cho tame badha ?,neutral,negative,0.0117,0.9767
Aanathi saru pani to amari gali na panipuri vala pahe hoi che 😂😂,negative,neutral,0.0117,0.9767
Samdi chhe .,positive,neutral,0.0117,0.9766
Next episode ma yashraj ne bolavno. Famous rapper mumbai ma rey che pan che gujrati,neutral,positive,0.0117,0.9766
Ha thakor bapu ha Jay mataji,positive,negative,0.0117,0.9766
"End ma shu cut kar didhu , kush sheni vat kartoto",neutral,negative,0.0117,0.9766
Jay Maa Sonbai....,neutral,negative,0.0117,0.9766
Congratulation bhai 🎉🎉 Jordar song,negative,positive,0.0117,0.9765
aa editor ne speedy gonzles nathi khabar lagto xD,neutral,negative,0.0118,0.9765
Mane to mamtasoni naj pictur game ❤,positive,neutral,0.0118,0.9765
😭I miss u ma 😭,negative,neutral,0.0118,0.9764
Jay babari Ketan Thakor adaraj moti,negative,neutral,0.0118,0.9764
Kyare rilij thase bhai,neutral,negative,0.0118,0.9764
Badhani jindgi ma atyare avuj 6 koy nvruj nthi,neutral,negative,0.0118,0.9764
Yar Sarika dayria boloney su jada jada okward lagey,positive,neutral,0.0118,0.9764
Jay somnath dada,positive,neutral,0.0118,0.9764
no. 1 king jignesh bhai,positive,negative,0.0118,0.9764
my cennal subscribe karo bhai,positive,negative,0.0119,0.9762
Too good... Whole video was best.. I don't know aa kono idea hato but english song na music ma garba and dhol music add karvu e kaik alag j vastu che... Ena upar pan aakhu album banai sako tame loko to... 😂😂.. Keep doing great work sirji..,negative,positive,0.0119,0.9762
❤️🌹🙏Jay mara dil no dhabkaro 🙏🌹❤️,negative,positive,0.0119,0.9761
"Hamne bhi Fajeto k bare me pehli bar suna or dekha h aap k vlog me, patel paaji😅",neutral,positive,0.012,0.9761
તારા સિવાય બધું છે પણ તું જ નથી પાસે Miss you Aarati 😭😭,neutral,negative,0.012,0.9761
Please aap bava hindi mat bolo gujrati mai banavo,neutral,negative,0.012,0.976
Etle instagram ma follow black nai aapyo😂,negative,neutral,0.012,0.976
ભાઈ તુ એક્ટિંગ ઉપર ધ્યાન આપ .... ડાયલોગ ડિલિવરી ઉપર ધ્યાન આપ.... Expressions ઉપર ધ્યાન આપ... વધારે પડતી તુ over-acting કરે છે....,neutral,positive,0.012,0.976
Jignesh bhai brahmani ma nu geet gaav,neutral,negative,0.012,0.976
Aaj ka suvichar bohot aacha tha ❤,positive,neutral,0.012,0.9759
Sarika ni vaat ma  sarchai hoy 6👍🏻,positive,neutral,0.012,0.9759
Jay Jay sonal maa 🙏🙏🙏🙏,negative,positive,0.0121,0.9759
Dinesh Bhai Jem of person. Koi vaat nu khotu nathi lagadta. Pan samje che ane samjave pan che. Koi vaat ma kat kat nathi. Je karvu hoy te karo. Very Nice person.,negative,positive,0.0121,0.9759
Sir Ye Har વર્ષ કરના કયુકી ઇસકે સિવા જીવનમાં બીજું સુખ કઈ નથી ❤️❤️❤️🙏🙏🙏,neutral,positive,0.0121,0.9758
Aa sin khado krtibhai,neutral,negative,0.0121,0.9757
Jaydeepbhai Tamara papa ni skin tadka thi bali gai che skin kali thai gai che,positive,neutral,0.0121,0.9757
"Jd bhai actually inspiration cho tame coz tame ko cho ne clean diet clean diet,i have started it not all food but change some habits and it’s really works ..so please inspire us the way you are inspiring ❤❤❤",negative,positive,0.0122,0.9757
Kush ji mujhe apni wife bana lijiye jitna jalad se jalad Let mat kijiye ab please bata ko samajhiye mere pass time nhi hai 😂😂,neutral,negative,0.0122,0.9757
Fully song Kyare aavse,negative,positive,0.0122,0.9757
Jay ho maa mari bhavani ambaa 🙏🙏,positive,negative,0.0122,0.9757
Jay ho mogal ma 🙏,negative,neutral,0.0122,0.9756
Frozen soldar hoi,neutral,positive,0.0122,0.9756
વાહ જીગાભાઈ વાહ તમારા અવાજ મા જાદુ છે કવિ કેદાન નુ ગીત સરસ છે તમે ખુબ જ સરસ ગાવ છો Aowsome filing આવે છે તમને સાંભળી હો 👏👏👏👏👏,neutral,positive,0.0122,0.9756
Wah krishna banela gopalbhai khub j fine kalakari che ane jode voice master jignesh bhai ane kirtidaan bhai ..ati sunder 🤗🤗,neutral,positive,0.0122,0.9756
Wow ma'am bahut khoob,negative,positive,0.0122,0.9756
jitu pandy no pan nambar plzz ok. jaldi bhai,neutral,negative,0.0122,0.9756
Tame Gujrati cho to Gujrat bolo bava hindi saru nathi lagtu,positive,negative,0.0122,0.9756
Feel bad for the people paying for this shit show 💩,neutral,positive,0.0122,0.9756
"Kanu ne balloon 🎈 fulavvanu karo


એનો લવો ના વડતો હોઈ એટલા થાય
લ નો ર થાય",neutral,negative,0.0122,0.9756
"❤❤❤❤❤
Jeevan ni Navi Sharuato ni Khub Khub Vadhamanio ane Shubhecchao tamne Bnne ne! 😎",positive,negative,0.0122,0.9755
Keri 1 kg che,negative,neutral,0.0123,0.9755
bhavin please bta do ki apka first vlog kab ayega please,neutral,positive,0.0123,0.9755
Amare tmaru femili jovu hoy amne bhu j gme che tmaru femili,negative,positive,0.0123,0.9755
Om ne to khoto rakhyo 6 ksu bolto nathi,neutral,negative,0.0123,0.9755
My fev kitna massum hai ye 😊❤,positive,neutral,0.0123,0.9755
Jay Vihot ma🙏🙏,positive,negative,0.0123,0.9754
Bas cha sudhi ma che ne aa ?,neutral,negative,0.0123,0.9754
jay mataji jigabhai,positive,neutral,0.0123,0.9753
Dil to bachha hai ji 😂,neutral,positive,0.0123,0.9753
Biji heroin mast lage chhe...👌,negative,positive,0.0124,0.9753
Hi i think you have forgotten to add 1/4cocoa powder in the ingredients list.,neutral,positive,0.0124,0.9752
1kilo nathi khadhi Haji mara chokra keri keri karese pan aa mandi ni kem levi,neutral,negative,0.0124,0.9752
"Masi no full body check up karavi do..
Iron, Hemoglobin, B12 ...
Thoda thoda time e avu thay na saru..
Bp bhi low thai jatu hoy evu lage che",negative,neutral,0.0124,0.9752
Bro cost kya aayi hai nd whats the procedure,positive,neutral,0.0124,0.9752
Jay ashapura ma mad vali ma kachcha para,negative,neutral,0.0124,0.9751
Me vi 1 video banata hu aap log daikh ke bato ka kami hi,positive,negative,0.0124,0.9751
Marun nhi pili hoti hai age aap kacha guvar sukha enge,neutral,negative,0.0124,0.9751
Fuul suport karo karo plez a vinti raj kare che jo bevfa nu geet hato pelo na re aav jignes nu satya hamesa kaDvu j hoy bhaio,neutral,negative,0.0124,0.9751
Jay. Shree krrshna,negative,neutral,0.0125,0.9751
Awww♥️BAARISH AAYI HAI by stebin ben and shreya ghoshal is gaane pe ek vedio milegi pleaseeeeee!!!!! ☹️❣️,positive,neutral,0.0125,0.975
Banne ne kam no thak chhe,neutral,negative,0.0125,0.975
Atala advance cho to pelo fan nakhavo ne ketali technology che solar che ac nankhavo,negative,neutral,0.0125,0.975
Ben tame ek din nu writing karta lago chho j kotean movie ni copy chhe,positive,negative,0.0125,0.975
Ha maru gujrat Jay Jay garvi gujrat 🙏,positive,negative,0.0125,0.975
"Jay Thakar bhi,",negative,neutral,0.0125,0.9749
Ame pn avi ritej masalo banaviye long time thi,positive,neutral,0.0125,0.9749
Aaj original rit che mara mummy bbanavata hata have teo Bahu umar vala thaya hoy kai yaad nathi ..hu jarur banavis Ben thanks ben,positive,negative,0.0126,0.9749
Sachi vat bhai mans bhagavan ne bhajva valo ane bhagvaannu nam levadave che,negative,neutral,0.0126,0.9748
"Namaste mam. 😊🙏🏻 Really mein Amazing recipe thi ... 👏🏻 Mam, maine sab sahi kiya, lekin aate aate ....meri gulgule khane ki ichha ichha hi banke reh gai . 🥺 Mam, maine jaise hi Meetha soda add karke aapko tarah unko pan mein chhoda na ghee mein to wo phel gye and maine unko ulta to. .......sbki chatni ban gai, Mam 🥺 Baaki aa to gya bnana.... recipe ko extact aapki tarah follow Kiya.... 💐 Mam, pls btaiyengi aap kyon hua aisa ??",negative,positive,0.0126,0.9748
Ha moj ha vikrm takor,negative,positive,0.0126,0.9748
Highlights upload karo a Vadhare maja aave che,neutral,positive,0.0126,0.9747
Vikamthakot.moj.Ha.Thakor..Ha.moj સૃપર હિટ ઠાકોર વિકમ ઠાકોર હામોજ.હા,positive,negative,0.0126,0.9747
"Samay raina na special pachi aa jovu chu , I cried literally 😭",neutral,positive,0.0126,0.9747
itta time late kaha se ho tum hgne k liye,positive,negative,0.0127,0.9746
Hardik and sandhya kya che 2 days thi dekhata nathi,negative,neutral,0.0127,0.9746
Bhai ladka khoobsurat hai isiliye ladkiyaan aasaani se accept kar lengi..,positive,negative,0.0127,0.9746
Ha gadhavi bhai ha,negative,neutral,0.0127,0.9745
Maa Mogal Aakha Vishwa ni maa che khali Charno ni chadti rakhje evu naa gavo bhai 🙏,neutral,negative,0.0127,0.9745
2 modha bhagvan det to aapde kevdo jibhdo haket 1 ma j aapde badhay ne pakavi dayi chi😂😂,neutral,negative,0.0127,0.9745
Vikram thakor jay Babari,positive,neutral,0.0128,0.9745
Mari Ben maro bhai aane j ame bahu j miss karta hata hamna thodak divas chhe bhumika Ben India etle thodak days badhha ne shambhdva mlse Mari Ben maro Bhai evu pachha UK halya jase to farithi ame miss karsu Tamara Bhai Ben ni mithi ladai ne❤❤😊😊,neutral,negative,0.0128,0.9745
JIGNESH MEVANI ne lavo ka to Gopal italiya pachi jovo Full bakkajiki ..,positive,neutral,0.0128,0.9745
Jay mataji The target 11111110000000000000 comments,negative,positive,0.0128,0.9744
Wow Sarika Tame to Newspaper ma  Aa Photo to Cut Karine Rakhjo  ❤💐💐❤️,neutral,positive,0.0128,0.9744
Rajsthan ma shushk vatavaran na lidhe nd registan vistar che etle kerda vadhu thay di...,positive,neutral,0.0128,0.9744
Wah saras hu hamna makai no lot lavi ane vicharti hati k shu banavu..aa recipe jarur banavish,positive,negative,0.0128,0.9744
Bahu j mast banvi ghari,neutral,negative,0.0128,0.9744
Amara mate to amara bhagavan shri krishna j chand chhe ane temna mate j aa jivan jivavanu chhe kem ke prem su chhe te temna karta vadhare kon jane chhe baki atyare to loko prem ne ramat samje chhe. Pan tamne hu mara bhai manu chhu mate bhagavan shri krishna ne etli prarthana karu chhu ke jivan ma ek var tamari sathe madvanu thay ane hu tamara hath ma rakhadi bandhu tya sudhi shri Krishna ne etli j prarthana ke te tamne hamesa khus ane svasth rakhe. 🙏🙏radhe Krishna 🙏🙏,positive,neutral,0.0128,0.9744
"Em to Kyo Haji ketlu naachvanu 
Geeto Pati gya have Dhol par chalu chhu",neutral,negative,0.0128,0.9744
"😂😂😂😂😂
Pehla kevu tu ne 
🤣🤣🤣🤣🤣",neutral,negative,0.0128,0.9743
JAL SE PATLA GYAN HAI AUR PAAP BHUMI SE BHARI KRODH AGAN SE TEJ HAIN AUR KLNK KAJAL SE KALI,neutral,negative,0.0128,0.9743
Sarika koi pan cast vise kai pan na bolay cash bhi ho sakta hai atle have thi thodu dyan rakhje,negative,neutral,0.0129,0.9743
Ha jitu padiy Bhai good Doshti no 1,positive,negative,0.0129,0.9743
Sarika ne keri khata kem batavta nthi a khati nthi??,negative,neutral,0.0129,0.9742
Khadkhadat hasvathi Aman ni sthithi thay. Ane jo man na hoy to aham kyathi ho? aha!,neutral,negative,0.0129,0.9742
healthy recipe ma'am thank you so much ma'am moringa k patto k itna tasty recipe batane k liye ma'am iska pakode bhi bana sakte hai ❤❤❤❤❤,neutral,positive,0.0129,0.9741
Jay mataji jigneah.bhai,negative,neutral,0.0129,0.9741
"❤ mast
Ben kitni var lagi dal ne pakva ma?",neutral,negative,0.0129,0.9741
Spiltsvilla mey toh hagaa tha jaake ab idhar v ageye,positive,neutral,0.0129,0.9741
Vah jay hoo kirtidan ji,neutral,negative,0.013,0.9741
wah bapu...Jamavat kari...jay ho.,positive,negative,0.013,0.974
Jay taigar meldima,neutral,negative,0.013,0.974
Mahiti puri nathi api tame.,positive,neutral,0.013,0.974
Jay BhutNath... Jay Ho,neutral,negative,0.013,0.974
Masi mara jay ni roj school and college mathi complen aave che pan mane bau game che i love my child😅😅😅,neutral,positive,0.013,0.9739
Ghar Kam bija jode karawo e Kam j keway jate j karta hoy to,negative,neutral,0.013,0.9739
"Ala Abhishek bhai tame movies mast banao cho, ej karo, na comedy karvu ane na interview aapva. Deep you are a superstar 🔥",negative,positive,0.0131,0.9739
"mujhe bhi aapki Tarah kam karne aapki Tarah naam kamana hai please ab bahut achcha banaa meri bhi madad karo aapke jaisa banna hai mujhe puja Kumari naam hai Mera, ♥️♥️♥️",positive,negative,0.0131,0.9739
"Th happiness I felt when he said ""Thepla Masala Chai ma dubovine khau chu"" is next level! More power to him!",negative,positive,0.0131,0.9739
Lal March Kem na nakhi,negative,neutral,0.0131,0.9738
Apda  jiga bhai on top ho😎,neutral,positive,0.0131,0.9738
adbhut adbhut.... jay ambe jay mogal jay khodal jay aavad jay nagbai jay bahuchar jay sonal.....,neutral,negative,0.0131,0.9738
Jai shree krishna ji ki jai ho 🎉🎉🎉🎉🎉🎉,neutral,positive,0.0131,0.9738
Vlog na joiye to nindar nthi aavti joiye p6i shanti thay chhe.,neutral,positive,0.0131,0.9737
Lalabhai na mummy  dekhata nathi?,neutral,negative,0.0131,0.9737
वोट फॉर devayat khavad & gaman santhal,neutral,positive,0.0132,0.9737
jay mogal maa saras song jigrra bhai,positive,negative,0.0132,0.9735
Even am also have this talent 😂,negative,positive,0.0132,0.9735
tamara video mane boj game che.,negative,neutral,0.0132,0.9735
Savar nu j vlog ave che ane puro kari dyo cho sanj sudhi no vlog to karta j nathi,negative,positive,0.0132,0.9735
Shimla ke aise hi ek jagah pe main gayi thi yrr 😲🤔wow great,neutral,positive,0.0133,0.9735
Madam ek complain  che. Tame kem. Recipi directly apta. Hataa  toh bandh kem. Kari. Didhi,neutral,negative,0.0133,0.9734
Jay Ranshod rangila,negative,neutral,0.0133,0.9734
Bhumi ben tamaro necklace kyathi lidho chhe bov fine chhe,positive,neutral,0.0133,0.9734
Paresh raval nu gujarati mumbai ma born and brought up chhe to y bau natural.,neutral,positive,0.0133,0.9734
Ha mojh haa,neutral,positive,0.0133,0.9734
Hii.canada ma rahine surat ni aloo puri miss krta hata but tamari recipe try kari😋😋 soo good thank u so much,neutral,positive,0.0133,0.9733
Dinesh kaka muliya ni vat kari teni mare jarur se hu 15 vars thi pidav hu nathi sali sakto nathi besi sakto 15 vars thi ek palang ma suto sav te muliya thi mane fark pade to hu tamaro aabhari rahish hu motavaracha ma rahu su hu tamara balog 3 vars thi jov su,neutral,negative,0.0133,0.9733
"She doesn't know about the Kopi luwak or luwak Coffee and pretends or show-off as she knows all about coffee and owns a coffee shop in Ahmedabad.
#dumbness",neutral,negative,0.0134,0.9733
Jay shamunda ma,neutral,negative,0.0134,0.9733
Gujarat no Aapno ARIJIT SINH che,positive,negative,0.0134,0.9733
"*હાય ગરમી..*🌞🔥
*અMay અને તMay,*
 *ગMay કે ના ગMay,* 
*રહેંગે ઘરMay,*
*જેને જે ભાવે તે જmay*
*બહાર મત ભMay* 
*Till 30th  May*...
*સમજ્યા તMay ?* 
😂😂😂😂😂",neutral,negative,0.0134,0.9732
jai shree krishna ahiro no nath wah,negative,neutral,0.0135,0.9731
Dinu bapu no ઘારિયો kuvo.😍😍❤️🧿,positive,neutral,0.0135,0.973
Maa To Maa Che 🙏🙏🙏🙏,positive,neutral,0.0135,0.973
Vikram Bhai ha,positive,neutral,0.0135,0.973
Chalo ek dusre ko support kare😊,positive,neutral,0.0135,0.973
Tempo padi jaay che atle ke dhimo thay jaay chhe,negative,neutral,0.0135,0.973
ha. moj ha,neutral,negative,0.0135,0.9729
Jordar Vikram bhai fait south chhe,neutral,negative,0.0135,0.9729
શિંગોડા નો લોટ એટલે રાજગરાનો લોટ? Please reply આપ જો,neutral,negative,0.0136,0.9729
What about those who don't have both crush and loved once 😅😅 song to aavi gyu have..lonelyness thai jaai,negative,positive,0.0136,0.9728
God bless you team...supprb jay mataji,negative,positive,0.0136,0.9728
JAY MAA ASHAPURA,neutral,negative,0.0136,0.9728
Pondicherry chaa Amai Pondicherry thi thumbnail joi chaiya chee,negative,neutral,0.0136,0.9728
Tamara mathi ghanu badhu shikhu su hu,neutral,positive,0.0136,0.9727
Kitna sundar jai chhat maiyyea,negative,neutral,0.0136,0.9727
Vikram bhai tamari full movie YouTube par kem nathi mokata please have to muko,positive,negative,0.0136,0.9727
"Hare Krishna  jay deep patel i learn things from you like 
1. Storytelling skills
He turns simple daily life into interesting stories
You learn how to:
Build suspense
Add emotions
Keep viewers engage
📹 2. Basic video shooting & editing
How to:
Frame shots properly
Use natural lighting ☀️
Capture moments on the go
You also see simple editing styles that work well
🗣️ 3. Communication & confidence
He talks naturally on camera
You learn:
How to speak confidently
How to express feelings clearly
How to connect with an audience
❤️ 4. Family values & relationships
His vlogs focus a lot on family
You can learn:
Respect for parents
Importance of bonding
Handling emotional situations
⏰ 5. Consistency & discipline
Posting regularly teaches:
Staying consistent
Managing time
Being dedicated to your work
💡 6. Creativity from everyday life
He shows that you don’t need fancy things
You can:
Turn normal days into content
Find ideas around you
📈 7. Building a personal brand
He created a strong identity online
You learn:
How to grow an audience
How to stay unique
How to connect with followers",negative,positive,0.0137,0.9727
manan bhai tamara omegle video ne miss karu chu......pls new omegle highlight lavo..,neutral,positive,0.0137,0.9727
Mango 10 aape 20 Maro Dwarkadhish Mitro Kale maru song aave chhe Like share and subscribe karjo Kanudo mane bov valo,neutral,negative,0.0137,0.9727
Mustard oil se test achcha aata hai,positive,neutral,0.0137,0.9727
Badshah ni begam hoy,neutral,negative,0.0137,0.9727
"Hum to dilthe raees the,
     Par duniya loota chuke,
Bari kuch esi aayi,
       Teri yad me kho chuke.❤❤❤",positive,neutral,0.0137,0.9727
But how to eat this???,neutral,negative,0.0137,0.9726
Waah jignesh Bhai,neutral,negative,0.0137,0.9726
Om stole the show!! We need more of this improve. 💪💪,positive,neutral,0.0137,0.9726
Kabita ji thank u so much aap bahot tasty aur easy recipe banati hai .aapki recipe try kari bahot tareef kari sabne .lekin is tareef ki hqdaar aap h thank u once again . hamesha achi achi recipe banati rahe ❤❤,negative,positive,0.0137,0.9726
Mogal mogal and khali mogal j biju kai nai vala,positive,negative,0.0137,0.9725
Vikram Bhai nii vat na Day,positive,negative,0.0137,0.9725
"After watching this,
 I think i have to start Omegle because i just want to talk to you because i don't know when I'm meeting you in person...so let's do this

😉🤣😀😁",negative,positive,0.0138,0.9725
"Tere bin ab na lenge ek bhi dum, tujhe kitna chahne lage hum❤️",positive,neutral,0.0138,0.9725
Hu pan volg banavani sharuvat kari che bhai mane pan sapot karjo bahi🎉,positive,negative,0.0138,0.9725
Jay vihat ma Jignesh bhai,neutral,negative,0.0138,0.9724
Tamne lage tmara mate karyu na re na babita ne ly jva mangt9 hato ane babita ne  vaprva mate kryu hatu😂,neutral,negative,0.0138,0.9724
Hamne pehli baar aap ke video me dekha hay fajita,positive,neutral,0.0138,0.9724
Dil Ne Puchi Ne Vat Karje you Or Best laine,negative,positive,0.0138,0.9724
"Matho thodo thick hoy che , Shrikhand karta 😅😂😂",negative,neutral,0.0138,0.9723
So sweet kirti mama raag aarti ma bahu masti kari hooo🥰🥰🥰🥰🤗🤗🤗🤗🤗,neutral,positive,0.0138,0.9723
Bhai jamtaj joi rayo chu ne ipl ni final pn nathi yaad 😅,negative,neutral,0.0138,0.9723
Mumbai ma hu 35 year thi rav chu aaj sudhi aa bhaji joy nathi,positive,neutral,0.0139,0.9723
Gujarat nu Gaurav Che Jignesh Barot ❤❤❤,negative,positive,0.0139,0.9723
Bhaiii Pani 💦 Paani Ho gaya Stay Safe Always Bless Bhaiii,neutral,positive,0.0139,0.9722
👉SG digital:-તમારા નવા આવનારા વીડિયો ની જાણકારી મેળવવા માટે સબસ્ત્રકાઈબ કરો અમારી ચેનલને બેલ ના નિશાન પર ક્લિક કરવાનું ના ભૂલતા👍,neutral,positive,0.0139,0.9722
Jaydeep bhai Aap jesha video koi nahi banate hai jaydeep bhai Aapki mehnat hai bhai 👍🏻🫡❤️,positive,neutral,0.0139,0.9722
Jay ma chamuda,negative,neutral,0.0139,0.9722
I have heard of fajito but never tried it.  No that doesn’t mean I am adivaasi. In fact I’m sure adivaasi have tried it.,positive,negative,0.0139,0.9721
"Sauthi pela jhalmudi nu meaning che jhal etle tikhu ane mudi etle mamra.ema tamatar no hoy dry type ni hoy boiled chana, aloo,pyaz, masala shingdana, limbu ane thodo masalo ane kachu sarsav nu tel hoy .uper thi nariyal no tukdo ane sev nakhi sakay .ama green chutney no hoy.",negative,neutral,0.014,0.9721
Vah kaviraj ...Jyre hu tensan ma hov tyre aa song sabhdu ne vala tyre aa jiv ne bau Santi made che kaviraj .Jay mogal maa,neutral,negative,0.014,0.9721
Didi bilkul tasty bana hai 🤤🤤🤤🤤🤤,neutral,negative,0.014,0.972
Tiger to Tiger se bhai,neutral,positive,0.014,0.972
Jay mataji jay Mogal bhai,negative,neutral,0.014,0.972
Aa git kone kone pasnd aavyu se to ahiya 👍laik karo,neutral,negative,0.014,0.972
A akhu song tmara avaj ma sambhlvu che,positive,negative,0.014,0.9719
Ek dam power-packed voice . Mare aa clip  download karvi che. How can i,neutral,positive,0.014,0.9719
Vikrambhai thakor tame rari comments like kari a badal aabhar,negative,positive,0.014,0.9719
Navo ghodo chhe eeni benne 😂😂 pure gujrati,neutral,positive,0.0141,0.9718
Jordar song Ha king Ha Boom boom,positive,negative,0.0141,0.9718
"Kabita ji kal me aapke bare me such rahi thi or phir raat ko aap mere sapne me aaker mujhe milne aaye 😊 mujhe believe nahi hua kyoki aap itni famous youtuber or me ek aam lady, but mujhe bahut khushi hui apse milker, sapna hi sahi pr mujhe bahut acha laga aapse milker kyoki aap mere mentor ho kabita ji. I like your simplicity and beautiful smile very much ❤😊😊",positive,negative,0.0141,0.9718
"Hi😀 I m leave in USA, I have to tell my cousin will you send the Khaja, now I will make 😄😄😄😄 than you for sharing the recepie",neutral,positive,0.0141,0.9718
Green onion skip kari shakay?,neutral,negative,0.0141,0.9718
Patel ni patelai ane thakor ni khandani full movie upload Karo,neutral,negative,0.0141,0.9717
Bhai ajbo pati hoy pan femly sathe na the a mans ni jindgi kai kam ni nhi,negative,neutral,0.0142,0.9717
Ketlu Baroda gaya cho? khabar nathi tamne,negative,neutral,0.0142,0.9717
tiger. to. tiger. che. ho,negative,positive,0.0142,0.9716
"Sanjaybhai and Parth…. Amazing father-son duo. In perfect Sync. Parth’s stage presence is charming. 

But today’s highlight was ….. Chirayu’s roast. It stole the show. Both Deep and Om were just outstanding. Loved every moment of today’s show. You guys are amazing. Manan is becoming The Host …. Gr8 Job at containing people. Love you guys. 

IMHO, This show is….. The Gujarati Kapli Sharma Show. 😜. I don’t how ‘heavy’ people come, but I am sure, they are very ‘light’ when they leave. Tamari varsho ni tapasya have faali rahi chhe. 

Jo tame Kavita ne aa show ma importance aapava mangta hoy to….. I have a recommendation….. Dr. Raees Maniar. You will not regret. Ane Ashok Dave…. Jo e paan aave to hasya na to fuvara chhootshe, in guarantee. 

Nava artists ni saathe joona ne pan invite karo….. pachhi juo tamaro show kyanthi kyan pahonchi jashe.  

❤️ from 🇨🇦.",negative,positive,0.0142,0.9716
Ha bhai jarur,neutral,negative,0.0142,0.9716
Congratulations to lavari team 1million subscribe mate badha gajab cho yar manas frustration ma hoy toye hasavi dayo jo ke hu nathi frustration ma atle maine pin out na karta special chirayu bhai tame,neutral,negative,0.0142,0.9715
જોર દાર સોગ છે અને અમે જીગનેશ ભાઈ ને ફુલ સ્પોટ છે જીગનેશ ભાઈ નો ચાહક Love you જીગા ભાઈ,negative,positive,0.0143,0.9714
Audio song upload Karo ne bhai,neutral,negative,0.0143,0.9714
jay ma mogal Bhagudavali,neutral,negative,0.0143,0.9714
Kal jaydeep bhai ne madya aemno behave very beautiful mne saram avti hti bolavama aemne same thi puchyu k km cho tme baki aaj kal koi same thi na bolave ekdam calm person ego and attitude 0 percent bav mja avi jaydeep bhai ne madine sarika didi ne yad karya hata,negative,positive,0.0143,0.9714
Stop promoting organizations which care more about money rather call a charity organization at least they will bring a difference in the society. Just because you were or are member don’t mislead people into believing them.,positive,negative,0.0143,0.9714
Bhavna Masi ne jovu Italy mane mara Mami yad Ave chhe,positive,neutral,0.0143,0.9713
Jay mataji bapu,positive,neutral,0.0143,0.9713
Ha 🐯 Vikram bhai ŤHÁĶØŘ🐯 Jay Babari,neutral,positive,0.0143,0.9713
Kirtidan bhaiPlease saport karjo mane hu singer jyoti goswami banashkantha thi su.hu pote handicap su.mane koino saport nathi ❤❤🙏🏻🙏🏻,neutral,negative,0.0143,0.9713
JD bhai tme ek divas aagd chalo cho Gujarati na suvichar vanchvama aaje 6 June che.. tme 7  June no suvichar vanchi lidho che,positive,neutral,0.0144,0.9713
🙏🙏 Jay Jay man saman Mata namo namo namo Mata 🙏🙏🙏🙏🙏🙏🙏🙏🙏🙏,positive,negative,0.0144,0.9712
A pogram kyar no se 2017 ke 18,negative,neutral,0.0144,0.9712
He bhagwan Jaydeep bhai sabko kitne irritate karte hai 😂😂😂 Dhanyawad hai Sarika ko😂😂,neutral,positive,0.0144,0.9712
Sonal bhen aaviya raag aviyo amne mja avshe stej par bolavjo,negative,neutral,0.0144,0.9712
Han jiga ne mauj🎉,positive,negative,0.0144,0.9712
Today i tried it. Its taste 😋awesome. Ancient says સુરત નુ જમણ અને કાશીનુ મરણ ભાગ્યવાળા ને જ મળે. 👍,neutral,positive,0.0144,0.9712
"Aje world music day na avo geet sabhadi ne anand avi gayo ho 
Happy music day💐💐",neutral,positive,0.0144,0.9712
Pasand a gai,neutral,negative,0.0144,0.9711
Enda ye gaynd Mari ne ok nava nava git awes mahasivratri nu ok etle j git vagtu tu ok ama nay ok jirik war apyu ok chalu Kari ne check karay na ape ok phone mar ok,neutral,negative,0.0144,0.9711
Bhai nu thay gayu 👍,neutral,negative,0.0145,0.9711
Superb song aa vakhte bhagwan ne dua che ke koi maine pan Mali jai Jana mate hu pan aa song gau,neutral,positive,0.0145,0.9711
Nice recipe… par kya brocolli ko pani me boil karne se uske vitamins pani me hi dissolve ho jayenge na? Usse acchha use steam kar le toh??,positive,neutral,0.0145,0.971
12:47 he is trying to give so many tags but unfortunately didn’t end the joke with a blast. I love this raw moments which are unedited. Thank you lavari,negative,positive,0.0145,0.971
Jay ramdev ji,neutral,positive,0.0145,0.9709
Vapi valsad side je total Keri nu athanu bane chhe te share Karo ne pls .ema Keri ekdam pochi rahe chhe ...pls pls koi bija ne khabar hoy to share Karo ne,negative,neutral,0.0145,0.9709
Aapki recipe ka koi jabab hi nahi Maine to aapki recipe dekh kar hi khana banana sikha hai❤❤❤❤❤,neutral,negative,0.0146,0.9709
વાપી ma બુલેટ ટ્રેન નું stopage આપ્યું છે પણ વલસાડ ma stopage nathi આપ્યું 😂,neutral,negative,0.0146,0.9708
🙏 jay ma mogal 🙏,positive,neutral,0.0146,0.9708
Sir tamara voice ma jadu che,neutral,positive,0.0146,0.9708
Gadhvi na ek dikra ni kalam ma ane bija na aavaj ma avi shakti chhe k maa mogal ne chhoruda ni vat sambhadvi j pade,neutral,negative,0.0146,0.9708
Bhavin app intna cute kaise ho 😊❤?,positive,neutral,0.0146,0.9708
Kaya sempu thi,neutral,negative,0.0146,0.9707
Bhai a ford ledhi toy avu kare che saru thayu 4 bagdi vari nahi ledhi 😀😂😂,negative,neutral,0.0147,0.9707
Aa to thakor 6 thakor,neutral,negative,0.0147,0.9707
For editer:- 3.49 was inspired by revant? The darker layer?,neutral,positive,0.0147,0.9707
"Ice ne sink ma padyo to bhi ema thi lidho, aavu na kar sarika, bijo ice lai ne ne fridge thi, kya paisa lagvana hata? Jd manda thaine emne looz motion ( favorite topic) thase to tame j kantadso, ena kerta thodu dhyan do😅",negative,neutral,0.0147,0.9706
Jay bajrang bali 🧡🙏,negative,positive,0.0147,0.9706
Amare to aavi j nathi javani vaat to dur 6,positive,neutral,0.0148,0.9705
Hezu ni alg chennal banvo ema ena mini vlog nakho. Bavj sars bolvnu che. Hezu eme nani hati tyathi smart che mane to e divsh yad aave jd bhi ne keti time batvo ghdyl pase layi jati nani hati tyre ne dad na suvichar lo,neutral,positive,0.0148,0.9705
Jai ma sonal 🙏,neutral,positive,0.0148,0.9705
aa navratri ma jamshe ho bapu.....maja aavani 6,neutral,negative,0.0148,0.9705
Jay Ma Aai Sonal Mataji 🙏,neutral,positive,0.0148,0.9705
Good one jiga bhai pasa marcet ma utarone have 🫶💔 sad song lai ne,neutral,positive,0.0148,0.9704
Mai bnaungi didi,neutral,negative,0.0148,0.9704
Hum ne pehali bar dekha,neutral,negative,0.0148,0.9704
Unique recipe👌i will try👍cheese વગર બની શકે?,neutral,positive,0.0148,0.9704
Aap ne aapo,neutral,negative,0.0148,0.9704
I have no words ❤❤❤ garba hoy to aava......🤩,positive,negative,0.0148,0.9704
Nimyle cleaner pehle try nai kiya but ab soch rahi hu le loon ek baar..,negative,neutral,0.0148,0.9703
"@riteshmehta munna raja, sache tame avu karyu tu? 😂😂😂😂",positive,negative,0.0149,0.9703
Aa gujrati chhe?,positive,negative,0.0149,0.9703
Jai shree Ram❤,neutral,positive,0.0149,0.9702
Jai shree ganesha❤,neutral,positive,0.0149,0.9702
"Hahahaha o bhai....Kaise chal rhe ho....
Banda khta hai....khaane  k khaali plates uthaane aa rha hai.... 😄",positive,negative,0.0149,0.9702
Manan kaka Gta Vadhare Demand ma chey Tamari We want more gta 🥰,neutral,positive,0.0149,0.9702
You are Gujarati,neutral,positive,0.0149,0.9702
Bhai aana pachi hi sukhbeer ne follow karish...,neutral,negative,0.0149,0.9702
I was delighted to hear the Laadki song in Angrezi Medium but I was equally disappointed not to hear your voice in that song.,negative,positive,0.0149,0.9701
Ye to bihari dish gulgule h,neutral,negative,0.015,0.9701
Amara ghare fajetu nathi banyu haji sudhi😅😅 ane sambhdyu pan hamna j,positive,neutral,0.015,0.9701
"ane aa 8 kon chhe jene dislike kari chhe ???????? 
what else you want ....... this is best",negative,positive,0.015,0.97
Ha vikram bhai ni moj ha ..nice 1 song,neutral,negative,0.015,0.97
Oyy bhai Savrastra ni sukame halki kare tamaru karo,positive,negative,0.015,0.97
Jaapa bazar ma che pagdi badhawa wara Amara wada che,positive,neutral,0.015,0.9699
Vaah jignesh bhai kaviraj,neutral,negative,0.0151,0.9699
Wha jiga bhai wha,neutral,negative,0.0151,0.9698
"I dont know who are those 29 ppl who dislike this song. Must be the one who does not know Gujarati. You are doing a great thing..keeping old values alive in a new way. Proving ""Parivartan sansar no niyam chhe"" and badhu ""parivartanshil"" chhe. 
_/\_",negative,positive,0.0151,0.9698
Jio mara wala,negative,positive,0.0151,0.9698
Anu nam bhagat muthiya Kem chee?,negative,neutral,0.0151,0.9698
Kush and Abdul bhai hamari school ke anual function me aaye the😊,positive,neutral,0.0151,0.9698
Atyant Sundar...jay maa Sonal,neutral,negative,0.0151,0.9697
Kudrat radyo ny bhai .kudrat radi aave,positive,negative,0.0151,0.9697
JAY DWARKA DHISH 🙏🙏🙏,neutral,positive,0.0152,0.9697
Sachi vat se Bhai nice song👌👌👌,neutral,positive,0.0152,0.9697
Dr.sanjay meriya ને બોલાવો પ્લીઝ જે એક DJ ડોક્ટર છે.,neutral,positive,0.0152,0.9696
Game e atli tarraki kari che toi Wright Brothers nu plane udava apyu 🤦🏻‍♂️🤣,positive,neutral,0.0152,0.9696
Jina panna market mo halata hoy aenoj virodh thay 😊ha bhavesh ziliya 🐴🐴🦁🦁🦁🦁🦁🦁🦁🖤🤑🤑😠🦁🦁🦁🦁🦁🦁🦁🦁🦁🦁🦁🦁🦁🤘🦁🦁🦁🦁🦁🦁🦁🦁🦁🦁🤘🤘🤘🤘🤘🙋🦁🦁🦁🦁🦁🦁🦁🦁🦁🦁🦁🦁🦁🦁🦁🦁🦁👏👏🦁🦁🦁🦁🦁🦁🦁🦁🦁 mastani,negative,neutral,0.0152,0.9696
Happy unalama shakni boj magajmari nava shak janavo to sru chhe,neutral,positive,0.0152,0.9696
Jay Jay Satnam,positive,neutral,0.0152,0.9696
Mast songs 6e jiga bhai,positive,negative,0.0153,0.9695
1 kalak na garba rehata hata agadi have 30 min na thai gaya...yaar maza nathi rahi tahukar 2 is best garba ..,positive,negative,0.0153,0.9695
Kharekhare Rovanu aavi gayu... Concept bauj vichari ne banavjo,negative,positive,0.0153,0.9694
"37:15 Ene ""Public domain"" to use kevay",negative,neutral,0.0153,0.9694
App Achar test kr rahi thi aur yaha mere muh me pani aa raha tha..🤤😋😅😂,negative,neutral,0.0153,0.9694
18:30 thi lain 19:05 vatt bhale hasta hasta kro but inside bav j hurt thayuu hase ❤️‍🩹😢😢,negative,neutral,0.0153,0.9694
Jorda mari kuldevi vihat,positive,negative,0.0153,0.9693
"With All Due Respect, There were 396 princely states who were not part of India and then were made part of India by signing the Treaty of Accession.",positive,negative,0.0153,0.9693
Su aavi vahiyaat aaki bakki na jokes maro cho jara pan shobhtu nathi kyare pan koi pan time bakvas karo cho.,neutral,negative,0.0153,0.9693
Ye Dharal humesha Darshan ke sath rehti hai.Don't be offend but I feel like they are in any relationship. I am not shipping but trust me I can give you many reasons.,positive,negative,0.0154,0.9693
Manan bhai vlog chalu karo have roj na🙏💎,negative,positive,0.0154,0.9692
Wahh ame valsad thij che,positive,neutral,0.0154,0.9692
100% aevu lage che ae geet ni abaru kathi che  pan bhagvan jove che,neutral,positive,0.0154,0.9692
Dbb hai kya hua 😀 ka matalab I tbnd hai na fir ek I wish tnngm to resolve find a different sizes and inns and ❤️💕 csvvn and,negative,positive,0.0154,0.9692
Koi technology hoti jisse screen se plate bahar aa pata 🥲😏,negative,neutral,0.0154,0.9691
Me Surat no Chu pan mane nathi kabar a bhai no hevy leval par Che,neutral,negative,0.0154,0.9691
"Ha bhai bav maaran joiye have ketlu kare, bav attitude ne bhai😂😂",positive,negative,0.0155,0.9691
Hum Bachpan se sarso ka saag aur makke ki roti khate bhi aa rhe aur main banati bhi hum har winter mein...but apka ye style thoda different hain ..boil karne ka tareeka same hai but uske baad ka process alag hai ..❤I like it n I will definitely try this .thankyou kabita ji ❤,neutral,positive,0.0155,0.9691
A વણેલા western like spaghetti western,neutral,positive,0.0155,0.9691
Khubaj sari rite tame batavyu thanks,neutral,positive,0.0155,0.969
"Ha maro valido ha Ha maro thakor ha ,,,,MAHESH Rathava",neutral,negative,0.0155,0.969
Aap teeno purani jaghe par hi video bano plz,neutral,positive,0.0155,0.969
Jay Shree Ambe Maa 🙏🏿🙏🏿,negative,neutral,0.0155,0.9689
વિગન  લોકો માટે દહીનું કઈ option ખરૂ? કેમકે સોયાનું દહીં ખાટું નથી થતું,positive,negative,0.0155,0.9689
Bahu saras ane interesting che,neutral,positive,0.0156,0.9688
Gokul ma se jeno vash gopiyo sang kare e nivash devki yashoda se jeni mayya aeva se aapla kishan kannaya,neutral,negative,0.0156,0.9688
Aap to vegitarian the na to kb se khane lage aap ye sb,neutral,negative,0.0156,0.9688
achanak se mere feed me aagaya or main khush ho gayi.. but vdo feb 2022 ka hai🥺,positive,negative,0.0157,0.9687
Yamm che ❤❤,positive,neutral,0.0157,0.9686
Jay mogal Sadiya Sayaite,negative,neutral,0.0157,0.9686
Dixa Mari nebour chhe,positive,neutral,0.0157,0.9686
Tv 9 ma job karta hoy e emna monthly payout 50% male to kam kar se? To taxi driver jode kem expression rakhe che.,negative,neutral,0.0157,0.9685
May every agiyaras tulsi ki lakdi may laldhaga lapet k diya karti hu .masi ne bataya aise hi.sukhi hui tulsi ki lakdiyo ki Diya ki bati bana di hay maine ek sal chale itni .Aaj bhi diya kira tha maine 🙏Jay Gor maa 🙏😊♥️,positive,negative,0.0158,0.9685
Welcome dwarka અમે દ્વારકા ના છીએ,neutral,positive,0.0158,0.9685
"Tame aaje 15 February 2021 Rasoi Show ( Colors Gujarati ) par aavya chhe Paneer Pasanda ni recipe laine "" Dipika Ben Hathiwala "" ej ke?",negative,neutral,0.0158,0.9685
Sp sir from amreli vary good job sir,neutral,positive,0.0158,0.9684
bhai a dill thi banayu 6e bhai...,positive,negative,0.0158,0.9684
Vaah bhai vaah @music.priyaansh Kudos to the team....,negative,positive,0.0158,0.9684
Kirti Bhai ને જોઇએ તો પણ એમ થાય કે નાં આ માણસ એ ગુજરાતી સંગીત ને ક્યાંય પહોચાડ્યું.... ખૂબ ખૂબ અભિંનંદન,neutral,positive,0.0158,0.9684
Bhai aa pani ma bahu na jaso pachi  eaching thay Kai Jivat pan aave,neutral,negative,0.0158,0.9684
Mari daughter 2014 mass media ma all india topper avi tyare samriti ma'am e latter nnn gift moklyu chhe...,neutral,positive,0.0158,0.9684
Sir ne fakt mic stand banavi ne rakhiya che,positive,negative,0.0158,0.9684
Miss you😢 mari suniii...❤😢,positive,negative,0.0158,0.9684
Sarika khub j premal che   jay Shree Ram,neutral,positive,0.0158,0.9684
Hamara savaj ha,neutral,positive,0.0158,0.9683
chirayu jevu me pan karuc hhu. downlaod karu jov nahi. dlete karu.. mafat na  aapvana ke su ? bagado ?,neutral,negative,0.0159,0.9683
Jiga Bhai mane 10 year pehala nee yad apavi,positive,neutral,0.0159,0.9683
Kash koi garib chote bacho ko yh chocolates dete  aur v acha lagta 🥰,positive,neutral,0.0159,0.9683
Soprhiit Nice ho pan Gujarati cuhu tamne kabr cehe❤❤❤❤❤❤,neutral,positive,0.0159,0.9683
Chatni ni recipe pan share karone ben mari please 🙏,negative,neutral,0.0159,0.9683
Kevu padey ho akhu gar mhentu chey bhai jat mahenat jinda bad❤,positive,negative,0.0159,0.9683
Kem cho jiga bhai,positive,neutral,0.0159,0.9683
Sir ek Vaar Tamne Malvani Icha Che Plz Sir Kyarek Free Hoy To Tamara Friend Ne Maljo plz plz 😊🙏🙏🙏,negative,neutral,0.0159,0.9682
Jordaar jiga Bhai,neutral,negative,0.0159,0.9682
Vaah jignesh Bhai jordaar track song,neutral,negative,0.0159,0.9682
Miss this..... આવશે સાતમને સોમવાર,positive,negative,0.0159,0.9681
sir maru song karso me ek new love song lakhyu se,neutral,positive,0.0159,0.9681
Hii jignesh Bhai,positive,neutral,0.016,0.968
તમે તો all રાઉન્ડર છો હાં જીતુભાઈ...,neutral,positive,0.016,0.968
Kem Cho vikram bhay,positive,neutral,0.016,0.968
Hamko kisi ke GAM ne mara please sir farmaish puri karjo,negative,neutral,0.016,0.968
Maja bou avi jignesh bhyiii pn aa dhanot panot no meaning shu thaii?😅😅😅,negative,neutral,0.016,0.9679
JAY SHREE RAM,neutral,positive,0.016,0.9679
*I wish aap teeno aise hi hmesha rho🥺 forever 🥰* #teentigada #sameeksha #Vishal #Bhavin,neutral,positive,0.0161,0.9679
ma mogal jay ho,neutral,negative,0.0161,0.9678
Bjp sarkar kam kare che pan vahdre varsad avi gayo che pan pani utari jase khoti news na batao . Aje varsad vadhre hovathi school ane college ma amari sarkar raja api che,negative,neutral,0.0161,0.9678
"Dear Manan Bhai and Team (Comedy Factory),

Namaskar,

I would like to kindly recommend Gujarati actor Chetan Daiya for an opportunity in your show. He is a very talented actor and an excellent entertainer who has impressed audiences with his comic timing and performances.

I believe that giving him a chance in Comedy Factory would not only showcase his talent to a wider audience but also add great value and entertainment to your team.

I sincerely request you to consider him for an opportunity.

Thank you for your time and consideration.

Best regards,
Vijay Chauhan",negative,positive,0.0161,0.9677
Jay Shree Krishna Masi Kaka 🙏❤️Kaka no saras suvichar hato 🙏Masi ane Jaydeepbhai ni mithi nokjok jovani maja avi Masi bov mast comedy kare ❤le gaye 😊hasta hasta bole ne mast cute 🥰 lage Masi ❤sarika bateka pova mast banaya 👌sarika himmat vali che ane badhe pochi vale avi che ak strong woman atle sari rite be chokra nu dhyan rakhi ne Jaypur pochi jase Jaydeepbhai chinta na karso 🙏Sarika enjoy karjo ben na ghare Happy journey 🎉tyathi vlog banavjo kemke vlog ma tamara vagar amne nahi gamse ❤❤Jaydeepbhai akla padi jase 😂kanu photo ma bahu cute 🥰 lagto hato. Kanu Heju ne maro khub lad ❤❤badha ne Jay shree Krishna mara 🙏❤️Masi guvar na bane sak mast banaya 👌,negative,positive,0.0161,0.9677
krishna offical channal tarf thi vikaram bai ne full spport 6 jay mataji,negative,neutral,0.0161,0.9677
L.J college ma pan cheking karavo canteen valo avu j kare che,negative,neutral,0.0162,0.9677
"Anti Hindu movie. Shame on this Gujarati movie producer, Director and Actors Gujarati film industry is as worst as bollywood",negative,positive,0.0162,0.9677
Chana no lot na hoy,neutral,negative,0.0162,0.9677
6:37 the way edited laughing sound into helipad sound 🤣 resemblance is hilarious,negative,positive,0.0162,0.9677
Hi kem chho resepi joy ne modha ma pani aavi gayu 🤤🤤,negative,neutral,0.0162,0.9676
Paisa mate su karvu??,neutral,negative,0.0162,0.9676
Bahut badhiya ma'am 🎉,neutral,negative,0.0162,0.9676
Jay khodal Raj,positive,neutral,0.0162,0.9676
Jay jay murlidhar,positive,neutral,0.0162,0.9676
Warsad ni mosam ma maja ave khava ma 😊 Aje to surat ma Full varsad che😊 everywhere pani J pani,negative,neutral,0.0163,0.9675
🙏 🕉 Jay shree mogal ma,positive,neutral,0.0163,0.9674
કોને કોને કાઠિયાવાડી ડાયરા ની vibe આવે સે ડાયરા ની મોજ 1:05,positive,negative,0.0163,0.9674
"Balls banavi ne ene freezer ma rakhi shakay??
Pachi ene bija divse ene fry kariye to chale??",neutral,negative,0.0163,0.9673
Prani ne lavvi hti ma..ra..re...ghar ma...👌,negative,neutral,0.0163,0.9673
Ben  aa Garmi nahi El  Nino che ane tame Maja pade ko cho. Please  spread message about global warming and climate change in all videos before its too late. I think it's already late.,neutral,negative,0.0163,0.9673
kyar horu. muvii kamplet. thase,negative,neutral,0.0163,0.9673
jay maa ambe.,neutral,negative,0.0163,0.9673
Sir apna koi new song jldi laiye and haa apne jo song Sam ke saath kiya tha Chandigarh me uska kya,positive,neutral,0.0164,0.9672
"ગીત પ્રમાણે મસ્ત કોમેડી વિડિયો બનાવ્યો છે..ખૂબ સરસ કોન્સેપ્ટ છે..ખેતર માં જુવાર માં હિરોઈન નાચે અને શરમાઈ ને ભાગી જાય એ સીન જોરદાર બન્યો છે..ગીત પણ ઘણું રોમેન્ટિક છે અને પ્રાસ પણ સરસ મળે છે..પ્યાર,વિચાર,ઇન્તજાર nice....kanti patel song wraiter",neutral,positive,0.0164,0.9672
Vahhhhhh.....vahhhhh.... Vahhh..... Su tamaro avaaj che 🔥🔥❣️,neutral,negative,0.0164,0.9672
Bhavin bhai ek number ❤️,negative,positive,0.0164,0.9672
1nambar song vikram bhai,positive,negative,0.0164,0.9671
"Bidu (Jackie Shroff) was one of my fav , so many actors never knew they are Guju's . ek vaar Sunil Grover ne bolavjo bhale ne guju nathi toi ..",positive,negative,0.0164,0.9671
Bunty ji inteha ho gyi intezar ki aayi na kuch khabar .... Apko pta hie h kisiki 🤧😂,positive,neutral,0.0164,0.9671
Chatni ma kothmier vather hou to sho karve,negative,neutral,0.0164,0.9671
Snappy stole the show in end!!!,neutral,positive,0.0165,0.9671
"Sahi hey school chalu ho gai to sub mummy ki bhi subah jaldi hone lagi
Mera beta.6.30 school ke liye jata he tuje 5.30 se  breakfast banana padta hey",positive,neutral,0.0165,0.9671
"આજ સુધીમાં નંબર 1 ,સોન્ગ છે....... તમારું જીગ્નેશ ભાઈ.... tnx for new song...",negative,positive,0.0165,0.9671
Bhai Bhai..jordar👌👌,neutral,negative,0.0165,0.9671
Video banvo bhai,neutral,negative,0.0165,0.967
Hu india na shaak bau miss Karu chu,neutral,negative,0.0165,0.967
બેવફા ના ગીતો બનાવો યાર મજા આવે છે બેવફા ની bunne paનું,neutral,positive,0.0165,0.967
You tube channel ક્યારે આવશે આ પિક્ચર,negative,positive,0.0165,0.9669
Jay hinglajma Jay jadiyaveerdada,negative,neutral,0.0165,0.9669
Thumbnail bov aj funny laage che 😂😂 JD bhai tame Ai use toh karyu pan hug Ba ne karo cho aevu lage che Bhumi ben na kapda perela 😂,negative,neutral,0.0165,0.9669
Rani mano to rani...dasi mano to dasi😅,positive,negative,0.0166,0.9669
🙏Jay soal maa 🙏,neutral,positive,0.0166,0.9668
"Tame loko suru aatma Subsribe karva mate vinanti karo cho , pachi jevu tamari channel hike male che to paisa laine join karie and member baniye toj jova male evu optoin rakho cho, etle subsrcriber je che emne nicha level par lai jav cho, to normal subscriber ni kai value nathi rehti.",neutral,negative,0.0166,0.9668
Maine bhi banaya but dudh se ma'am 🎉,neutral,negative,0.0166,0.9668
Bey bhai ben na pag ma su thayu?,neutral,negative,0.0166,0.9668
Mast video che very nice evaa video joie ne navu Shikvanu Male che ni avdtu hoi t bi me video joine banvu chu recipe mara baccha party ne boj game che 👌,neutral,positive,0.0166,0.9668
જીગા ભાઈ Instagram બુમ પાડી દીધી 🎧💖🥰,negative,positive,0.0166,0.9668
Main aur mere Pati coconut Gola khate Hain,neutral,negative,0.0166,0.9668
Manu rabari tamne song lakhi de se,negative,neutral,0.0166,0.9668
Jy Jy shree Son bae ma,negative,neutral,0.0166,0.9668
Manan bhai Gta 5 Roleplay try kem nathi karta!!,negative,neutral,0.0166,0.9667
Jordar Tamara badha song mast hoy che👌👌,positive,negative,0.0166,0.9667
Jeet jaenge ham Vikram Bhai,neutral,negative,0.0167,0.9667
Vah bhai jiga va❤,neutral,negative,0.0167,0.9667
Sarika bacho ko  accha introduction karati hai ❤ morbi se 🙏,positive,neutral,0.0167,0.9667
Ha vihat punasani sarkar,positive,negative,0.0167,0.9667
Most Boring... Totally irrelevant talks and the Guest rarely got chance to speak .. thumbs Down,negative,positive,0.0167,0.9666
😱 Gajab Song che Bhai Fentactic,negative,positive,0.0167,0.9666
Surely going to make this one. ❤️,neutral,positive,0.0168,0.9665
Hu aje j banavy chu,positive,neutral,0.0168,0.9665
Aa episode ma 1 pan Beep word nathi..!!!,positive,negative,0.0168,0.9665
tamara funny game highlights jova ma boj majha aave😂😂🤣,neutral,positive,0.0168,0.9664
Bhavsu caption likna bhul gaye aap 👀🌺,neutral,positive,0.0168,0.9664
"Please Invite Harsh Chhaya (Undekhi) Web Series, I Thik He Is Gujarati B'Coz Born In Bhavnagar, Figuarout Please Maza Aavshe",neutral,positive,0.0168,0.9664
Gujarat ma Boom se bhai,neutral,negative,0.0168,0.9664
Impossible hain dena❤❤,neutral,positive,0.0168,0.9664
shayri thi lai ne tandav gayu tya sudhi paisa vasul lavari hati !! Vishal Jethva he is not just amazing and wonderful actor but also gem of Gujarat heads of to him . Personality thi lai ne film character personality bathu j top che !!and also worth listening to all lavari guys!!,negative,positive,0.0168,0.9663
Jai mogal ma,neutral,negative,0.0169,0.9662
"Manan bhai 18:02 ae modhu bandh raakhyu haut to vadhaar saru hatu

Smitbhai ne bolaavya aenu maan rakhyu che👍🏻✌🏻",negative,neutral,0.0169,0.9662
Ben1927 sal   nanpan AA aabaliya thi  ramta Ben nanahata tya ri nani Babu sathe❤😂,neutral,negative,0.0169,0.9662
Govadiyo part 5 haji km nathi aavyo,positive,neutral,0.0169,0.9662
Lavari bros tame khub pragati karo haji ane aavi rite j lavari shaw countinue karo and congratulations 👏 🎉 lavari ni ek vaat ke amuk to khabar j nathi hoti ke aa actor pn gujarati chhe amazing guys whole team everyone best wishes jay shree krishna ❤🙏,negative,positive,0.0169,0.9661
"Same here Sarika
Mane pan violence vala movie ane webseries nathi gamti.
Social ke suspence hou to game jovani.",positive,negative,0.0169,0.9661
Sandhya haji little baby jevu behaviour kem kare che 😊 15:07,positive,neutral,0.0169,0.9661
Sandhya  na Icecream nu shu thayu?,positive,neutral,0.0169,0.9661
Jay Son Bai 🙏🚩,neutral,positive,0.0169,0.9661
"Naa hoy lyaaa bhai....
ગજબ......",positive,negative,0.017,0.9661
jay mataji jay chamunda 🚩🚩🚩🙏🙏🙏,neutral,negative,0.017,0.9661
Bass no avaj vertually ocho aave che please check and repaired 😇🙏,negative,neutral,0.017,0.9661
Jay shree karishna,neutral,positive,0.017,0.9661
"Many Many Congratulations Guys!!! And OMG the list of upcoming guests is!!!! 😮‍💨😮‍💨😮‍💨 Hat's off!!! Kush Shah,Kaneez,Biswa ohh man!! That Bhenga guy from Latent and man Balraj hat's off and Kudos to you guys and that tune of yours aeee Oli Sonta ne bun Konta!! 😅",negative,positive,0.017,0.966
Jay ma mogal Jay ma momai,neutral,negative,0.017,0.9659
Rupsi thakor official taraf thi full sports jay mataji 🙏👍,negative,positive,0.017,0.9659
Good bhai banne bhaio ne congratulations jordar song. Hamesa banne bhaio aamaj sathe raho,neutral,positive,0.0171,0.9659
jay mogal bap,neutral,negative,0.0171,0.9658
Ae chibri che amara dhare roj àave che,positive,neutral,0.0171,0.9658
"Hezu ka growth ho raha he isiliye pain hota he,fir bhi dr. ko dikhado kyoki kai bar video ayi he ye bat",positive,neutral,0.0172,0.9657
Hu aasha rakhu 6u ke tamaru song upload thay teyare 1 lo views hu hoesa 1 number song 6e bhai ... best of luck,negative,positive,0.0172,0.9656
"Wow,mast, badhiya recipe, main bhi eise karungi,app keise itna sunder baat bolte hai, me bhi kosis Karti hu ❤❤🎉🎉🎉🎉,",negative,positive,0.0172,0.9656
Absolutaly right Advocate bhavesh bhai,negative,positive,0.0172,0.9656
Hardik Bhai papa ne shu and ketli vastu joi a che a notice kari ne badhu dhayaan rakhe che. Sandhya ji pan barabar saaf safai kari ne aave che. Well done. Papa thaki gaya hoy atle Rasoi karva no time naa male. Every 2 3 dayas ma naasto jamavaa nu moklo to saaru pade.,negative,positive,0.0172,0.9656
Ohh ab samjh aaya guns nd samosa me pik pok kyu bola aman bhaiya ne😂😂🤣👏👏,positive,neutral,0.0172,0.9655
Dinesh Bhai Sarika kahe che paisa vaparva no time nathi to am Kaho ke save karo paisa new ghar banava mate kaam aavshe. 2 banglow bani jashe.,neutral,negative,0.0172,0.9655
Ha ankit bhaii tame saras vat kari che ke paisa thi koi matlab nthi pan haa movies hit che..karan ke koi pustak hoy ke koi varta hoy jene loko sachha  dil thi feel kare ne a hamesa hit j hoy che.. koi bi varta ma feel hoy etle a hit se...,neutral,negative,0.0173,0.9655
Jai Shree Krishna!! Adhik maas ke mahatav aapke vlog se pata chala. Aapki society ka get together acha lagta he.,neutral,positive,0.0173,0.9654
😭😭😭 miss you ma,neutral,negative,0.0173,0.9654
Nice mari duva che aa song 3 m sudi pahoche,neutral,positive,0.0173,0.9654
Medam lekhet MA samgri to darsavo to amne pan khayal aave ne perfect map leva mate,negative,neutral,0.0173,0.9653
bhai tame var na lagado video banava ma plzzzzzzz lova from surendranagar,neutral,negative,0.0173,0.9653
Pls don't copy the the scene before the movie name is perfectly copied from bahubali 2 the conclusion bhallaldev scene I love gujarati cinema and i want that gujarati cinema grows like south indian cinema pls don't copy,negative,positive,0.0173,0.9653
Mare hiro zapda offical channel subscribe karo bhai jay mataji,positive,negative,0.0173,0.9653
Bhai mane aaje jetlu hasyo etlu koi divas nathi hasyo. Khub khub abhar tamaro.,positive,negative,0.0174,0.9653
Jay thakar Dhani Jay machhu dham,negative,neutral,0.0174,0.9653
Ha gayal ha💔,neutral,positive,0.0174,0.9652
Aavi hiron no chale ti ti se sav,neutral,negative,0.0174,0.9652
Bahuj Mast Ho Ben 👍🏻🙏🙏🌹🌹,positive,negative,0.0174,0.9652
Jy ma mogal,negative,neutral,0.0174,0.9652
Aunty aapka yah dish ko dekh kar mujhe meri mummy ki yad aa gayi😢😢😢,negative,neutral,0.0175,0.9651
bhai kya editing haii 🤣🤣🤣,positive,neutral,0.0175,0.9651
Repeat mode par sambhadya kru chu....😍moj padi gy,positive,neutral,0.0175,0.9651
🙏🙏🚩🚩🇨🇮🇨🇮jay sonalmaa jay mogalmaa🇨🇮🇨🇮🚩🚩🙏🙏,neutral,positive,0.0175,0.9651
Jay mata ji🙏🙏🙏🙏......... Gunvant bhai Thakor...&.... Jignesh bhai Barot........💐💐💐💐,positive,negative,0.0175,0.9651
Ha vikaramji dhedhu,negative,neutral,0.0175,0.965
Front face reaction chahiye tha..🤣🤣,positive,neutral,0.0175,0.965
Fjeta me chhachh ke andar gotli doi jati hai or usne namak or soth povdar dala jata hai or thodi si chlni bad me jira ka bgar ho ta hai,neutral,negative,0.0175,0.965
Sarika ben ame bhi fajeto banaviya chie must lage che 😊,neutral,positive,0.0175,0.965
jay ma sonabai maa 🙏🙏,neutral,negative,0.0175,0.965
Congratulation JAI MOGAL MAA,negative,positive,0.0175,0.965
"Khub saras mahiti mali thenkyou very much hu bataka vada marcha na bhajiya banavu chhu,👍pauvada saras banavu chhu 😊",negative,positive,0.0175,0.9649
"Keep it up ma'am, I am from Ahmedabad Gujarat😊",negative,positive,0.0175,0.9649
"Jaydeepbhai hu navimumbai thi tamaro video regular jov chu ..killa pardi Maru native che 
.partner joy ne man khush thy gayu ..thanks",neutral,positive,0.0175,0.9649
Tamaru fry pan kai company nu che,negative,neutral,0.0175,0.9649
Aaaaaa TIGER Vikram bhai,neutral,negative,0.0176,0.9649
Jay aai mogal🙏🙏,positive,neutral,0.0176,0.9649
Maza aa gaya hai 😋👍,negative,neutral,0.0176,0.9649
દૂનીયા નોદેતાબ બાદશા ઍકજ Vikram Thakor 😊😊😊😘😘😙😙😙😙,neutral,positive,0.0176,0.9648
Ek dam jorr song se vikram bhai,neutral,negative,0.0176,0.9648
Humein pasand bhi ho yeh jaiga....Phir bhi kya fayda...maa baap nahi leke jaiga🥲,negative,neutral,0.0176,0.9648
Jay Jay Sonal maa 🙏🙏🙏,negative,positive,0.0176,0.9648
Jay Sonal Bai,negative,neutral,0.0176,0.9648
Kryare malisu tame Mane mare aashirvad leva che,negative,neutral,0.0176,0.9647
Sndhya kem video ma nathi avti,negative,neutral,0.0176,0.9647
Belated happy birthday di🎉🎊❤️ sorry bahut late se wish kar rhi hun.,negative,positive,0.0176,0.9647
Ufff didi kya lag rhe ho aap....thi thi thi Nazar na lge love u soooo much❤,negative,positive,0.0177,0.9647
Aa game nu name shu chhe?,neutral,negative,0.0177,0.9646
Dhamka lashan best che ❤,neutral,positive,0.0177,0.9646
Salman ki band bajake Ana tha 😂,neutral,positive,0.0177,0.9645
"Jaydeep bhai kanishk ne kaho ki har vlog ma bolvanu “sab moh Maya hai"" 21:24 21:26 21:26 21:27 21:28 21:28 21:29 21:29 21:30 21:39 21:39",neutral,positive,0.0177,0.9645
Karela se jada life me kadwe logo ka hona bhi jaruri hai Mam..ek health ke liye accha hai to dusra Jeevan me Sabak ke liye..😊,negative,neutral,0.0177,0.9645
its not ghadvi..its gadhvi sir..,neutral,negative,0.0178,0.9645
Baking powder kem nathi add karyo?,neutral,negative,0.0178,0.9645
Haven't had the same with the application for a ka ndonjë ndryshim në një nga pikat më të mira për të gjithë ata të jenë,negative,positive,0.0178,0.9644
Kash avi power Mane pan Mali jat😂,positive,neutral,0.0178,0.9644
Sarika di tame insta per short vlog banawi ne muko..je tame karo cho like kods na tiffine ne temna routin tame shoping jawo cho te..sandhya sathe reels banawo.,negative,positive,0.0178,0.9643
Thanks gujarati filam staro ne,negative,positive,0.0178,0.9643
"Su dosti che tamari, wah wah wah.....",neutral,positive,0.0178,0.9643
Ae hu tya bhekh mangva aavyoto ke kai didhu aagd vadho 😂😂😂😂😂,negative,neutral,0.0179,0.9643
Ame rajkot thi.,positive,neutral,0.0179,0.9643
Mane e nathi samjatu ke atla sunder ane sweet song ne loko dislike Kem Kare che Bahu j fine song che vare vare sambhalvu game evu song che like touching ♥ I love this song Vah vah vikram thakor su sunder song gayu che tame 😍,neutral,positive,0.0179,0.9642
"The Reason to love manam is he's always open to spread about guju industry.! 😌 Bhai Bhai.!
Teend ma reva mate kai pan gaya nakhi devaye.! even this has been trending now 😌🥂",neutral,positive,0.0179,0.9642
Aaje kem aatlo late vlog aavyo????,neutral,positive,0.0179,0.9642
Congratulations dear આટલો સારો સોંગ હોય તો કેમ એક લાઇક નહીં મળે 💘,negative,positive,0.0179,0.9642
",🎤🎤🎤supar jigahesh bhai",positive,negative,0.0179,0.9642
aa chokro kon che sir,positive,neutral,0.0179,0.9642
Watching your videos from Sri Lanka😊🇱🇰Maine aapko Celebrity Masterchef se dekh kar aapki bohot badi fan ban gyi😌💯,negative,positive,0.0179,0.9641
Congratulations jaydeep bhai 👏🧿  jaydeep  bhai mane pan actor &vdancer  banvanu dream che .  e puru to nathi thayu pan tamaru movie  ave to jarur  jova jasu . 🧿🧿🧿🧿,neutral,positive,0.0179,0.9641
Jay mari ma sonal ma....🙏🙇,negative,neutral,0.018,0.9641
"Please there is nothing new about this way of cooking. Infact it's becoming a little boring watching these Paniyaram balls. 
And a request Sheetal ben. If you keep locking important recipes for members only, you are going to lose subscribers because not all subscribers like me can afford to pay to watch. If we see these locked recipes often, we will have no option but to move to some other Gujarati cooking channel that is free.",positive,negative,0.018,0.9641
Ma to 😂roz khata hu😂khud sa bana ke single😅,neutral,negative,0.018,0.964
sandhya ji dekhai nahi😢,neutral,positive,0.018,0.964
Ha MOj ha jay Thakar jay MOgal MA,positive,negative,0.018,0.964
Hi Vikram Bhai Kem Cho,positive,neutral,0.018,0.964
Kayu movie nu chhe Aa song ?,positive,negative,0.018,0.964
Ben Aa Juvarna Dhokla Kyare Nathi Khadha Recipe Saras Chai Ekdum Mast 👌👌 Chokkas Try Karsu Ben 👍🏻👍🏻🙏 U Ben 🙏🌹🌹,neutral,negative,0.018,0.964
DJ Song rakho Bhai..,neutral,negative,0.018,0.964
Gujarat ma varsad avtoj nathi ben,positive,neutral,0.018,0.964
Gajab chhe. I'll try this,neutral,positive,0.018,0.964
jay Dwarikadhish mama,neutral,positive,0.018,0.9639
માં તો માં બીજા બધા વગડાના વા i❤ey,neutral,negative,0.0181,0.9639
Next time please invite Sneh lata ji she is the living legend...🙏,neutral,positive,0.0181,0.9639
legend says that guy is still dancing to the donk track  😂 😂 😂 😂,neutral,positive,0.0181,0.9638
"Ha mara thakor ni dosti, ha moj Super vala",positive,negative,0.0181,0.9638
"Dukhad bhai mere pair m bhi frectuar hua tha,,m plastar katwa di thi,,do bar plastar chadha do mah lg ge the thik hone m,,pr aap ak mah m hi thik ho jaoge,,paneer bhindi patta vobhi bhojan m lo teblet k alawa,,",neutral,negative,0.0181,0.9638
#તલવાર_પણ_મ્યાન_વગર_ #અધૂરી_છે_સાહેબ_ #પછી_આતો_જીંદગી_છે_ #મિત્રો__વિના_થોઙી_જીવાય_ 👬 from.. SrK,positive,negative,0.0181,0.9638
"Sir 1 request 6""Mogal 6 machhrali""Tamara voice ma 
Please sir",positive,negative,0.0181,0.9637
Turiya ni chhal marcha ane  lasan traney vastu ne  tel ma thodi rai muki ne satli lyo pachhimixi malilu nariyel  kothmir ne aa dathi  vastu mithu limbu ne sakar nakhi chatni banavo  bau tasty. Chatni banshe karjo ane kejo please please  kevi lagi jarur,neutral,negative,0.0181,0.9637
Asme monthal ka test aayega didi,negative,neutral,0.0181,0.9637
"Ma’am, could you please make a whole chicken roast and seafood boil recipe? I’ve been one of your very old subscribers and have been watching since the early days of your channel. Would love to see these recipes from you!",neutral,positive,0.0182,0.9637
Aa movie jordar che pan aeno vahiyat ma vahiyat scene aetle Kofi kem magayi,neutral,negative,0.0182,0.9637
Commercial Gaadi nu 1 vakhat kosting kadho pachi kahber pade Auto karata sasta bhada ni aadat padi didhi chhe aa ola uber rapido e,negative,neutral,0.0182,0.9636
MARI LAIF MAA PEHALIVAAR AAVU SONG SABHRVU CHE NICE SONG 💖💖💖💖DIL SE SALAM BHAI JAY MATAJI MERA BHARAT MAHAN,positive,negative,0.0182,0.9636
Ye new new setups kaha se aa rahe hai 😭😭🥹😭mujhe laga tha ki temporary aap kahi gaye honge pr ab to permanent ho gaya pr abhi newly last jo setup tha vo jada achha tha😅😅😅,negative,neutral,0.0182,0.9636
viral che bro..,positive,neutral,0.0182,0.9636
Bhai tamro video to saro hoij che pan tamro video ja edit kara che na A to boss su mast kara che ana ama ja sound muka che na aj jova ayu chu hu,neutral,positive,0.0182,0.9636
Mara khja underthi pocha thaya chhe,negative,neutral,0.0182,0.9636
Vikram bhai 👆Aa git gava mate vinanti 🙏,positive,negative,0.0182,0.9636
Kuva mate pn bv fine name suggest kryu tu na ne dada nu hastag bhavnesh no kuvo bv fine che ba ne dada bnne ni mahenat ba pn bv tiffin bnavi ne moklta so ❤lots of love from bhavnagar ❤,positive,neutral,0.0182,0.9636
Vah jigabhai vah su git se yar vah bhai love you Maa ❤️❤️,positive,negative,0.0182,0.9635
Coffee kem mangavi😂😂😂😂,positive,neutral,0.0183,0.9635
ફજેતો k y. Ahmedabad- Mehsana side mango session ma banave che. Rice sathe jamta hoy che. Mango na gotla and chal ne wash kari ne a na Ras no banav ta hoy che,negative,neutral,0.0183,0.9635
Tamri movie Chudadi na sathvare mast movie hatu,neutral,negative,0.0183,0.9635
K dan jevu tme no gai sago jiga bha ee bahu mst gayo 6,negative,positive,0.0183,0.9635
"સુપર N, ઞકાશ ભાઈ",neutral,positive,0.0183,0.9635
Ha sachaiy wat che ameiy mumbai j hata,neutral,negative,0.0183,0.9635
"Wah....
Samay viti gya pachhi sorry no koi matlab nathi....",neutral,negative,0.0183,0.9634
Sarika pote jeans ne tshirt peri ne farti hoy ne sandhya ne am kye k Tu jeans pervanu banu batavas kevi rite vaat karti ti,positive,neutral,0.0183,0.9634
Good morning Jay Shree Krishna Everyone 🙏. If we have two mouths omg too much noises 😂.,neutral,positive,0.0183,0.9634
"Jsk 
Amey bajari na flour thi kidiyaru puriey chey",positive,neutral,0.0183,0.9634
Kya khub recipe banaya hai aap ne ma'am looking so yummy 🤤🤤🤤🤤,negative,positive,0.0183,0.9633
Popatlal pn gujarati chhe Amne bolavo have,neutral,positive,0.0184,0.9632
Kyare aavse tahukar 8,neutral,negative,0.0184,0.9632
Jay hoo savariya sheth ki 🧡,neutral,positive,0.0184,0.9632
Mne video ma 1 rol to aapo,neutral,negative,0.0184,0.9632
Me apki bhut badi fan hu..,neutral,positive,0.0184,0.9632
Jay hooooo maa sonal,positive,negative,0.0184,0.9631
Jigabhai ના aashiko હોય te like karse,negative,neutral,0.0184,0.9631
ha supar aitar,positive,negative,0.0185,0.9631
Hello JD bhai aatyare tame Tamara movie no BTS video banavjo and movie relish thaya bad tame mukjo please,positive,negative,0.0185,0.9631
Progressive tip : background music ma vehicles no sound bav aave che (1:03:40 check it),negative,neutral,0.0185,0.963
Maza na aavi,negative,neutral,0.0185,0.963
Sandhya pase bija kapda nathi always 1 j dress black 😮😮,negative,neutral,0.0185,0.963
Badhi behno no aksarkho aavaj aave che.  Badha aksathe gai che Jai Randhal maa,neutral,negative,0.0185,0.963
Jooooorrrrrdaaaarrrrrr kay no ghate bhai all the best👍super se bhi uprrrrr😍😍😍😍😍😍,positive,negative,0.0185,0.963
Jowar no lot na hoy toh ghu no lot vadhare levay??,neutral,negative,0.0185,0.9629
Waah golmaal nu Gujarati dub jabardast che😂,negative,positive,0.0185,0.9629
Kyathi buy karyu? Badhe nathi maltu.,neutral,negative,0.0185,0.9629
Ma mogal tari jay ho,neutral,negative,0.0185,0.9629
Vat se tamaro,neutral,negative,0.0186,0.9629
"suvichar pani me ghol kr jaydeep ko pila do. wah sarika kya shoot mara h. aap bhi simpalye has diye , nice patel paaji😂❤",positive,neutral,0.0186,0.9629
As I saw rohan joshi on thumbnail...as all did I also instantly tapped on the video,negative,positive,0.0186,0.9628
મેતો આ વિડીયો મારા Whatsap ના બધા ગ્રુપ મા Sher કરી દિધો . 💕,negative,positive,0.0186,0.9628
"Yahi toh difference hai cow n buffalo ke sri khan mai.
Cow wala sri khan bahut swadist lagta h aur poustic bhi hai.isme sugar ki jagah dhage wali mishree daloo",positive,negative,0.0186,0.9627
I really didn't understand the language!! Still I can't explain how much I'm in love with the song and specially Kirtidangadhvi sir's voice..!! Literally after listening this song I'm planning to learn Gujrati ❤️,negative,positive,0.0186,0.9627
Mara mummy pn ghe ghe bole chhe,positive,neutral,0.0186,0.9627
Limbu na ful thi half soda bio carb add karvanu measurement barabar che?,neutral,negative,0.0186,0.9627
Happy hnuman jaynti🚩🙏 Jay shree Ram ❤🙏 Bhavana mashi shadi no kalar Bahu sarsa che 👌👌,neutral,positive,0.0187,0.9627
"Khub j srs chikoo ice cream btavyo SHEETALBEN, black curnt,pan nd american dry fruit no ice cream btavjo ne ben plzzz…❤❤",positive,neutral,0.0187,0.9626
Jay sonbai mataji,positive,neutral,0.0187,0.9626
Vah jigneshbhai kirtibhai moj Kari didhi,neutral,negative,0.0187,0.9626
Me aalu puri ko bohot miss kar rahi thi.aur mene ye recipi try ki. meri aalu puri aakdam perfect bani. thenkyou mem......,neutral,positive,0.0187,0.9625
Jay Mataji..Jay Ma Navdurga 🙏🙏🙏,negative,neutral,0.0187,0.9625
10:40 maja ni vaat ae che ke Loki ne pan Shararat ka devta kehta hata (masti)🙃,positive,neutral,0.0188,0.9625
ha kavi Raj ha,positive,neutral,0.0188,0.9625
In MasterChef you where not able to chop the onion quickely i dont think so you have any cooking experience someone might be doing cooking and you might be editing this chefs are those who xan cut onion with speed and esensce,negative,positive,0.0188,0.9625
Bhai Bhai Sun Vaat Che Bhai,positive,negative,0.0188,0.9625
Aa makai barfili che ke kachi levani any mahiti aapo jo,negative,neutral,0.0188,0.9625
Ha meledi Ha,neutral,negative,0.0188,0.9623
Ha bha jodi,neutral,negative,0.0188,0.9623
Bahut acchi sabji Banai Kavita didi,neutral,negative,0.0188,0.9623
❤❤❤❤Happy birthday kabita didi aap khub nam kamao hmesha khush raho swasth raho 😊❤❤❤❤,negative,positive,0.0188,0.9623
Jai shree ranchodraiji,negative,neutral,0.0188,0.9623
Shooting ma music nu edit kya 6e,neutral,positive,0.0188,0.9623
"Jaydeep bhai vado part jova ni j maja aave che..
Baki to skip Kari ne ne java didhu",positive,neutral,0.0189,0.9623
Navratri ma tame aa sal nathi java na,neutral,negative,0.0189,0.9622
Sasu vahu ne. Najar na lage.❤avi badhisasu vahu rio to ketlu saru,positive,negative,0.0189,0.9622
Aap ka yha light aa rhi hai hamre yha rain ki wajse se light nhi aa rhi hai 😭😭😭😭😭😭😭😭😭😭,negative,neutral,0.0189,0.9622
Bhaio show must go on. Amne hasaavo and tame pan haso. Weak response hoy to pan himmat rakhi ne show chalu rakho. Wish you a great success with smile.,negative,positive,0.0189,0.9622
A. Nikli gai,negative,neutral,0.0189,0.9621
Jay ma suraj,positive,neutral,0.0189,0.9621
Muri aetle mamra thay aane bhel kahevay aa koy navin n kahevay aa bdhay ne aavadti j hoy,neutral,negative,0.019,0.9621
Ha tamari kalakari Ha😍😍😘😘😘😘😍😍🤩🤩,positive,negative,0.019,0.9621
Bht hi mazedar tasty spicy easy delicious recipe chef kabita ma'am ❤❤ aap hmesha easy recipe hi le kar aati hai you are so sweet,neutral,positive,0.019,0.962
Bhavna aunty be like : suvichar me kahi hamari to baat nahi ho rahi he na😂😂😂to upadti hu😂😂😂😂😂😂😂,neutral,positive,0.019,0.962
Ap itni easily onions kaise cut kar leti hai...mere to aashu rukte hi nahi 😂😂😂,negative,neutral,0.019,0.962
Mind blowing jignesh Bhai👌🏻👌🏻👌🏻👌🏻,negative,positive,0.019,0.962
Gopal itlya pan che,positive,neutral,0.019,0.962
Lal Masoor Dal ka dosa dekh kar maza aa gaya! 🥞 Kaun try karega ye healthy recipe? 🥣,negative,neutral,0.019,0.9619
Palak na twist sathe saras muthiya 👍,neutral,positive,0.0191,0.9619
Kya re riliz thase વિક્રમ ભાઈ,positive,neutral,0.0191,0.9619
"Va jiga bhai va moj avi gai ho Jay mataji 🙏 Jay ma mogal 🙏 Jay Somnath 🙏 ....,......",positive,negative,0.0191,0.9618
Supra bhai kirtidan na jiganash kaviraj,negative,neutral,0.0191,0.9618
Bhuj ma  line chhe,positive,neutral,0.0191,0.9617
Mari favourite show chhe ❤❤,neutral,positive,0.0191,0.9617
R. And. V. Kem su thayu Tamara vagar duniya bekar,neutral,negative,0.0192,0.9616
Garoli ni babat ma sarika ben ni vat sachi chhe … je oli kali hoy ne e j pade niche,positive,neutral,0.0192,0.9616
Jay Maa SoNaL,neutral,negative,0.0192,0.9616
Aato maru gam che🤩,neutral,negative,0.0192,0.9616
Hindi sogns jordar gav so bhai,neutral,negative,0.0192,0.9615
Hamara bhi IFB hay corona k time liya tha 2021 may 👌chal raha hai.pahle LG top load tha 👍😊❤️,positive,neutral,0.0193,0.9615
Aa full movies kaya jova malse,neutral,negative,0.0193,0.9615
Jay ahir vansi,negative,neutral,0.0193,0.9614
0:42 aye kinna pyara lgrha ha Gujarati bolte hue 😻,negative,positive,0.0193,0.9614
Hu tachakiyu orangu chu 3 vakhat karvu pade,positive,negative,0.0193,0.9614
Haji y vaaste to besuru j gaay chhe. Auto tuner vagar nai bhegu thay,positive,negative,0.0193,0.9614
Jay ma sadhi,negative,neutral,0.0193,0.9614
Mam aap parsi chho bahuj mithi language che tamari...,neutral,negative,0.0193,0.9614
Jay hoooo kirtidan gadhvi,negative,neutral,0.0193,0.9613
video ma recipe sivay pan biju kaik batavi sakay chee men's pan videoo jota hoy chee,neutral,negative,0.0194,0.9613
Vah didi bov gmi tmari recepi,neutral,negative,0.0194,0.9613
Sarika ka reaction dekh kar hasi  aa gayi ..sona hi hai,negative,neutral,0.0194,0.9612
Thakor No.1.bhai,positive,negative,0.0194,0.9612
Bhai mumbai ma kyare che tamaro diaro,negative,neutral,0.0194,0.9612
Hu to Lavari Jamti Vakhate J Jou Chu...,positive,negative,0.0194,0.9612
મારી ગોડી જતી રહી આજે મારાથી દૂર આઇ લવ યૂ મારી આરુ એ બકુ 15 6 2022 બુધવાર 6.00 વાગે Love you ગોડું મારું 🌹🌹🌹🌹miss you pagal 😢😢😢😢,negative,positive,0.0194,0.9612
Yaar manan bhai... Kem aavu ramo cho yaar😂,positive,neutral,0.0194,0.9611
Ha vikram bhai thakor,positive,neutral,0.0195,0.9611
Mare tamne malvu 6 jigaraaaaa...❤❤❤,positive,negative,0.0195,0.9611
Ketla vage live sharu thay che?,negative,neutral,0.0195,0.961
Ham bhi fn hai is singer ke up se hun mein,negative,positive,0.0195,0.961
mane to avdto j nahi akho chadi jay pet ma jato re pan bijo na banyo hoy so sad,negative,neutral,0.0195,0.961
Yaaar yaaar yaaar su bolvu 🤣🤣🤣🤣🤣🤣🤣🤣,positive,negative,0.0195,0.961
va mara thakoro vat che,neutral,positive,0.0195,0.961
Sarika ben nana function attend nathi karta lage,negative,positive,0.0195,0.9609
Dhana na kuriya nahi nakhvana ben?,negative,neutral,0.0196,0.9609
Vah ... jigarbhai  .... jordarr ho ....,positive,negative,0.0196,0.9609
How badly this makes me feel that atleast once in life I should have the chance to work with Bhavin❤️,negative,positive,0.0196,0.9609
I think this video was supposed to be uploaded before the previous rdr2 video,neutral,positive,0.0196,0.9608
Tame badha misson loud j karjo,positive,neutral,0.0196,0.9608
Plz jigarbhai tame starmaker app ma tamara totally songs nakho ne yar r plz thoda songs to che j pan aa new songs pan nakho ne plz plz plz bhai plz,neutral,positive,0.0196,0.9608
Hu to live consert joy ne avyo chu,neutral,positive,0.0196,0.9608
"Vela milan ni song ma j pahelu pahelu mangaliyu vartay... Khatarnak gayu chhe.. Evu j kaik mst  
Song lavo Jiggarbhai..  I m from anand ❤ tmra gamthi😊",positive,negative,0.0196,0.9608
Soot thi gasoline,positive,neutral,0.0196,0.9608
Mehul Surti,positive,neutral,0.0196,0.9608
"I hope she will hear this n believe in my emotions for her.
It's pure love. 😪 Mane ena sivai koi have nathi gamtu.",negative,positive,0.0197,0.9607
"Voice saru che tamaru aunty ji ... Surati lago cho , saras recepie 6",negative,positive,0.0197,0.9606
saras aunty maja aavi gai,neutral,positive,0.0197,0.9606
A umrey pati patani ney sathey revay havey tamari retayer life chey ek bija sathey atmiyatano sambandh hoy akkhi jindagi javabdaari nibhavi havey tamari umar ek bija matey samay apvani chey harva farva javay tiffin banavi javabdaari puri na karo sathey raho moj avsey Jevan ma,positive,negative,0.0197,0.9606
Aadra naxtra bolte hai jiske bad mango nai khate,neutral,negative,0.0197,0.9606
1 no gujarati youtube channal❤❤❤❤❤❤❤❤❤,positive,negative,0.0197,0.9605
Congratulation દાન સાહેબ.સંતોના આશિર્વાદથી અને માં મોગલની કૃપાથી તમારા જીવનની પ્રત્યેક ક્ષણ ખૂબ આનંદદાયી રહે એવી શુભેચ્છા. આજે વડવાળાના દર્શન કરવા અને તમારા દર્શન કરવા તેમજ તમારા(મારા ગુરુના )ભજન સાંભળવા આજે દુધરેજ ડાયરામાં આવું છું. જય મોગલકૃપા..... જય જોગમાયા.....,negative,positive,0.0198,0.9605
Jaydeep bhai dil na sacha mansh che lagani sil mansh che,neutral,positive,0.0198,0.9605
moti moti kai 6,neutral,negative,0.0198,0.9604
Sarikaben bangdi lo ane color ful rabar band lavo ane bangdi uper lagavi do ane pachi hindodo sajavo bov mast lagse try karjo heju na mapni bangdi made to lavjo mast lagse,positive,neutral,0.0198,0.9603
Ha gija ha,positive,neutral,0.0198,0.9603
Bahi to Bahi se Ho,neutral,negative,0.0198,0.9603
Have to Hindi song na waiting ma,positive,negative,0.0199,0.9603
"J.bhai.
B.baa..muksan nathi you..etali bhagwaan ni krupa",positive,negative,0.0199,0.9603
Jordar bhai end su maja aavi gai,positive,negative,0.0199,0.9602
Dada sauthi vadhu mehnat kreche aakhay parivar mate dada parivar ma southi vadhu mehnatu vyakti che Hero of your family 🎉🎉🎉🎉,neutral,positive,0.0199,0.9602
"jay mataji bhai aa geet sambhadi mara toh ruvada betha thaigaya chhe 
gaya varse pan maa mogal nu geet aayu tu je tame gayatu e pan bav saras hatu",positive,negative,0.0199,0.9602
રોહિત thakor ગુજરાતી સિંગર,neutral,positive,0.0199,0.9602
Jai chhath mai ❤❤aap bhi bihar se hai kya di❤❤❤,neutral,negative,0.0199,0.9602
Jyare pn aa song sambhdu chu tyare hu khovai jau chu,positive,negative,0.0199,0.9601
Va kaviraj bhai su song batha kalakar tmara baju fake che I love jignesh bhai,negative,positive,0.0199,0.9601
Bhai ye place kaha hai??? Mujhe bhi try karna hai .....but india mei aisa karunga to sab sochte hai mujhe line mar rahi hai.....lekin aise nahi hai ...matlab hame bhi khusi milti hai dusre ko khush-kar  kar 🥺,neutral,negative,0.0199,0.9601
Jay sonal maa Wah kaviraj wah,neutral,negative,0.02,0.9601
Location mast hai ❤,neutral,positive,0.02,0.9601
Arre Bhanushali jii aapka world famous twerk accha naa lage aesa kese ho skta hai😂❤,positive,neutral,0.02,0.96
Bohut pahle se hi iska wait tha 🥺💓,neutral,negative,0.02,0.96
Jay babari vikram bhai na ane mara tarfti,neutral,negative,0.02,0.96
Jaymataji.. Jay siyaram,neutral,negative,0.02,0.9599
Singer ma vijay suvada na leva na hata bhai ❤️,negative,neutral,0.0201,0.9599
Ha comedy song,neutral,positive,0.0201,0.9599
A..Tiger. Full Support bhailu Ne,neutral,positive,0.0201,0.9598
Aa masalo Ketla time sudhi store Kare sakay ane Te refrigerator MA store karvano 6 Hu Aje Tamari recepi jone banavi 6 it's smell amazing,neutral,positive,0.0201,0.9598
Jay dwarkadhish Bhai Jordar song hoo pn,neutral,negative,0.0201,0.9597
Rajvadi ho bhai,negative,neutral,0.0201,0.9597
Shandhya to jd ne bi na bole che bolvanu jabri che,negative,neutral,0.0202,0.9597
I can't understand Gujarati but I don't know why it's giving peace to my heart😌😌😌,neutral,positive,0.0202,0.9597
Tino tapatap me lge hai,positive,neutral,0.0202,0.9597
Kya gujarati log aluu khatein hain 🤔,negative,positive,0.0202,0.9597
Ha. Mojo. Ha,neutral,negative,0.0202,0.9596
Bogas rit che,positive,neutral,0.0202,0.9596
Jay Hingaraj jignesh bhai,positive,neutral,0.0202,0.9596
VA Jiga bhai va Moj padi gayi,negative,positive,0.0202,0.9596
Yad rakhjo lagnani DATE thaso na jaray pan LET ame karishu aapni VETT pavan karjo amara GATE ava subha prashange padharjo amara VILLAGE,negative,neutral,0.0202,0.9595
Dhere dhere khabar pade badha j gujarati che,neutral,positive,0.0202,0.9595
આપ કા house no A - 11 હે. એર ઇન્ડિયા કા પ્લેન ક્રેશ હુઆ થા ઉસ પ્લેન મેં જો બંદા બચ કે નિકલે થે ઉનકા સીટ નં થા A -11,positive,negative,0.0202,0.9595
Avu shu puchh wa nu hoy ke Sandhya ji Amna perents na ghare Kem nathi jata raheva. 3 4 divas gaya hata. And Amnu ghar baaju ma j che 15 min. No rasto che. Am ne jayere jaavu hoy tyare jaay na javu hoy to naa jaay. Pucchva wala pan gajab che.,neutral,negative,0.0203,0.9595
Market ma bum padavse vala,negative,neutral,0.0203,0.9595
ઇન્સ્ટોલ inverter 16:57,neutral,positive,0.0203,0.9594
"Manan bhai thodi fast pace game ramo.
Slow pace ma thodu bor thai jay loko.
Aa game thodi slow 6e story wise ...

And bija jode Collab kari ne ramo..
Baki tamari comentary ma maja aave ho🙏",negative,neutral,0.0203,0.9594
Bishal bande ka scene famous ho gaya aapka,positive,neutral,0.0203,0.9594
V healthy recipe but bit difficult to make as lot of ingredients to collect..looks v yummy 😋 👌,neutral,positive,0.0203,0.9594
Yahi chahiye tha boss ❤,neutral,positive,0.0203,0.9593
M’am garam garam tel masala nakho chho to masalo badi nathi jato?,neutral,negative,0.0204,0.9593
"Aree yeh Mr voo hai ❗
Aapne iske shath video bnai thi 😃
aur voo bhi YELLOW jeket meeee",positive,neutral,0.0204,0.9593
Manan tu bov lazy ho 😂,negative,positive,0.0204,0.9593
"Historically, it’s about fashion vs. function. The flat frame allowed women in skirts to ride comfortably (Step-through), while the top bar on men’s bikes (Diamond frame) provided extra structural strength for more aggressive riding. GPTBABA😂",negative,positive,0.0204,0.9592
Ma'am aapka Ghar kaha hai,negative,neutral,0.0205,0.9591
Ma'am main aapki sari recipe try try Karti hu❤,neutral,negative,0.0205,0.959
Maine Jignesh Barot ne joya se,positive,negative,0.0205,0.959
Ha gadhvibhai ni moj ha Happy ganesh chaturathi,positive,negative,0.0205,0.959
Aap tino videos kiqn nehin banareheho pls pls meri request he banao na milkar 🙏🏻,neutral,negative,0.0205,0.959
Ha jignesh kaviraj bhai nu song,positive,negative,0.0205,0.959
Storege Chize Nhi Khate Q Ki In Chizo Se Health Khrab Hoti Hai😊,negative,neutral,0.0205,0.959
ek varas je loko bhada thi rahe tene goverment makan aape,neutral,negative,0.0205,0.9589
"Bhavin Bhaiya Hume yeh toh pata hie hai ki u are multi-talented but yeh talent ab tak humsa chupaya kyu😂
Puchti hai janta , janta puchti hai😁",neutral,positive,0.0206,0.9589
Gud me bahut fayde hai kon bola chinni aur gud ak hi hai doctar bhi bolte hai khane ko aapka sabulta hi hai,neutral,negative,0.0206,0.9588
આ તો સનેડા નું જ નવું varsion બનાવી દીધું છે 🤣 🤣 નામ હુંડી પાડી દીધું 😝 પણ સોંગ બહુજ સરસ છે 👌,negative,positive,0.0206,0.9588
એવું સોંગ સેને કે માર્કેટમાં boom પડાવી દેશે જોરદાર બનાવ્યું છે જીગ્નેશ ભાઈ કવિરાજ હા મોજ હા ‼️સપના 💔નો 💔આશિક ‼️,negative,positive,0.0206,0.9588
"મેં તમારા ઇંસ્ટામાં (i am not using insta but I check your insta update via google 😟🤭) આ સોંગની એક ઝલક જોઈ ત્યારે મેં તરત જ યૂટ્યૂબમાં આખુ સોંગ સાંભળવા માટે આ સોંગને સર્ચ કર્યું , તમારી ચેનલમાં હોઈ તો તો નોટિફિકેશન આવી જ જાય 😄 અને મેં ગુજરાત ટુરિઝમની ચેનલમાં પણ ગોત્યું પણ મને ત્યા પણ નાં મળ્યું 😔😞 પછી અત્યારે મોબાઇલ ડેટા ઓન કરતા *જ તમારી ચેનલનું નોટિફિકેશન જોઈ મારી ખુશીનો તો કોઈ પાર જ નથી* 🤩😇😄😁",positive,negative,0.0206,0.9588
Ghar na badha ne joi ne lage ke aapda  j che badha ne aapdu j ghar che nice j d bhai 👌👌😊,neutral,positive,0.0206,0.9588
Bhai rockstar ni maxican game che je 1number che,neutral,positive,0.0207,0.9586
Jaydeepbhai  ae khub  kam kariyu,positive,neutral,0.0207,0.9585
Kanu raincoat ma 👌👌lage che 😘😊❤️,positive,neutral,0.0208,0.9585
Boom Padai Bhai Ho Jordar,neutral,negative,0.0208,0.9585
Kaku ane Santhya bachha ne koi bi jagya ae jay pan bhulta nathi😊 Always gift lave 😊So sweet 😊,neutral,positive,0.0208,0.9585
Jay maa mogal Congrats 🌷,neutral,negative,0.0208,0.9584
Bro i was actually washing my hands after dinner listening that last line jami lidhu hoy to hath dhovanu bhulta nae😂😂,negative,positive,0.0208,0.9584
Kabita mam ap bihar se hain mujhe to aj pehli bar pta chala,neutral,negative,0.0208,0.9584
Kale ketla vage rilij thase,negative,neutral,0.0208,0.9583
Jordar vikram bhai tamari moj che,negative,positive,0.0209,0.9583
Karm no sanghath Maro koi nathi🙏🏻👌,neutral,negative,0.0209,0.9583
Tuver dal ni chuti khichri cookar ma parfekt map sathe banavta sikhvaro plz,positive,negative,0.0209,0.9582
kadja no katko lakhabhai gadhvi e lokpriy kyro e dad bapu ne puchjo,negative,neutral,0.0209,0.9582
Hardik bhai ne bolavo jo trevad hoy to 😛😛😂 bolavo yar bv wait karavo cho 🫶🏻,negative,neutral,0.0209,0.9581
આ મુવી હિન્દીમાં dubbing થાય તો મજા આવી જાય સાઉથ જેવી મુવી છે ભાઈ 🎉 😊😅,negative,positive,0.021,0.9581
SATA Hai ravinder mishra sir Ji Jai Jai sitaram ❤❤❤ ji😅,negative,positive,0.021,0.9581
"Dikrio ne papa ni property maa hisso thay,e rule kharab che, bcoz dikroj maa baap ne sambhad aana hoi,dikrio nathi potane ghare lai javaani.",neutral,negative,0.021,0.958
Gujjulove ne bolavo aa chhokro bau telented chhe. Je sthan ane madvo joiye a madyo nathi haji please ek vakhat gujulove guru thai jaay ❤❤,positive,neutral,0.021,0.958
Jaydeeep  Bhumi  ne je kai apo tenu  atlubadhu bol bol n kavanu hoi.,negative,neutral,0.021,0.958
Trauma ma ghal didha,negative,neutral,0.021,0.9579
Oohhhhhhhhh su song che jhakkas 1number,positive,negative,0.021,0.9579
Hi mam Me makhaniya biscuit bnaviya saras bniya che pan taste ma thoda kadva kem lage che ? Pls reply,neutral,negative,0.021,0.9579
Saras 👌 mam fry pan kayu che ?,positive,negative,0.0211,0.9579
Elvish nu editing saru hatu manan bhai …,negative,positive,0.0211,0.9578
"Very sad to see Jo log negative comments kar rahe hai hezu or Sarika ke liye , why are you even watching their vlogs ? Agar apko itne négative comments karne hai to!! or JD and Sarika are her parents they know it better what they want to teach her or sabki parenting style alag hoti, wo log video me usko acchi tarah se sikha hi rahe the or it was in very light mood. Aap comment karne se pehle yeh to socho ek choti bacchi ke bare me itne négative comments kar rahe ho. 😢 really Sad!!",positive,negative,0.0211,0.9578
Jordaar jiga bhai,neutral,negative,0.0211,0.9578
Jignish bhai badiya,negative,neutral,0.0211,0.9578
Very very nice👍rajgars ni puri ni receipe che tamara channnel par.. Hu new subscribe r chu.. Tame parsi cho n surat thi cho,negative,positive,0.0211,0.9578
jay mogal bhai jay jay mogal,negative,neutral,0.0211,0.9578
"Jai jalaram 🙏🙏, vadi no volg jova ni majja aavi gai jammo padi gayo 😂😂🎉🎉🎉... Hair band j countinue rakho 😅😅😮😮 jaydeep bhai setting to koi vate na lagu hair band nu setting e bagdi jashe 😅😅.. Nice volg.. 3 day wek end che KGF chakkazam kai dhoom machve to volg jova no jammo padi jai 😮😮😮😂😂😂😂 😅😅😅.. Thank you so Jaydeep bhai for volg...",positive,neutral,0.0211,0.9577
Ohhoho tamari panchat ketli karey Chey jaydeep bhai Bhavna beney dugri lasan vinanu bhagvan ney Thad karyo hato a bahaney samajvu joiyey avdi upadi a duniya su karva karey chey tamey su karo cho e aloko tamney puchey chey? Enjoyment karo please upadi nahi😊,neutral,negative,0.0212,0.9577
Jay shree vali nath dada 🙏🙏🙏,positive,neutral,0.0212,0.9576
Please ma'am weight loss mein hum consume kar sakein aise tasty salad recipe bhi share kijiye please😊,neutral,negative,0.0212,0.9576
ઈએમ vadha,positive,neutral,0.0212,0.9575
Vikaram bhai thakor ek Film gayo mate banvo,neutral,negative,0.0212,0.9575
Waah Ben waah. કેટલી સહેલી! હું આમ જરૂર બનાવીશ👍,neutral,positive,0.0213,0.9575
"Khama khama maa 

Jordra Jigar Bhai moj aavi gy maa aave che evu lge",neutral,negative,0.0213,0.9575
song saru and actress,neutral,positive,0.0213,0.9574
Rotli. Nay. Thai. Vnine. Pkavo. Sarspakse. Ame. Uj. Karelu. Che. Fan. Niche. Besine. Banavo.,positive,negative,0.0213,0.9574
Nizampura ma tasty nu naam sambhdyu che Manan bhai?😒😏,positive,neutral,0.0213,0.9573
"Jai jalaram 🙏🙏, aje suvichre mast hato.. Nice volg jaydeep bhai sarika ji aave atle ek family picnic karo to papa pan fresh tai 2 divas mate mummy pan mast enjoy kare couple pan sathe fari lai ane family's picnic pan tai jai papa to kai jashe nai but tame lai jasho to pakku possible che 😂😂🎉🎉... If you don't mind may positive lakhu che 😅😅 so please aa vat par tame pakku dhyan apsho comment vacho cho ke nai idea nati but kai k jasho to pakku tashe ke comments vachi hati 😂😂🎉🎉 tamru interview chakkazam hatu 🎉🎉🎉.. Thank you so much for owesome volg... 😊😊",negative,positive,0.0213,0.9573
hi Vikram Bhai kem cho majama Jai ho Thakur.6355359373.sanjay.thakor,positive,negative,0.0213,0.9573
Good video of family however it’s funny that you made a mistake about Vevi’s ( Khane pe Bhulaya? That means you all forget them? lol 😂 Or it’s Bulaya ? ) Please get Hindi properly and get better at  national language 😅 Thank you. Regards from Denver. Overall outstanding videos all the time.,negative,positive,0.0214,0.9573
Ha Kaviraj ha,negative,neutral,0.0214,0.9572
Still waiting for hu iqbal 2,neutral,positive,0.0214,0.9571
The og is mahavri gadhvi (mahavir krantivir),neutral,positive,0.0215,0.9571
Jiga bhai kaya karte aap ne sab dil su liya Me marvadi phir bhi aapka divana hu Super song Jiga bhai me bhi thoda dino song banauga hamare pas koi studio nahi me aapka aasik hu mera sath dena jiga 784981137,negative,positive,0.0215,0.9571
Subvat ce mara bhai,neutral,negative,0.0215,0.9571
Ek mission ni ek highlight kya baat hai,positive,neutral,0.0215,0.9571
Dekho kab tak diet follow karoge insaan ho maza se khao jo khana hai😂,negative,neutral,0.0215,0.957
"બહુ સરસ બન્યું હો શાક આજે જ મેં બનાવ્યું, તમને ધન્યવાદ આપું છું તમે સુરત થી છો નીચે comments માં વાંચ્યું તો સુરતી લોચો બનાવતા શીખવો અમને",negative,positive,0.0216,0.9569
mare par love story avi cha hu 6th ma study karu chu,positive,neutral,0.0216,0.9569
Mam Agar mein apse milu to phle apke kitchen ka interview lungi aap etna kuch etne acche se kaise kar lete ho good job mam,neutral,negative,0.0216,0.9569
aunty tame parasi cho ne,negative,neutral,0.0216,0.9568
Total gaming (Ajju bhai) episode kyare release thase?,neutral,positive,0.0216,0.9568
જોરદાર વિક્રમ bhai,neutral,positive,0.0216,0.9568
"Bel kul sace vat cha garama jo sasu chokha na hoyna to atyrane lades garane saf   safae ma pace ja pada  12, mahena  akaj bar gar saf kara ho",positive,neutral,0.0216,0.9567
Jai chath maiya ki,negative,neutral,0.0217,0.9567
aavo aavo amara malak ma jay ho santvani Sitaram,negative,neutral,0.0217,0.9566
Jigardan Gadhavi No Awaj Bahu Mast Che Hindi Geeto Gaay To Pan Mast Laage Che,positive,negative,0.0217,0.9566
Mare pan tamari jem singer banavu che please help,negative,neutral,0.0217,0.9565
Jignesh bhai tmaro avaj ma khrekhar kay to che,neutral,negative,0.0218,0.9564
Moj aavi ho bapu,negative,positive,0.0218,0.9564
The mandatory pose where bhavin is sitting and vishal is standing .🔥,negative,positive,0.0218,0.9564
"Can someone tell
Me the meaning of jo baniya khela
Kidha?",positive,neutral,0.0218,0.9564
Gujarti king jignash bhai,neutral,positive,0.0218,0.9564
Jaydeepbhai akho divas tame kitchen ma ladies ne irritate karo cho gusso ave joi ne hats off to sarika n masi,negative,neutral,0.0219,0.9563
Avu kem karo cho sarika and Jaideep bhsi take sandhya wigh you,negative,positive,0.0219,0.9563
हार्दिक भाई n संधियाजी ki jodi shiv parvati jesi hai or jdbhai aapi or sarikadiii ki jodi कृष्ण or radha jesi hai,neutral,positive,0.0219,0.9563
Deep bhai jordarrr😎😎... tamare dar lavari ma gaavu padse have 😁😁,positive,neutral,0.0219,0.9562
Wa jiga bhai jordar song,neutral,negative,0.0219,0.9562
Jay ho kirtibhai,neutral,negative,0.0219,0.9562
Hoy eni kadar karjo bhai😭😭😭,negative,neutral,0.0219,0.9562
Hu to USA maa slate pen mangavine khau chu,neutral,negative,0.0219,0.9562
Gret jiga bhai,negative,neutral,0.0219,0.9561
Ha jigu Bhai ha ❤,negative,neutral,0.0219,0.9561
Aela aane kok kai kyo nathi saro lagto aa pappu,neutral,negative,0.0219,0.9561
Me aap dono log ki recipe dekhti hu aur bnati v hu aap log mere fevroute ho,negative,positive,0.022,0.9561
Ha Mara bhai vikram Thakor Ha ok,neutral,positive,0.022,0.9561
Jay vagheshvari ma amba....🙏,negative,neutral,0.022,0.9561
કૃષ્ણદેવરાય ( Tenali Rama ) 😊,neutral,positive,0.022,0.9561
Anathi pahela 5 System sakriya hti to pan agahi khoti pdi hti.,positive,neutral,0.022,0.9561
Pressure. 😂😂 Mastt che Bedsheet. Waarli painting.,neutral,positive,0.022,0.956
Taiger vikram bhai,negative,neutral,0.022,0.956
Pela congress hta keva bolta,positive,neutral,0.022,0.956
ha ha ha ha,negative,neutral,0.022,0.9559
"4 vakhat joyu movie ...to pn jovanu j mn thai che ....aatli saras film.???? Bani kai rite ??? Khrekhar krushan krupa hi kevlam 
Jai shree krushna 
Jai shree dwarikadhish
Sri krushan sada sahayte 
Khub khub dhanvaad aatli saras film banava mate lalo film ni puri team ne khub khub subhechha khub subharsiwaad 
Sri krushan sada sahaye khrekhar",neutral,negative,0.022,0.9559
KAVITA JI .... NAMASTEY 🙏🙏 ... PLEASE AP ( SOYA KEEMA PULAO KI RECIPE SHARE KARE ) PURE VEG LOGO KE LIYE ... 😊😊 WILL WAIT FOR YOUR COMING SOYA KEEMA PULAO RECIPE..... ( KAVITA JI EASY TARIKE SE BATANA OR PLEASE COOKER MAI KAISE BANE WOH BATANA ....),negative,positive,0.0221,0.9558
Ha jignesh Ha,negative,neutral,0.0221,0.9557
Kai na ghate,neutral,negative,0.0221,0.9557
Hii sarikaji tamara brothers madya ta hair oli leva gya ta ame,positive,neutral,0.0222,0.9557
Jay ma Shakti,positive,neutral,0.0222,0.9556
Sara manso lavo bhai....Dalalo ne na bolavo...,positive,negative,0.0222,0.9556
Jay બાબારી. કિંગ ઠાકોર,neutral,positive,0.0222,0.9555
JAI MATAJI JAI MOGAL MA,neutral,negative,0.0223,0.9555
Bahi bhai ...guru jordar,neutral,negative,0.0223,0.9555
Jay maa mogal..... Bless you both,negative,positive,0.0223,0.9555
Vilan ho bhai,positive,negative,0.0223,0.9554
Ame aje spinich na banavia Che ho must 👌tame avi jav jamva moj 👌 👌 😅,positive,neutral,0.0223,0.9554
Jai chahti maya ❤❤❤,positive,negative,0.0223,0.9553
"Tiffin maa
Savthi chelo dabo ma dal 
Ena upar bhat ( rice ) 
Pachi ena upar saak ( sabji ) 
Abe savthi upar rotli...
Ane sambhro, marcha , athanu ek alag nano daba ma ...
Chach ( buttermilk) glass bottle ma ...",neutral,negative,0.0223,0.9553
Jaydeep.maybe uou have sciatica,positive,neutral,0.0224,0.9553
Jirdar bhai dil thi...,neutral,negative,0.0224,0.9553
"Jai jalaram 🙏🙏, aje no suvichre jordaar mast...aje to jaydeep bhai tamra papa ni white shirt ma personality 1 no really ekdum koi neta jeva lage 👌👌.. Bhu hardworking che tamra mummy pan aa age ma ketlu kam kare hats off.. Gare na baar na.. Sarika ji ame pan gotli no mukhvas banavi e che but  gotla ne wash kari ne mithu nakhi boil kari e che bhu fast gotli nikdi jai che todva ma bhu time lage che pachi 2,3 vaar mitha na pani ma nakhi ne rakhva ni pani ne 2,3 vaar badlava nu to ekdum clean tai jai gotli ne mitha no test pan aavi jai pachi cut kari ne sukvi deva ni ane pachi thodi thodi gree ma shiki lai e ek sathe nati sake ne rakhta sukveli gotli rakhi dai e che..thank you so much owesome volg.. 🎉🎉🎉",neutral,positive,0.0224,0.9553
Hit che bhai hit che 🔥,neutral,positive,0.0224,0.9552
Amare to 9 mahine delevriy karavi ne gai 🤣🤣,negative,neutral,0.0224,0.9552
"Karan ke aa song j evu che ke tame ekla a gayu hot to saru hatu, ane acting pan ekla a kari hot to saru",neutral,negative,0.0224,0.9551
"Hello Sarikaben, tame tamara  ladies viewer ne blinkit, ola ane sweegy use karta shikavdo toh mota age vada ladies j smart phone vapare che a loko easily hindi ma shike…",neutral,positive,0.0224,0.9551
Mr ગોવાળ,negative,positive,0.0225,0.9551
Jignesh kaviraj hu tamiye git banavyu Kone kone vitigay like karke jana bata to shale 😅😂🤣 Koni koni mathe viti 😭😥,neutral,negative,0.0225,0.9551
"Uk and USA may India Jash foods nahi milta haa whenever come India just eating food  ,",negative,neutral,0.0225,0.9551
"My kid wants to watch again and again, we went to theater 2 times already and will watch again. Please koi OTT ma muko hve. Roj roj to km javu theater ma. Aa kids loko a heran pareshan kari nakhya che.",positive,negative,0.0225,0.955
Kash mai vi aap se mil pate 😔😔,neutral,negative,0.0225,0.955
Inna sona kyu rab ne banaya 🥺💖,positive,negative,0.0225,0.9549
Koi mehman aave to holema acc lagavu joie bhale aapne mapnu  karie,neutral,negative,0.0225,0.9549
Kirti bhai Jay ma mogal,neutral,negative,0.0225,0.9549
Morning ni suruvat tamara aa Song thi thay che... 👍 Jay Maa Mogal 🚩,positive,negative,0.0225,0.9549
Pela gujarati sudharo,neutral,positive,0.0226,0.9549
Jaldi Rileyis karjo bhai,negative,neutral,0.0226,0.9549
Jay ma mogal bhai mogal tara bhele chhe,positive,negative,0.0226,0.9549
Naice Vikram bhai jay babari,negative,neutral,0.0226,0.9549
"Khub j saras che.
Didi achari paneer tikka starter ni recipe kejo ne.",positive,negative,0.0226,0.9548
"THERE'S NO SUCH THING AS MAGIC, BUT THERE'S YOU AND THAT'S EVEN BETTER❤
UR THE PERSON WHO INSPIRES ME FOR GOOD THING'S ALWAYS❤I HAVE SO MANY THING'S TO WRITE BUT RIGHT NOW I'M BLANK😑 AND THIS THING ALWAYS HAPPEN WITH ME WHENEVER IT'S ABOUT U🙈❤
MY HEART STOPS EVERY TIME I SEE YOU🙈❤YESSSSSSSS I REALLY DO🙈❤ I LOVE YOU❤BHAVSU❤",negative,positive,0.0226,0.9548
Mari medil maa mara mami Ane mara papa saath rahe Ane kush rahe ❤❤❤❤,negative,positive,0.0226,0.9547
About riyaz batavu bapu,neutral,positive,0.0227,0.9546
Vishal vaghela ni khot che,negative,neutral,0.0227,0.9546
Wah⭐dan gadhvi Jay ho,neutral,positive,0.0228,0.9545
Jay dudharej na thakar🙏🙏,positive,negative,0.0228,0.9545
Maa Baap ni jode frnd ni Jem raho e saru j kevaay pan emay maryada sachvay e jaruri 6...,neutral,negative,0.0228,0.9544
"Suraties are not kathiyawadi. 
Please respect suraties.
Not acceptable.",neutral,negative,0.0228,0.9544
jay ho murlidhar,negative,neutral,0.0228,0.9544
"Jsk, sabse bada kata to bhul gaye ,ghadiyal ka kata ,ghadiyal ke Kate par kam bhi to hota hai.",neutral,negative,0.0228,0.9544
5:05 manan bhai be like : ismein ek Kick hai,positive,neutral,0.0228,0.9543
Alovera ko ✋🏻 se cut karo chakuu se nyi karna chahiye ✋🏻 se cut karo vahi best result deta hai,neutral,negative,0.0228,0.9543
Humare sapne kabhi poore nhi honge 🌚hum jitna bhi koshish kare😂aur sapna kya h vo hum nhi bata sakte 🤫😂,neutral,negative,0.0228,0.9543
Aa song jio saavan paar kyare aavse ?,neutral,negative,0.0229,0.9543
Jay.maa sonal,positive,neutral,0.0229,0.9542
Pure episode me om kush bola nahi,neutral,positive,0.0229,0.9542
Mummy ki hind or gujrati mix bolti hai vo jyada achhi lag rahi hai Mummy dono sathme bolti hai to jyada sweet lagti hai akdam nikhalS,neutral,positive,0.0229,0.9542
"Im also from BHS school ... But not alkapuri, in bagikhana, 
 Mane to khabar aj ny ke apde school vala amok loko agad nekde gya che😮

 Kam ke aa vakthe jee tamara timee je lavari che pachad tha ti te te tee amana pn chalu jj che😅",negative,neutral,0.0229,0.9542
Ye to bahut mazedar recipe he 👌🏻👌🏻👌🏻👌🏻,neutral,positive,0.023,0.9541
JD sir no episode have next hase Chumbak aave che ne Netflix ma atle,negative,neutral,0.023,0.9541
Hii Vikram Bhai,positive,neutral,0.023,0.954
"Yes
Jaydeepbhai is right
Toss me problem tha
Syryavanshi khub achha khela
Vo to India ka bright future hai
Bura laga ki 100 me sirf 4 hi rahe gaya 
But very well played 👍👍",neutral,positive,0.023,0.954
"Gopalbhai big fan of urs. Nd i like ur voice so much. Bt Have pahel jeva bhajan nathi rhya. Stage pr ekla hindi geeto j gava ma aave 6. Kdach public ni j demand hse. Public nehindi geeto sambhava hoy to lataji, kishoreji, arijit, shreya, sonu na sambhlo e artist bhajan na klakaro thi sara j hindi geeto gaay 6.. Shivotsav na program ma ekla hindi geeto gaava yogy 6 ?? Su aajni modern public nd nva klakaro juna gujarati bhajn na varsa ne visraavi dese.plz bhajan ne have concert na bnavo ❤",negative,positive,0.023,0.954
Aa epidode kem kari bhulay Vikram bhai ❤😅,positive,neutral,0.023,0.954
Vikram bhai thank u  aava mate bau time thi comments marto hato 😅😅😅😅😅😅,neutral,negative,0.023,0.954
Loy chiii 😅 dulo marvu che mare 😂,negative,neutral,0.023,0.9539
"Hello all patel family,
Mara parents loko e mane mast recipe sikhvadi chhe hydration mate, 

Limbu pani ma sugar ni jagya e Gol no use karo, gol ne ek bowl ma pani nakhi ne paladi do then ema limbu no ras and apdo j soda no masalo ya koi masalo hoy to e and na hoy to sanchar nakhi ne pivdavo

Aa energy drink pan chhe ane digestion ma pan help karse just like yogurt as Jaydeep sir mentioned, thank you ❤❤",neutral,negative,0.023,0.9539
Saras Mahiti.Jay shree krishna,neutral,positive,0.0231,0.9539
"Subscription cancelled — you called Munawar Farooqi on the show…

Sabarmati express ma jemani hatya karwa ma aavi emna mot ni majak bannvava wala ne , Maa sita and Bhagwan Ram par majak banavva wala ne tame bolavi ne… Lawari show ne Halkai show banavi didho",neutral,negative,0.0231,0.9539
"Bhai mai u.p. se hu 
Upsc toppers ke bhi name add kro achcha lagta hai",neutral,negative,0.0231,0.9538
"Jaydeep bhai kanishk ko har ek vlog mai bolne ko kaho “sab moh Maya hai""",neutral,positive,0.0231,0.9538
Hatel yogi palace halol panchmahal ma che,negative,neutral,0.0231,0.9538
jay shree krishna kaviraj kirtidanbhai jay mogal jay khodal ...aapna sur ni tarif karva ame bau nana siye🙏 ma sarsvti saday aap par krupa banavi rakhe madhur kanth ne amar rakhe...,negative,neutral,0.0231,0.9538
bhai 1 number ho!!!! Dhagdi marvani che hve next video ma!!!❤❤❤❤¦]],neutral,negative,0.0231,0.9537
Me pura saal banati hu n khati b hu,positive,negative,0.0231,0.9537
😊 aapane kyon nahin bola😊😊 jantar mantar ke bare mein aapka kya bolna😊😊😊 finally istifa Mil Gaya😊😊😊,positive,neutral,0.0232,0.9537
Bhai kyare avese,negative,neutral,0.0232,0.9536
Sarika ben tame khalela no khata ena thi bau suki udras ave,negative,positive,0.0232,0.9536
Have ghare aaram karo... thoda divas maate... naitar sharir nu vachaka boom thai jase,neutral,negative,0.0232,0.9535
Maa ne chinta thay swabhavik chhe maa te maa❤,neutral,negative,0.0232,0.9535
Aa episode kem nano che bhai ava episode mota banavo ne 1 hour episode must with bhavini ma'am,negative,positive,0.0232,0.9535
Boliwood jevi muvi lage... Che.. ha moj... vikram bhai,negative,positive,0.0232,0.9535
Indredible જગ્ગુ દાદા....,positive,neutral,0.0233,0.9534
ગીત ની ઢબ અને રાગ એ પ્રમાણે છે કે સાંભળવાનો j થાય,neutral,positive,0.0233,0.9534
Hi jd bhai tamara thumbnail ai. Jenrat ave te badha hare atiyre match kare ex sourav te tevu nathi avtu te saru lage different,positive,negative,0.0233,0.9534
DD Gujrati par emni serial aavti hati. Naam yaad nathi.,positive,negative,0.0233,0.9534
Jay Mata ji Vikram bhai,neutral,negative,0.0233,0.9534
U should have roasted more😊,negative,neutral,0.0233,0.9533
😂 yah gadi kitne mein aati Hai,neutral,positive,0.0234,0.9533
"Manan Desai, Om Bhatt, Deep Vaidya & Chirayu Mistry —
If you're reading this, pause and accept my most sincere appreciation — because you gentlemen have done what very few manage to do these days: actual, genuine, laugh-out-loud comedy. Not the forced kind. The real stuff.
You haven't just raised the bar — you built it.
Carry on. We'll be here, laughing.
Keep doing exactly what you're doing. The world needs it. 🙌😄",negative,positive,0.0234,0.9532
"Manan Desai is really not funny. As a host, he shouldn’t be this self-absorbed, there should be more focus on the guest rather than constantly talking about himself. It feels like he’s only on the panel because he owns the channel.",positive,negative,0.0234,0.9532
Guys live Lavari shows hamna bandh che to aane lavo tene lavo na karso have 😅,negative,neutral,0.0234,0.9532
Haw hachi vat se 👌🙂😂😂😂😂😂🎉 Ghana chhe ne ghana viday thayi gaya juvani thi 78 varas na thaya tamne sambhlu chhu 🎉,positive,negative,0.0234,0.9531
Jay Dwarkadhish 🙏🙏 Jay Ma Mogal 🙏🙏 Jay sonal Ma 🙏🙏🙏,negative,neutral,0.0234,0.9531
Dil lohi na aasu rade che 2!!!!!,negative,neutral,0.0235,0.953
Sandhya ben ne hju uncomfortable feel thai che hindi bolva ma,neutral,positive,0.0235,0.953
Vlog km late muko Cho ame rah joiae Che jaydeep bhai,neutral,positive,0.0235,0.953
Aap modeling karoge shayad,negative,neutral,0.0235,0.9529
hello sir bahu j mast song che..pan aa type maa biju vadhare minit vadu song lavo ne sir.plz...😭😭,negative,positive,0.0236,0.9529
Jay maa mogal kirtidan gadhvi tamne aane Tamara family ne🙏🙏,neutral,positive,0.0236,0.9529
Baw saras😍 medam👍👍... Pan maro gar 🏡 ek bilding 🏢 ma 6e to khali saware dhup aawe6e to su ho gare pankha nice sukvi saku 6u wefars..... Riplay pls......,negative,positive,0.0236,0.9529
"sukhbir paaji bolo, sukhbir sukhbir su che???",neutral,negative,0.0236,0.9528
Ha jignash bhai ha,neutral,negative,0.0236,0.9528
કુશ “only friends” ટ્રાય કર! 😂,neutral,positive,0.0236,0.9528
Taital ma na aapso direct batavokoi ne khabar na padti hoy to su karvu,neutral,negative,0.0236,0.9528
Jay mataji Devra Sana,negative,neutral,0.0236,0.9528
"Sarika ben jaldi thi physiotherapy chalu karo 
Jetlu late karso taklif vadhi jaase",negative,neutral,0.0236,0.9528
Aap ne bahoot he sadgi our Asaan tarike se banana bataya ...our yahi bazar shop me 1800 rs kilo hai ...likin ab sochna Banta Hai ki humse banegi ya nahi q ki ab tak aise ghar me nahi banaye hai our khas karke itna Asaan hai karke pata bhi nahi thaa ...our kabhi try he nahi kiya zanzat bolke likin ab soch raha hu thodi se banake dekh he lu ki banti hai ya nahi ...❤,negative,neutral,0.0236,0.9527
Mara thi aa tava pr krispi dosa banta j nthi😮,neutral,negative,0.0236,0.9527
Modasa jordar varsad chhe,positive,neutral,0.0236,0.9527
Maza avi gayi bhaila ❤moz che ❤,positive,neutral,0.0237,0.9526
Jay hinglaj maa 🙏🙏🙏🙏🙏🙏🙏,positive,negative,0.0237,0.9526
"મેમાનો સારા સારા ગોતી લાવો છો...
આ Show લવારી છે સમજી શકાય પણ show માં આવતા મેમાન નો ને બોલવાનો મોકો આપો મિત્રો... તમે જ બોલ બોલ કરે રાખશો, હવે ધરાર હસાવાની કોશિશ જેવું લાગૅ છે.. એવું હોઈ તો તમે ચારે કોઈ રૂમ માં અંદર અંદર વાતો કરી પાછી show host કરવા આવો..  😄😄😄",negative,positive,0.0237,0.9526
Frozen shoulder pain nathi ne,neutral,negative,0.0237,0.9526
Tamari jamin surat ni bahar kya chhe?,positive,negative,0.0237,0.9526
Koi thi nahi darvana aa Gujarat Na Thakor,neutral,negative,0.0237,0.9526
Bo j saras baniyu che Masi....Tamara badha j video me joya che...,negative,positive,0.0237,0.9526
Pls new movie gujarati chennal ma muki ne pls. Kato koi chennal banavo jema movie aave. Navi,negative,neutral,0.0237,0.9525
mast tame samzavyu ben,neutral,negative,0.0237,0.9525
"Pooja zaveri, amari bhabhi to nathi ne ?",neutral,negative,0.0238,0.9524
Plz kyo ne ke riddhi siddhi kya thi Letha che lots of love from bhavnagar❤,positive,neutral,0.0238,0.9524
મોદી melody 😂,neutral,positive,0.0238,0.9524
"Sandhya ne kaho thodu mote thi bole
Kai khaber j na pade su bole che",negative,neutral,0.0238,0.9524
Saras che kaki 😊,negative,positive,0.0238,0.9524
A video tame kya app maa editing Karel che .. ?,negative,neutral,0.0238,0.9523
Ha Thakor tamare Moj Ha,negative,positive,0.0238,0.9523
Verry good bhai,positive,negative,0.0238,0.9523
Mein aaj Hi banaogi mast recipe,negative,positive,0.0239,0.9523
Ha #Tiger ha,positive,negative,0.0239,0.9522
Jaydeep bhai badhu masti ma na lo..maa ne bichara ne ketli chinta thay,positive,neutral,0.0239,0.9522
Hu jyare pn Tamara song  samblu to etlu saru lage che k Tamara vakhan karva mate  mari pase shbdo khoti jaay che. 😊😊😊,positive,negative,0.0239,0.9522
Jay mogal jay khodiyar,neutral,negative,0.0239,0.9521
Mendo nakhai nakhvo hoi to,neutral,negative,0.024,0.9521
Su song banayu se moj pade gai,neutral,negative,0.024,0.9521
Ramma maja nathi awati Kem k adoayat wachche awe Chee bhale rakho ama khai wandho nathi pan ak thi be adoayat rakho,negative,neutral,0.024,0.9521
Kirtidanbhai khubh saras,negative,neutral,0.024,0.952
How to cook in microwave? For how long we need to preheat and at what temperature & for how ling we need to bake it?,positive,negative,0.024,0.952
Aap konsi sosity me rehate he,neutral,positive,0.024,0.952
Tara sivay badhu che ek j tuj nathi. I miss you Laxmi😔😔😔,negative,positive,0.024,0.9519
Day 3 no video nathi aavyo aj,negative,neutral,0.0241,0.9519
All Gujrat police banavanu hatu,positive,negative,0.0241,0.9519
Jay Jay Jay Jay Jay Jay Jay Jay Jay Jay Jay Jay Jay Jay Jay Jay Jay Jay Jay Jay Jay Jay Jay Jay murlidharrrrrrrrrrrrrrrrrrrrrr,positive,negative,0.0241,0.9519
Taigar to Taigar,negative,positive,0.0241,0.9518
Bhai aa kyo rag che,negative,neutral,0.0241,0.9518
Mam.kesa na ho to kon sa food coly use kar sakte hai yellow ya tandoori colour,neutral,negative,0.0241,0.9518
Tya renuka mata nu mandir pan che,neutral,negative,0.0241,0.9518
"Manan bhai 
Mallhar bhai said 2300 people 
Y did pooja maam add 200 extra people 😂😂😂😂😂

2500 kya thi thay gaya 
Bija episode ma aaviya pooja maam toh 200 loog ni biji reception kariyu 😂😂😮😮😅😅😅😅",neutral,negative,0.0241,0.9518
V a h bhai,neutral,negative,0.0242,0.9517
Bapu ne lavo ne nahi to jati re je,neutral,negative,0.0242,0.9516
Aayra che ne Aadi ni friend.  😂😂  Happy Birthday To Hezal.,neutral,positive,0.0242,0.9516
Tame je kare te pan vlog to chalu rakhajo life time,neutral,positive,0.0242,0.9516
Jignesh bhai hiten kumar sathe film karo bav mast jodi lagase and Director Haresh g patel sathe,neutral,positive,0.0242,0.9516
Last 1 yani ki 3rd wala bohlt funny tha,positive,neutral,0.0242,0.9516
"My mother rarely watch movies in Cinema like once in 5 years lol, and she absolutely loved this movie and it was more special for her since She is Junagadh born and all the locations reminded her childhood.

Yes we watched it in Cinema not pirated 🤪",positive,negative,0.0242,0.9515
Uncle ratalu chips lave che anu address aapo,neutral,positive,0.0243,0.9515
Tamara gym nu name su che,positive,negative,0.0243,0.9515
Vaah! Su movie che❤,negative,positive,0.0243,0.9515
Thumbnail ma lagyu ke yashasvi jaishwal ane daredavil aya che😂😂,neutral,negative,0.0243,0.9514
Ha maru gujarat,neutral,negative,0.0243,0.9514
Leicester se dekhrahe hai,positive,neutral,0.0243,0.9514
હા મોજ મસ્તી chehuji chanduji thakor ભદ્રામલી 👌👌👌👌👌👌🎂,negative,positive,0.0243,0.9513
Jay maa Ashapura,neutral,negative,0.0243,0.9513
Om bo j saras bhumika nibhavi Malhar thakur pachi no best hiro 6 om riyal name nathi khabar om nu😊❤,neutral,positive,0.0244,0.9513
"Be careful, tabiyat na kharab ho jaye",negative,positive,0.0244,0.9513
Kavita ji mere ko Rona aaya tha jawab ap master chief chhod Kar Gai thi,neutral,negative,0.0244,0.9513
Music je movie ma Che a best che,neutral,positive,0.0244,0.9511
I don't subscribe to any channel till now i have subscribed to Vipul Goyal because he is OG with less subscribers after Dharmesh Sir and Vishal Jethva i am subscribing to your channel,positive,negative,0.0245,0.9511
Panir or veggies fry karte waqt masale adjust kar sakte hain kya apne hisab se?,neutral,negative,0.0245,0.9511
AA Tiger Ni Boom,neutral,negative,0.0245,0.951
"I have been watching Lavari show since long and like it so much but never dropped any comment.....but today I am doing it! Aa show to mast che j, there is no doubt about it but the funny thing is....ke aa show na madhyam thi ae janva madyu ke aatla badha well known artists Gujarati che! Everytime I am like...Ala aa b gujju che? hahaha",negative,positive,0.0245,0.951
Jaydeep bhai Sarika didi hamen Jamnagar se bol re jaydeep bhai tumhare papa hai na suvichar achcha bole pakshi ka,positive,neutral,0.0245,0.951
Jio Analimited vala bapu,neutral,positive,0.0245,0.951
Jay bholenath om namay shivay,positive,neutral,0.0245,0.951
Ghana loko evi comments kare chhe ke ke tame Hindi movie na song gav chho santvani nathi karta bhai shiyala ma khva mate methi pak bane tema jo galpan na hoy to aapna jeva na gale no utre to bhaja thodu manoranjan sathe pirsvu pade to andar utre baki sachi santvani sabhlva jeva manso pan malva joye ne...sir your doing good job ...we love you always,positive,negative,0.0245,0.951
Tamari chennal fari thi bana vo,positive,negative,0.0245,0.9509
Who is the lead male singer?,neutral,positive,0.0246,0.9508
Bohot hi maza aaya,positive,negative,0.0246,0.9508
Video kedi aavse,negative,neutral,0.0246,0.9508
Jignesh bhai aa gitma ek kadi mast gavai se my favaret kadi thanks,positive,negative,0.0246,0.9508
Jay ma sonal ma ❣️❣️❣️❣️❣️❣️ jiv ho ma ❣️❣️❣️❣️❣️,negative,neutral,0.0246,0.9508
Hii jaydeep bhai sarika didi Kem chov,neutral,positive,0.0246,0.9507
Jan mari janu lai bai❤❤😢,positive,neutral,0.0246,0.9507
ame a sak ne gagdi golanu sak Kai e che mam nice ..,negative,positive,0.0246,0.9507
Uncleji itna dhup hai aapghar pe aram karo aur aaphydration water intake,positive,neutral,0.0246,0.9507
No 1 sigar. Ane. Dance super se Song mast se,positive,negative,0.0247,0.9506
Tame kai sugar use kari chhe kheer banavi ema?,neutral,negative,0.0247,0.9506
Mam.hu banavya tamari recipe thi boj tasty ne soft banaya,neutral,negative,0.0247,0.9505
A bhai jordar chhe,positive,negative,0.0247,0.9505
"You should read policy carefully for car insurance , is it covers flood ?
Most of them will not .
Some of damage covered by house insurance .
Flood insurance is separate policy then regular home insurance 
In USA , sewer back damage covered by regular home insurance . You guys have sewer back up , you should file claim for content loss lower apartment of house , if you have home insurance
Lower tank had raw sewer in that , after cleaning leave some chlorine tablets in that
Never say insurance company this damage due to flood , say it was due to sewer back up",positive,negative,0.0248,0.9505
Ha rabari ha,negative,neutral,0.0248,0.9504
કાકા તમી પ્લસ્સસ્સ પ્લસ્સ તબીયાત સચવો પ્લસ...બસ કરો હાવે ..હડ થી વધારે નઈ કરો.. વિનંતી...તમને જોડે માને રોવુ આવિગયુ..બાવહા ભી કેતલા સમાજદાર ચે તમરા આને તમારી કામના ભી મસ્ત ચેમ્બરે . આરોગ્ય જોવી plssssss,positive,negative,0.0248,0.9504
jay sonal maa 🙏jiganesh supar,neutral,negative,0.0248,0.9504
Sandhiya ji ne aunty sukam bolawe che chachaiy bolawe em keway,positive,neutral,0.0248,0.9503
sarika ji sab ka ek hi pati hota hai 😂,neutral,positive,0.0248,0.9503
Badhi charni kana vadi hoy che jo tamarai pase kanaa charni hoy toh mane mokala jo.😄😆😁🤣😅😂😄😃😂,negative,neutral,0.0248,0.9503
Aap batane se pahile hamne didi ka video dekha ta chakkar aaya ye jijaju didi ko bata rahe te,neutral,negative,0.0249,0.9502
Ben tme j gol ane khand btavo/ vapro chho tne shun kevay ane kyan mle?,neutral,negative,0.0249,0.9502
Joradar song bhai 🥳,neutral,negative,0.0249,0.9502
Bhai aadrej no bhano chu,negative,neutral,0.0249,0.9502
"Makeup dada ka patience acha he 😂kitne hilte ho😂😂
So cute 😍",neutral,positive,0.0249,0.9502
Baddhani actinh Bahuj saras che... 🎉🎉,negative,positive,0.0249,0.9501
Jay dipo .a,positive,neutral,0.025,0.9501
Hoooo Karam No Sangathi Rana Maru Koi nathi It's My Favorite Bhajan😍💝,neutral,positive,0.025,0.95
mouthwatering really ma'am 😋😋😋😋😋,neutral,positive,0.025,0.95
Par kaviita ji bihar me to chawal ko pani me boil kar ke pakaya jata hae or oske pani yani ki mard pasa ke banate hae taki chawal soft aur heldi rahe supar testi Recipe 😋❤👌,neutral,negative,0.025,0.95
Ha tmari hay ha moj ha,negative,positive,0.025,0.95
Ha moj haaa.......jay Mogal,positive,negative,0.025,0.9499
આને કેહવાઈ આપણો ગુજરાતી usa મા પણ લાઈન લગાડી selfie ની હા મોજ હા,negative,positive,0.0251,0.9499
mey ghana video joya pan tamaro vadhu pasand aviyo ne mane rit gami. gujarat ma kyathi chho,negative,neutral,0.0251,0.9499
કર્મ નો સંગાથી રાણા મારું કોઈ નથી Full Song Plz plz plz,positive,negative,0.0251,0.9499
Vikram to vikram chhe,neutral,positive,0.0251,0.9498
Ay mere dost lot ke aja song Tamara aavaj ma banavone,neutral,negative,0.0251,0.9498
Jigeneshbhiy Tamara song sabndi mara jigar ni bhu eyad ave miss you jigar 😭😭💔,negative,positive,0.0251,0.9498
Pls tell me the name of car,neutral,positive,0.0251,0.9498
200 million to thavuij joiye year And sudhi ma,negative,positive,0.0251,0.9498
Real comeback toh babu batli no thayo che 😂😂,neutral,positive,0.0251,0.9498
Background music pan upload karjo,positive,neutral,0.0251,0.9497
"Jay shree Krishna Masi ane Kaka ne 🙏❤️Kaka Tamaro suvichar khub umda hato jordar 🙏👏saras kaka badhu sak lay ave vadi thi dhudh lay ave saras ghar nu sak ane dhudh ni maja j kai alag che . Sarika dhudhi na kofta nu sak thepa muthiya handavo dhokla dhebra dhudhi halwo badhu bani sake . Sambhar ma vapray . Dhudh no shrikhand , basudi . Fruit salad . Suji shiro akla dhudh valo . Sarika keti hase tame to item na nam j lakhva pan banavanu to mare j ne nahi sarika 😊. Kai ni pan maja avi vlog ma Randal ma tedave tenu janva malyu Masi pase kharekhar mane noti khabar . Masi ne pan have bijo kanu ke heju ramadva malse jaldi . Jaydeepbhai have jaldi avi jase pachi vadhare maja avse . Heju kanu ne maro lad ❤️❤️badha ne mara jay shree Krishna 🙏❤️",neutral,positive,0.0252,0.9497
Kon rabari che ❤,positive,neutral,0.0252,0.9497
Apna to bekar bana,neutral,negative,0.0252,0.9497
Supper bhai vikram,positive,neutral,0.0252,0.9496
Waw jhakass bhai,neutral,negative,0.0252,0.9496
"Khub saras Sir 💯🙏🏻😊
Jay Shree Krishna",neutral,positive,0.0252,0.9496
"સુભાષ ઘાઈ એ જ્યારે આ મૂવી ની પ્રસંશા કરી ત્યારે જ એવું લાગતું હતું કે ભાઈની દાઢ સળકી છે…. ૧ ના ૧૦૦ થતાં જોયા એટલે. 

Congratulations team Lalo.  If I am not mistaken, this  movie will be released in Hindi under Mukta Arts banner.  Just a guess. Let us see what happens. 
❤ from 🇨🇦.",positive,negative,0.0252,0.9496
BHARAT MATAKI JAY,positive,neutral,0.0252,0.9496
Jogging par nikaida hata lavari par poicha che 😂😂,neutral,positive,0.0252,0.9496
"Jay Dwarkadhish 🙏🏻
Jaydeep bhai tame amari comment vaco cho to kem khabar pade kay kiyo ne ke khali ame lakhi chi aevu nathi ne 
Ha bija badha vache che ae to paku 😅",negative,neutral,0.0253,0.9495
Holi ma srikhand & Puri khaishu,negative,neutral,0.0253,0.9494
Gujarati movie ak saras valak upar che khoob j mast movie che,negative,positive,0.0253,0.9494
AA FULL GARBA NU NAAM SU SE,neutral,negative,0.0253,0.9494
"15:06 bro after earning so much still so much negativity, bhai do you think loko ne hasavu sehlu che? We have seen the journey of comedy factory since katko ktlu grow kryu che emne ktlu mehnt kri che, emna ups and downs ma pan loko ne hasave che. Rather should’ve appreciated ke ktlu saras kaam kare che aa loko . So disappointed bhai",positive,negative,0.0253,0.9494
"Thank you so much for calling #NiravMehta on lavari show, I am his huge fan since I was 9-10years old, I used to watch his show on durdarshan name ""gammat gulal"" more over that me and his son were studying together and are friends so I had a privilege to get more fun.
A huge thanks to the LAVARI team and Nirav Uncle.",negative,positive,0.0253,0.9493
Machchhar vadhe chhe Kacharo gametya nakhelo hoy chhe Nava road todine nava road banave chhe Varsadna pani road upar bharay chhe etae machchhar pade chhe Haju ketalo pagar joea,negative,neutral,0.0253,0.9493
Thoda jada song chaiye tha Bhai spnd to bohot mast he roj sunta hu mai song ye ..❤️❤️❣️💥,positive,negative,0.0254,0.9493
Ghari banavo ne plzzzz by the way tame kya rehvo cho,negative,neutral,0.0254,0.9492
Aloo ma South Indian style masalo nakhi idli better ma fry kari banavo saras testy lage chhe,positive,neutral,0.0254,0.9492
Aaj Seni Var 6 bhai Kon Kon 🅗︎🅐︎🅝︎🅜︎🅐︎🅝︎ 𝐣𝐢 ne Mone 6 👋👋,negative,neutral,0.0254,0.9492
Hezu dialog tamara bapa kya chhe 😊 Hezu mane apple no logo dekhayo hato😊,positive,neutral,0.0254,0.9492
Khub sundor video mam❤❤❤🙏,negative,positive,0.0255,0.9491
Maru nam na lidhu tme jaydeep bhai maro visvas todi naykho madhav maru nam chhe me coment kyri ti ak var mari coment to vacho video ma😢😢😢😢,neutral,negative,0.0255,0.9491
Aaro na paninumap 150 suthi rhakvanu pani ka tidiaes કામ hone se bacho કો પર duktehe,neutral,negative,0.0255,0.949
"kirtidan bhai bau abhimani che ane biji vaat hu anand ni ej university ma hato, pn tya 3000-5000 max manso hata 15000 to shastri medan ma na samai. daira ma vadhari vadhari ne bolvani adat che atle ama pn vadhari ne boli didhu.",neutral,negative,0.0255,0.949
Bachpan se hum toh ise Chilaa kehte aarahe the….. internet ne naam badal diya iska 😂,negative,neutral,0.0255,0.949
ડિટેઇલ રેસિપી નથી મળતી link આપો please 🙏,positive,negative,0.0255,0.9489
Hayee kitni cute expression tumhara 😍😍❤️... Bhavin MERI ak request haa plZz koi new place per reels banao...aur plZz thoda shave Kar lo  for God sake 🙏🙏... plZz don't get me wrong .. muje baas tum jaisa pasand ho wasa rehne ki liye bol Rahi hoon 🙃...,neutral,positive,0.0255,0.9489
Mera mann bhi bas aap hi ka naam dohorata hai Bhavin❤💖❤💖❤💖❤💖,positive,neutral,0.0256,0.9489
Ha moj ha jiganes kaviraj,negative,positive,0.0256,0.9489
Koi divas sachu pronounce kati ne gayu nathy to gyan sane ape chhe,neutral,negative,0.0256,0.9488
Keri valu talvanu bowl kevu che? Levay?,neutral,negative,0.0256,0.9487
MAHEMAAN NE BOLVAA DO LYA SU 4 E JAN JYARE HOY TYARE BAS BOL BOL KARO CHO ENA KARTA TAMEJ SHOW KARI LO NE MAHEMAN SU KAAM LAAVO,negative,neutral,0.0256,0.9487
Mast mem surat thi sonal desai.,positive,negative,0.0257,0.9487
Manan bhai e literally 15 min vaat kreli ho mari sathe😅😅😅,positive,neutral,0.0257,0.9487
Aa pan gujarati vaah,positive,neutral,0.0257,0.9487
Awaaz gaya bhai apna Prem to gana nahin tha,positive,neutral,0.0257,0.9486
Saras yumm yummy,neutral,positive,0.0257,0.9486
Jordar che bhai song ❤️✨,positive,negative,0.0257,0.9486
So so so so delicious mouthwatering mujhe bht pasand hai halwa aur mujhe meetha bht pasand hai jarur try krungi chef kabita ma'am ❤❤ kal hi banungi ab,neutral,positive,0.0257,0.9486
Vaaaaah saras recipe share kari instant recipe thi different 6e + easy 6e . original test mali shake evvu lagi rahyu 6e thank youuuuu ❤,negative,positive,0.0257,0.9485
Hii Vikramkaka Hu tamane sari rite ઓળખું છૂ તમે આણંદ. ગામડી ગામમાં રહેતા ચીમન ભાઈને ઓળખો છો જેમની જન્મ તારીખ 9/8/2023 ના રોજ વિડીયો મુક્યો હતો તમે,negative,positive,0.0258,0.9485
"My mom used to make it ..I would love it alot..When i tried to make it, it never turned out properly hence I left it..Would crave for it but koi banane wala nahi tha..I also tried all the recipes for bhakri .. no success ..Will surely try your recipe which is easy and this video of yours gave me the confidence of making it again.God bless you and thanks alot ❤",negative,positive,0.0258,0.9484
prakash. THAKOR sh. moj THAKOR ne,neutral,negative,0.0258,0.9484
"05:04....jati reje🤣
I frightened for monitor....yeh dhak-dhak hore la hai🥺",neutral,positive,0.0258,0.9484
Om bhai peli move ma tamne puse ke kaya gam no Aem mast move se Ae pan,neutral,negative,0.0259,0.9482
Bhai ful movie,positive,neutral,0.0259,0.9481
Vah Sairam bhai vah 😂😂😂,neutral,negative,0.026,0.9481
Mara papa jode paisa n hata to pan mane aagad study mate kahyu pan me study aagad study n karyu😊 Papa ni paristhiti joi ne😊 Study karyu hot to saru ae afsosh rahi gayo😊20 years ago 😊12 science ma 75 % aavya hata😊,neutral,negative,0.026,0.9481
Jay Ganesha.....Bauj saru geet chhe....ane awaj pan saro chhe...,negative,positive,0.026,0.9481
"Damnnn 😳🔥...this is fantabulous,you rocked it once again .You being an actor,dancer,singer have always rocked and today as a director,producer, Script writing, Dailogue delivery everything is just incredible 💫.This is beyond our expectations 👏.Super super proud to stan this Multi-talented idol ❤️
Now we just can't wait for second episode 🥳",negative,positive,0.0261,0.9479
Jai shree bappa,negative,neutral,0.0261,0.9479
Ha superstar vikram Bhai Gujrat ma tamara tole koi na aave,negative,positive,0.0261,0.9479
Nice rajsthani lagngeet ni copy chhe pan saru chhe,neutral,positive,0.0261,0.9478
"Manan bhai, ghare nai javanu k shu😂
  
I am imagining Vidya from NRI Uttrayan Sketch:""Ae Lapet, ae jay jay jay jay jayyyyy""",neutral,positive,0.0261,0.9478
Aap dono sadi kar lijiye aap dono ki jori bahut achchhi lagati hai,positive,negative,0.0261,0.9478
Jay mataji mitro hu jignesh kaviraj no ashik chu kalpesh makawana name che and mare temani jem singer banavanu che hu mahenata karuchu,neutral,negative,0.0261,0.9478
Ha moj ha JaY Murlidhar JaY Ma mogal,negative,positive,0.0261,0.9477
Sir Jignesh Kaviraj hatu pehala ane have Jignesh Barot Kem,positive,negative,0.0261,0.9477
vah kaviraj pujya shree narayan swami ne yaad karvu pade .... Har Har Har Har Mahadev...,positive,negative,0.0262,0.9477
Mem.. refrigerator ma jamva..mukwanu ke pachi emj?,negative,neutral,0.0262,0.9477
Jay shi kishan,positive,neutral,0.0262,0.9476
vikrambhai tame tamara old all album songs uplord karo plz,neutral,positive,0.0262,0.9476
dil ma lagi jay .song (jardar),neutral,negative,0.0262,0.9476
Have na jamanama chokra ne vrat krva pdse tyare chokri madse am pn chokri o ochi che,neutral,negative,0.0262,0.9476
"Be positive  JD bhai
Tension ma nahi rehvanu
Maru Kam Thai Jase em positive  vicharvanu. Badhu Kam saru thase
God bless",neutral,positive,0.0262,0.9475
"Bhai,aa live joyu hatu Amdavad. Constant 2 shows joya hata HK ma. 3 pm to 11 pm. Aa lavari one of the best lavari chhe.",negative,positive,0.0262,0.9475
Kalonji to Dali hi nahi ?,negative,neutral,0.0262,0.9475
main aapka bahut bada friend hun Kirtidan bhai,neutral,negative,0.0263,0.9475
jay jay mogal,neutral,positive,0.0263,0.9475
Bollywood ma tamara song Kem nathi aavta,negative,neutral,0.0263,0.9474
Mera to bahut crispy banaa tha,negative,positive,0.0263,0.9474
Didi hai to sab kuch bhi kar sakte hai😂😂😂,neutral,negative,0.0263,0.9474
🙏🙏 Jay vihotar maa🙏🙏,positive,negative,0.0263,0.9474
Bhale jiga bhai,negative,neutral,0.0263,0.9474
Amit kaka and Narendra ne lavo lavari ma aakhre ae pan gujarati j chhe,neutral,positive,0.0263,0.9473
Same to me mam😂😂😂,neutral,positive,0.0264,0.9473
Ha jogi ha,negative,positive,0.0264,0.9473
wait kariye che 20 suryanamaskar na video no,positive,negative,0.0264,0.9472
Didi hame aapne bewakoof bana diya 😢,neutral,negative,0.0264,0.9472
Weather au che etle aunty ne eu thay che Jami ne walk karo to saru rehse,negative,neutral,0.0264,0.9472
BaaP BaaP Hota Hai ❤❤❤,positive,negative,0.0264,0.9472
Bov j saras recipe chhe hu jarur banavis specially thanks for patra masalo,neutral,positive,0.0264,0.9472
Have Sachin jigar ne bolvo ❤,positive,negative,0.0264,0.9471
End of waiting.... Jay mogal jay mataji,negative,positive,0.0265,0.9471
Kanu ni hindi so sweet che jaldi jaldi he learnt,neutral,positive,0.0265,0.9469
Bhi me Pakistan Karachi se ho Aapka video rozana Dekh te hi  bhot Acha lagta hi  ham bhi Gujarati hi isliye samj me Aata hi😅,positive,negative,0.0266,0.9469
badhiya hai song mai aapko ek faida btaunga aur ek pe veify le skta hai artist log muje dm krna mai directore hu 3 film bnai hai imdb pe hai,positive,negative,0.0266,0.9468
Khaneka man kar gya👌👌👌,neutral,positive,0.0266,0.9468
Ha Kaviraj haa,neutral,negative,0.0266,0.9468
Wa kirtidan bhai wa shu avaj che fida a shur upar,negative,neutral,0.0267,0.9465
carry on kesar ott par release karva nu kaho ne sir ne..!! Atyar sudhi joyeli best gujarati film hati e pan have koi jagya e nathi mali rahi...!!,positive,negative,0.0268,0.9464
Jay apna pay,negative,neutral,0.0268,0.9464
Khub mast batata nu shak,positive,negative,0.0268,0.9463
Sarika Ben Court a every house wife ni salary 30000/- aapva ni decide kari che. Lai lo. 😂😂,positive,neutral,0.0268,0.9463
JAI CHHAT MAAYA 🙏🙏🙏🌺🌺🌺,neutral,negative,0.0268,0.9463
Ghayl Ashiko No Sharo Se JigoVala👌🙏🙏🙏🙏🙏🙏,neutral,negative,0.0268,0.9463
Johar dada thakor,positive,neutral,0.0268,0.9463
Nice vlog maja aave che jovani..jai shree Krishna,neutral,positive,0.0268,0.9463
9dam konkon se hai,negative,neutral,0.0269,0.9462
Gujarti ki takat to dekho us no jando shado banvi ne pere e gujarati ho,negative,neutral,0.0269,0.9462
Jay meldi Jay mogal,neutral,negative,0.0269,0.9462
Aava song hoy kai bhai......,neutral,negative,0.0269,0.9462
Ye dosti nai hai . Ye na doglapan hai,neutral,negative,0.0269,0.9462
Song 1 nombor che vala,positive,negative,0.0269,0.9461
JAY SAKTI MA,negative,neutral,0.027,0.9461
Pahela na jamana ma means 30 years ago. Toilet no hata tethi sun rise thi te pahe la dable(toilet )jey av vu padtu ( andharama ) etla mate vahelu jagvu padtu,neutral,negative,0.027,0.9461
Chety ka ley halde hol par dalo tamara bhi ne halde lalo,neutral,negative,0.027,0.946
Joor dar boom thoko laik karo share Ha jiga bhai ha,neutral,negative,0.027,0.9459
"ગોરેગાંવ મા ફિલ્મસીટી મા જવા નું હશે, એકટીગ, શુટિંગ માટે. Right ?  અમે ફિલ્મસીટી જોવા ગયેલા.",positive,negative,0.027,0.9459
The shout out to @snappykaal from lavari 🔥🔥🔥🔥,neutral,positive,0.0271,0.9458
Jay ma mogal 🙏 Jay ma Sonal🙏,negative,neutral,0.0271,0.9458
🙏🏻🌷Jay Shree KRishna🌷🙏🏻,negative,positive,0.0271,0.9458
Purane song ko thoda music change karke phir se upload kar diya,neutral,negative,0.0271,0.9457
Shree shagar valo all the best zelne ko 😅,neutral,positive,0.0271,0.9457
Aa original rit che Ben...baki ravo to Naa j umerayi rava thi khaja chamada jeva thayi jaayi,neutral,negative,0.0272,0.9457
આ શૂટિંગ મારા ગામ નું છે મોગર સ્ટેટ (મોગર આણંદ) @therusticvilla,negative,positive,0.0272,0.9456
Bharat mata ji ki Jai ho,neutral,negative,0.0272,0.9456
SUPAR HIT VIKRAM BHAI,neutral,negative,0.0272,0.9456
jordar hase aa song,neutral,negative,0.0272,0.9455
Vikram bhai jorrr,neutral,negative,0.0272,0.9455
Aakash છે  annant no bhai,neutral,negative,0.0273,0.9455
Bht mazedar swadisht recipe hai par main nhi khati ab aise try krungi chef kabita ma'am ❤❤,neutral,negative,0.0273,0.9455
Badshah song supar Vikram bhai,negative,neutral,0.0273,0.9454
Vikram Thakor jevu down to earth koi nathi,neutral,negative,0.0273,0.9454
wow kya aavaj h jay mata di,neutral,positive,0.0273,0.9454
Bhut jagah hai,neutral,negative,0.0273,0.9454
Jay Jay Jay KALVANATH,positive,neutral,0.0274,0.9453
Pela Teacher Nu Thayu Shu Pachi ?,neutral,negative,0.0274,0.9453
Jordar kirtidan gadhvi sir no kyare aavse?,neutral,negative,0.0274,0.9452
Ha jiga bhai bhai ha,negative,neutral,0.0274,0.9452
Saras ben kai kam na karvu hoy ene ૧૦૦ બહાના મળે કંઈ કરવું છે e tamara jeva I appreciate to u dear,neutral,positive,0.0274,0.9451
Mast I like juvar rotli with ringan nu shak... delicious....tamaro rotli mast file che...mare nathi fulta ava,neutral,positive,0.0275,0.945
Maida use kar sakte hei kiya,neutral,negative,0.0275,0.945
Kano bov cute che eno video Vadhare lev 🤣👌,neutral,positive,0.0275,0.9449
"Sandhya ne bolvani khabaraj nathi padti ke mota  loko sathe  kem vat karvi, evu lage jane hardik eni person property hoi, tara peha bi koi relation hata gharnaloko sathe, bhai bahen to masti  karej, ane jaydeepbhai to badha sathe meethi majak kare che, he is pure heart person😊 have hardik bhai nu behavior bi change thaii gayu che, sarika is also pure heart person, sandhya nani thsine jaydeepbhai mota che tenu insult thi vat kare che, jyare jaydeepbhai sandhya and hardik ni khubaj care kare che, 🤗",negative,positive,0.0275,0.9449
"as far as I remember my childhood our gardener use to make this and have it with bajra roti, it fascinated me smooch that I use to give him my food and eat his. now this has become a fad.",positive,negative,0.0276,0.9448
Jay sonal MAA ✨🙏,positive,negative,0.0276,0.9448
તમે હજી આગળ વધો અને ગુજરાત નુ ગુજરાતી ભાસા નુ માન વધારો... તમારી બધી ફિલ્મ અને પ્રોગ્રામ સારા જાય.. VJ EDIT.... સ્ટેટ્સ એડિટિંગ,negative,positive,0.0276,0.9448
Khali movie ni hype banavi che eni OMG nu chip copy che,neutral,negative,0.0276,0.9447
Jay Ma Sonal Ma Mavdi Jay Ma Sonal Ma Mavdi Maiya Ma,neutral,negative,0.0277,0.9447
Are jigr bhaiiii su Kav have tamne je pehla Bollywood songs maaj reto aakho divas ene matlab k mane tamari lidhethi bhajan ma ras lagii gyo ❤,positive,negative,0.0277,0.9446
Bhai bhai vikarm thakor,negative,neutral,0.0277,0.9446
Wese ye best frnd  hai  kon..nam to btao koi😜,neutral,positive,0.0277,0.9446
Madam chat masala ni rit pan mukjo have .,neutral,negative,0.0277,0.9446
"Bhai jordar lavya 
Surti Lalo layaa baki 👌🤣🤣🤣",positive,negative,0.0277,0.9445
Pella pelani peeth pachhad gallary hati pachhi same KEWEE REETE aawi gai ?,negative,neutral,0.0277,0.9445
Jay vihat ma ❣️‼️,negative,neutral,0.0278,0.9445
Pasta pura maida ka bana hai to 1 spoon maida or add karne se vo unhealthy kaise ho gya 😂😂,negative,neutral,0.0278,0.9445
Wha abisekh su javab aapyu,positive,negative,0.0278,0.9444
jabardast che bhai..!!,positive,negative,0.0278,0.9444
હું મુંબઈ માં dombivli થી બીના છું તમે પંચમેવા મોદક ની રેસિપી બતાવી છે ‌તેથી તમારો ખુબ ખુબ આભાર આવી રીતે બીજા હેલ્ધી મોદક ની રેસિપી શેર કરજો,negative,positive,0.0279,0.9443
Maro dikaro uk 6 tamara jevo 6 tamane joy yad aavi,positive,negative,0.0279,0.9442
jay ho...jay ho....wah....jay mogal....,positive,negative,0.0279,0.9442
"M’am , mane-save kar liya h next kitty party ke lie starter idea thankx",negative,positive,0.0279,0.9442
"Tv9 ne janavanu k uber ola j commission ley che paas nu a pass lidha pachhi pn bija paisa kapi ley che, amare 6km pickup karvanu ane 15 km drop karvanu to 20 km na 300 aape ane emay 25 thi 30 rs kapi ley to su posay tame j ko",negative,neutral,0.0279,0.9442
Agar paneer Na dalo to,neutral,negative,0.0279,0.9441
Kabi b koi bura lafz moun se nahi bolna chahiye or gali to bilkul nahi deni chahiye q k The Holy Bible mn btaya gya hai k hum sab k lafzon ki adalat ho gi aur hume apne sab nikame lafzon ka hisaab dena pade ga or ye b btaya gya hai k jo log gali dete hn wo log jannat mn nahi jain gai.,neutral,negative,0.0279,0.9441
Sir lockdown bhajan mashup 2 kyare lavso....??,positive,negative,0.0279,0.9441
Ram Ram ji,neutral,positive,0.028,0.9441
Ame diu  na  chhe  tme diu gya   amne khub raji thaya  ame  hal  UK chhe thank you❤❤❤🙏,positive,neutral,0.028,0.9441
Vikram bhai patel ni patlay movie upload karo,positive,negative,0.028,0.9441
tame vohra patel chho ?,negative,neutral,0.028,0.9441
Hiroein kon che,positive,neutral,0.028,0.944
My gujarati dear friend stremekars singing app ek frurd aap hai koi bhi iss download na kar 🙏🙏🙏🙏🙏🙏🙏🙏🙏🙏🙏🙏🙏.don't go.,negative,positive,0.028,0.944
Mango khaja pan Ghana famous chhe . To e recipe pan share karjo,positive,neutral,0.028,0.944
"The worst Lavari episode ever! 😭

Please, Comedy Factory, do something about this. My first live Lavari was also HL, and honestly, that experience wasn’t good at all either. 😕",negative,positive,0.028,0.944
Supar hitt song.... આયો પવન નો ઝોલો.... Hali gayu Ho bhai... *One Like👍👍 This song...*,negative,positive,0.0281,0.9439
Joardar song se jignesh bhai👍👍👌👌👏👏👍👍👍👍,neutral,negative,0.0281,0.9439
"Jay Dwarkadhish 🙏🏻
masi ne Sarika di tame atiyare to no kiyo 😅
mane pan 20 divash nu plaster hatu to pan puro aaram kariyo ae no kari ne to winter ma dukhe 
Get well soon Jaydeep bhai👍🏻",negative,neutral,0.0281,0.9438
Jay dip bhai  nisena rum me meda bnalo pura samen uper rkhdo to kharab nhi ho ga,neutral,negative,0.0281,0.9438
Ha jiga ha right right right song che NUMBER ONE JODI CHE tari mari jodi👌👌👌👍👍👍❤❤❤,negative,positive,0.0281,0.9438
Tamari bhasha kyut che,negative,neutral,0.0281,0.9437
Ava j dyo joi kevok ave e to,positive,neutral,0.0281,0.9437
Same recipe White choda mate use thay?,negative,neutral,0.0281,0.9437
Banaskantha hadad taluka ma sanali jamru udavas raniubari ma thyo varsad,negative,neutral,0.0281,0.9437
Madam tamari accent bo fine che ... Typically surti,neutral,positive,0.0282,0.9437
tamaro show kharekhar expose kare chhe ke india na ketla mota influencers upar gujarati prabhav chhe,negative,neutral,0.0282,0.9437
wah bai maa ni yad avi jay ankh ma pani lavi didha bhai keep it up jai moghal maa tane khub pragati karave,positive,negative,0.0282,0.9436
"Geetaben rabari to andra pradesh ma pan famous che, maro ek colleague che tya to e keto hato k yaha ka rona ni pade entry song bahut accha hai geetaben k fan hai",neutral,negative,0.0282,0.9436
Jay dakor takor,neutral,negative,0.0282,0.9435
Ekdam non interested guest lagya aa to tamari b comedy mari nakhi,positive,negative,0.0282,0.9435
Jay maa mogal wha king wha,positive,negative,0.0282,0.9435
Aaj saf saf lahta hu itni se bat ha hum e aap peyar ha 💝💝💝💝,positive,negative,0.0283,0.9435
Matla unused hoy to andar mati nathi ne છોડ lagavi dyo,neutral,negative,0.0283,0.9435
Bhai bhabhi ne prnaam jordar ho😊🥰,positive,negative,0.0283,0.9434
Is it good to soak overnight?,neutral,positive,0.0283,0.9434
Are yaar koi mujhe kabita didi se milao plz,neutral,negative,0.0283,0.9434
Jay sonal ma...,negative,neutral,0.0283,0.9433
jay somnath bapa jay aaval ma jay mahakal bapa jay kailash mahadevo jay shree aavad maa jay amarnath bapa jay kailash mahadevo parvati ma jay shree ganesh jay shree som devo jay karti ke jay kileswar mahadevo jay khimeswar mahadevo jay bhavanath mahadevo jay bhutanath mahadevo sonal ma jay mogal ma manidhar vadvali kabrav jay shree pashu pati nath mahadevo jay somya dada iswar kudarat parmatma bhagavan shree som devo jay amarnath bapa barfani jay shindhnath mahadevo jay som devo jay shree 12 jayotirling જય શ્રી જય શ્રી જય શ્રી સોમનાથ બાપા જય સોમેશ્વર મહાદેવ પાર્વતી માં મહાકાલેશ્વર જયોર્તિલિંગ મહાકાળી માં જય મહાકાલ મલ્લિકાર્જુન જય કાલભૈરવ જય ભગુડા જય મણીધર જય વડવાળી કબ્રાવ જય જય જય શ્રી સોમ દેવો દ્વારકાધીશ,positive,neutral,0.0283,0.9433
Plz give English subtitles. All Gujaratis know how to make undiyo. We non- Gujaratis need to check and learn this recipe...,negative,positive,0.0284,0.9433
"Khare khar bhai tame bovaj sharsh geet gav cho 
Bash tame aaj rite bov aagad vadho ane Gujarat nu naam aagad vadharo",neutral,negative,0.0284,0.9433
Mara Bahi nu sog supar Hit,negative,positive,0.0284,0.9433
Happy Birthday Bhai Maa mogal sonal ni Krupa saday aap par varasti rahe aevi subhechchha🙏🙏,neutral,negative,0.0284,0.9433
*Paka huwa kele ko mash kar k usme dahi sauf aur sugar k sath maida dal k aata ghund le aur raat bhar rakh kar subah mota poori ki size k jaise bel le aur dark brown hone tak deep fry kare tasty buns banta hai*,neutral,negative,0.0284,0.9432
🙏vah Bhai tamaru git Ane avaj,positive,negative,0.0284,0.9432
Sar aava git gav mjaa aave se,neutral,negative,0.0284,0.9432
Jakkash Jiga bhai,negative,neutral,0.0284,0.9431
Ha dosti tamari hachi che Bhai Top Jodi jitu Bhai ane Vikram thakor,positive,negative,0.0284,0.9431
Jayadeep ji aapka varacha road ka commentary jabardast😂,positive,neutral,0.0285,0.9431
Jordar song ho Baki..,positive,negative,0.0285,0.943
"Aa video ma pn comedy aavtu lagtu nhi,have sache lavari thi bakchodi pr aavi gya che 😅",negative,positive,0.0285,0.943
"hum ek or hamre 2 na kar ne bija relation bhulay gya masi ,mama derani jethani bija badha",neutral,negative,0.0285,0.943
❤❤❤ khub j Sara's Rachna Ane taro avaj vala vagh maa mogal Ni khama tane vala 🙌❤️,positive,negative,0.0286,0.9429
Bon ahiya Mumbai maa to Leela lasan no bhav aasmane che re 😅😂,negative,neutral,0.0286,0.9428
Jorrrdarrr song vikram bhai,neutral,negative,0.0286,0.9427
Didi atyare. Gotli vagar no keri market ma mli rhe ....pls reply,neutral,negative,0.0287,0.9427
Jay Narayan Jay Ho Santvani,positive,neutral,0.0287,0.9427
"Ha moj ha , bhai bhai",negative,positive,0.0287,0.9427
Manan bhai will wait for another omegle stream… possible hoi to banaye rakho bija😄,positive,neutral,0.0287,0.9427
Aa film youtube par kiyre aave se vikram bhai,neutral,negative,0.0287,0.9426
Aa mahiti amne bo kharab laygi😂,neutral,negative,0.0287,0.9426
Have thodo bhavna masi ne pan vacation do.so much House hold chores doing in this age..hatsoff masi ...aava sasu nasibdar ne j male...take rest u n DD uncle...,negative,positive,0.0287,0.9426
Mane lage chhe k aa prakashbhai vikram bhai ni den chhe ! Saras,negative,neutral,0.0287,0.9425
JAI MOGAL MA,neutral,negative,0.0287,0.9425
Ha aunty sachi vat che tamari 😅 jaydeep bhai badha na jamta vedeo le che but te su khay che te koi di nathi batavta😂😂,negative,neutral,0.0287,0.9425
Jd bhai ikigai book vanchjo ❤mast Che,positive,neutral,0.0288,0.9425
mari chenal subscribe karjo🙏🙏🙏🙏piliz,positive,negative,0.0288,0.9424
Hu anad no chu,negative,neutral,0.0288,0.9424
Bunty kab aayega??,neutral,negative,0.0288,0.9423
Jignesh bhai aa song jordar che pan aa song ni j acting che ne tema last ma nirav bhai ne aatlu bolva mate aav vani jarur hati k neha chal ghare ane tyare j neha suthar temaj jignesh kaviraj nu j reaction aavat te khub j saras lagat ho baki song ma koi pan khami nathi ho ok baki to mane j thik lagyu te kidhu mari aa coment vachi koi ne pan dukh lagyu ho to mane maf kare ok all of you my sweet freind,neutral,negative,0.0289,0.9423
Aa vakhte Nava mahadev nai aaya hoy kirti patel aai ti ne,negative,neutral,0.0289,0.9423
Jam Ma mogal,negative,neutral,0.0289,0.9422
ha vicky bhai ha jordar entry,negative,positive,0.0289,0.9422
Jay deep nhinhe to khber pade che sarika ben tame to koi ne apmaan karvama mukta nhi over karo cho,neutral,negative,0.0289,0.9421
Bhavsu janta wants to know bunty kab aayega 😂❤️🙈,neutral,positive,0.0289,0.9421
1 number song 🎧 ho ❤❤,positive,negative,0.0289,0.9421
Nice song but too short....થોડું વધારે લાબું રાખવાની જરૂર હતી..,neutral,positive,0.0289,0.9421
Jalmudi ma lasan na hoy teno masalo alg aveche lilu nariyelchana sarsotel nakhine banavay tame banavi te bhel hati,neutral,negative,0.029,0.9421
Jay Mataji group kapadvanj,negative,positive,0.029,0.942
garam pani ke saath salt ke kulle karo sab thik ho jayega 🎉,neutral,negative,0.029,0.942
સારિકા દીદી bedsheet ક્યાં થી લીધી છે?? પ્લીઝ answer આપજો,neutral,positive,0.029,0.9419
"Jay shree Krishna to all family 
Sarika ben me kanu no gotla chusto pic me sachavine rakhyo chhe mane khoob game chhe e. Love you kanu n Hazel also",positive,neutral,0.029,0.9419
Su aa channel Jigar bhai comment joy che and channel par song upload kare che k eemna teammates ❤❤??,positive,negative,0.0291,0.9419
Love marrege tabalavalo લાગેછે,neutral,positive,0.0291,0.9419
Saheb stuti khubaj Sundar rite gavai che pan mane lage che k starting ma preasents lakhvama thodi bhul Thai che,neutral,negative,0.0291,0.9419
Bija koy kalakar avvana che,negative,neutral,0.0291,0.9418
"Ap sab bohat. Ache hu.
Opr wala apku sat dega me uk sehu.roj  tamaru video  dekti hu.
Tamaru video  zoi lo
Tensan dur ho zata he.",positive,negative,0.0291,0.9418
Tal supda thi saf karay,negative,neutral,0.0291,0.9418
वाह कबिता जी 👌 कितनी खिले-खिले मोतियों जैसी साबूदाने की खिचड़ी बनाई है ✨ देखकर ही मन खुश हो गया 😋🙏😊 Shubh navratri devi maa apko khub kamiyabi Sukh simrdhi se bharpur kre 🪷🪷🙌🙌🌼🌼😊,positive,negative,0.0291,0.9417
Mumbai was worst in last week but we mumbaikars never complain like you all...aamchi mumbai always are on the go....,neutral,positive,0.0292,0.9417
jay. dwarka. dhish,neutral,negative,0.0292,0.9417
વિક્રમ ભાઇ આતો મારી કહાની છે જોરદાર સોગ છે બહુ સરસ મે હેપાજી ઠાકોર jj 24 વાળા મોરપા,positive,negative,0.0292,0.9416
Agar mane koi puche k Talent ne gujurati ma su kevai to hu khali ek word kau: 🤩JIGRRA🤩,positive,negative,0.0292,0.9415
એક song માં ખોડલ નું ગાવ ને.....,positive,negative,0.0292,0.9415
Mare pan vahadta sikhavi che,negative,neutral,0.0293,0.9415
Ek no ek saval su puchhya karo chho..,neutral,negative,0.0293,0.9415
"Aj maine try Kiya ye dish ,green matar nahi tha to maine capsicum dal diya isme soup rakhne se or bi testy lagti he 💚💛",negative,neutral,0.0293,0.9414
Wah Ben Ekdum Mast 👌👌🙏 U Ben 🙏🌹🌹,positive,negative,0.0293,0.9414
Bhai south no tadko kyare lagawsho gujrat ma,negative,neutral,0.0293,0.9414
Kone kidhu kharu hoy e to kai khadu hoy ne atle baki gaay na dudh jevu koi amrit nthi dharti par bhes nu pi n bhes jevi budhi thay jaadi budhhi thai jase n ghutna dukhse e alg thi Dada ni vaat hamesa sachi j hoy bhes kai pan kha se n to ena dudh ma khbr nai pde pan gaay n jo kai pan thayu n to e dudh thi . Khbr pde,neutral,negative,0.0293,0.9414
Jyare pn tme *odhaji* song gav cho tyre amara pn mann ma tmari sathe gavanu mann thay jayyy ane e sathe gay ne shu feelings aave che...😃😍😍❤.,positive,negative,0.0293,0.9414
Boom boom mara jiga bhai ni moj,neutral,negative,0.0293,0.9414
"Dahi ni prakruti garam che etlr summer ma na khavay, and dahi and cucumber banne ne sathe na mix karay viruddh aahar che. Negative comment nathi pan Sachi mahiti bdha be poche Ena mate lakhyu che🙏",neutral,negative,0.0293,0.9413
Kapda pan jordar perya che,negative,neutral,0.0293,0.9413
Aa Geet uper to case thayo che,negative,neutral,0.0293,0.9413
ha moj ha......,negative,positive,0.0294,0.9412
Tame a game rava lyo tamari vaat j nathi. 😂,positive,neutral,0.0294,0.9411
JAYDEEP UNCLE NA HAIR BAHUBALI MA PRABHASH AAVE CHHE ENA JEVA LAGE CHE,positive,neutral,0.0294,0.9411
Bafava ni na hoy kachari,neutral,negative,0.0295,0.9411
Hum dil de chuke sanam teri kasam ki kasam hum tumhare ha sanam 💜💜💜,neutral,positive,0.0295,0.9411
jay mogal mogal ma no jnamdivas kyre 6 ? plz jnavso🙏,negative,neutral,0.0295,0.9411
Sandya thi dare che bicharo hardik,positive,neutral,0.0295,0.941
Vegetable oil to bahot nuksaan karta hai kya iska koi aur alternative hai,negative,neutral,0.0295,0.941
Hum jamun bolte he,neutral,positive,0.0295,0.9409
Baa dada na ashirwad hamesa Sathe hoy 👍baa dada hezu no prem ❤nice gift 💝 👌👍hezu bov j excited che 👍😊,positive,neutral,0.0296,0.9409
Sarikaben aap bhut sundar cho,neutral,positive,0.0296,0.9408
Bless nation game ke piche music sahi daale hai scene ke hisab se👌 bro yeh game bahut sahi hai.,neutral,positive,0.0296,0.9407
Maja aayi khub anand aavyo,positive,neutral,0.0297,0.9407
When this OG Were performing live on stage I was there n peoples were laughing so loud specially OM bhai comedy. It was so hilarious mind-blowing episode. But my badluck I miss the other act. I think second lavari was with chetan Danani (Reva movie actor),positive,negative,0.0297,0.9406
Jyare pan aa git sambhadu tyare dil bharai jay che,neutral,negative,0.0297,0.9406
હું Ashiya સુરત થી ખૂબ સરળ અને શેલી રીત 😊,neutral,positive,0.0297,0.9406
Ham gar per dally ice-cream banate he itna jyada mahenat nahi hota sirf bazar se paycket aata he or milk me dalke sugar jitna aapke hishab se daal dijiye or 6 gante freez me rakhiye baad me ice cream raddy,neutral,negative,0.0297,0.9406
Dev bhai tame gujarati cho balvir bandh che ne,negative,positive,0.0297,0.9405
me bhi pagal hu jiga bhai,negative,neutral,0.0298,0.9405
Kirtidanbhai bhagwan aapka bhala kare gyan dhan Shakti aapko khub mile,neutral,negative,0.0298,0.9405
Manan bhai મજાપડી ગઈ love from Ahemdabad 🤘🤘🤘,neutral,positive,0.0298,0.9405
Ha Bhai Birju bhai,negative,neutral,0.0298,0.9404
Hii bhai ha,negative,neutral,0.0298,0.9404
hu vikram thakor,positive,neutral,0.0298,0.9403
તારીખ મહિનો અને વર્ષ બોલો. બાકી જૂનો વિડીયો લાગે છે....😂😂😂😂trp માટે,neutral,positive,0.0299,0.9403
Ghar na family members kai kahe ke samjave to taktak na kevay shu Tamara piyar ma mummy ke bija family member kai kaheta j nathi kahe to tatak lage che,neutral,negative,0.0299,0.9403
Jay somnath aaval krupa jay mahakal ujein jay timba vari maa jay kedarnath,negative,neutral,0.0299,0.9402
Joradar vidiyo jiga bhai,negative,neutral,0.0299,0.9402
*Ek j to Dil Chhe Ketlik Vaar Jitso Brother* ❣️ *Haiyya Ne Touch Thai Gyu Song..* 😊,positive,negative,0.0299,0.9401
Gujarati song na legend,positive,neutral,0.0299,0.9401
Are kyaare release thvaanu 6..saras song 6?,positive,negative,0.03,0.94
Jdbhai tame 10 divas rinku rokava ave to 3 balko sathe  handle kari shako ek vaar bolavo vlog jova jevo hase,negative,positive,0.03,0.94
Sandhya ben kem bolta Nathi,negative,neutral,0.03,0.94
Jay pur to kya dur  che Mari dikri to peli j var dubai gay tyare babo 1 varas no nano sathe lai ne dubai ekli j gay ne aavi,neutral,negative,0.03,0.94
Kirtidan bhai video ma starting chele che ane end pehla che ..jarak sarkhu kari nakhjo aetle amne sov ne sabhadvani maja ave ..🙏👏,negative,positive,0.03,0.94
Aam garib pablic pase thi paisa khavano navo niyam chhe buju aam janta garib loko pase thi j paisa kamavava chhw gevrmentne NE jo atlij chhinta chhe goverment ne to je loko 1 year mate bhada thi rahe to goverment ne farjiyat goverment makan aapvu joiye,negative,neutral,0.03,0.9399
Live ketla vaghe ?,neutral,negative,0.03,0.9399
What a line to end the video 😂😂😂 machine ma શેરડી,neutral,positive,0.0301,0.9399
Bhai no look junior NTR jevo che but voice solid che. ❤,neutral,positive,0.0301,0.9399
Fiziyo therapi ma hu jav chu bov j saru che Mashi jav mane pein ma bov saru che,positive,neutral,0.0301,0.9399
vikram bhai Diwano jigar jaan,negative,neutral,0.0301,0.9398
Auto tune left the chat😂,neutral,positive,0.0301,0.9398
Bhavna masi aap dress me bahut प्यारे lag रहे ho  bhavna masi savan महीने में ग्रीन ज्यादा पहनने chahiye kya ki wo shub colour hai parvti ji ko green pasnad hai to savan mahine me Green colour paheno sab,neutral,positive,0.0301,0.9398
Jaymataji Jaysonal ma,negative,neutral,0.0301,0.9397
Jordar Bhai All Song,negative,positive,0.0301,0.9397
Only chirayu makes me laugh.. aa bija chodya kyay Hale em nathi.. 😢😢,neutral,negative,0.0302,0.9397
AEK pan song ma quality nathi,positive,neutral,0.0302,0.9397
ha gadhvi ha bapu tamari moj,positive,negative,0.0302,0.9397
Regular timing vada video hata a maja avti hati aama maja nathi avti,negative,positive,0.0302,0.9396
Barobar chhe kirtidan bhai ni vat sachhi chhe pote kaik chhe em samji bija kalakar ni udaday nay,positive,negative,0.0302,0.9395
"Ap luckily ho fresh Milta hai vegetable 
Uk 🇬🇧 export milti hai",neutral,positive,0.0302,0.9395
Ha vikram thakor,positive,neutral,0.0303,0.9395
Mahuye ka ped hai jis se deshi daru banti hai,neutral,negative,0.0303,0.9395
Jai shree Krishna  suvichar khub saras 👌🏻🙏,neutral,positive,0.0303,0.9395
Hu to joti j nathe 4 days thi mja j nathe aavti,negative,neutral,0.0303,0.9394
Tame surat ma kyathi saree ni shopping karo chho?,neutral,negative,0.0303,0.9394
"Chirayu nu Naam Chirayu kevi Rite padyu...? 
Chirayu naa Papa delivery joi rahya hata ne Jevo e Baar ayo, Ena Papa mathe hath muki ne boli padya... 
Ee 🤦🏻‍♂️ Chirayu .... 🤣",neutral,negative,0.0303,0.9394
Aap no avaj asl kathiyavadi nathi aap kya thi bolo chho,negative,neutral,0.0303,0.9394
"@jaydeep tamari kundali apo to birth time birth place birthdate , to check kundali atlu bdhu mastt proper bdhi side life ni kmni male ….dont take bad way curious to knw",positive,negative,0.0303,0.9393
Bhavish pic kab upload hogaa bhavin ? 😒😐,neutral,positive,0.0303,0.9393
Jaydeepbhai  chehra par sache glow dekhay che,neutral,positive,0.0304,0.9392
Last ma samaj ma nay avi yu. Pote potnu gar bija ne puchi ne avi yo ne pachi bija ne rasto bata ve. Logic samja yu nay.,negative,neutral,0.0304,0.9392
Vikram bhai jorr,negative,neutral,0.0304,0.9392
White chocolate na mota slab aave che😅😅,negative,neutral,0.0304,0.9392
Ha me bhi aesi hi hu sister aap bohot simple ho ❤,neutral,positive,0.0304,0.9391
Hum diet par nahin hain ....par mere ko bhi her samay yahi sab dikhte rahta hai .....😂😂i am big food lover 😋 😘,negative,positive,0.0305,0.9391
JDbhai..tame Valsad chikhli wala na khabar puchya ej sari vat che...bhavna masi ni vat sachi che...amuk swad hath ma j hoy chamchi ma nahi,neutral,positive,0.0305,0.9391
Tme thodo samay daily mukta Java etle vivrs vdhi jase Kem ke tmare recipe jordar hoy che,negative,neutral,0.0305,0.939
wAAH KIRTIDANJI . JAY MA MOGHL,neutral,negative,0.0305,0.939
"Hello mam,i made this pickle with your recipe,it is very nice.But i have one querry.akhu mithu ketla divas a pigadse.3divas thaya me banavyu ne",neutral,positive,0.0305,0.939
Main kal hi try karungi,neutral,negative,0.0305,0.939
Kirtibhai gai kale Jodhpur ma moj aavi aavi gai #BAPO#BAPO,neutral,negative,0.0305,0.939
Dear kisko hindi ma dekha ha too naam ❤❤ day of tafree movie,negative,positive,0.0305,0.939
Thank you so much ma'am for thinking so much about your viewers .....aap ham logo ke liye kitna saral se saral bna sake.....hamesha is bat ko priority dete hai.........wo bhi poori politeness ke sath.....very down to earth attitude ke sath.......❤❤❤❤❤❤❤,negative,positive,0.0305,0.9389
Kyare Ave che bhai,negative,neutral,0.0305,0.9389
Hu aem vichryu chu k aa kajal nu badhu bau yad rese to desh ma j rep thay ae chokrio che ne dhes ni to tya undha padi jao ne pochu bhri ne jem fave aem bolo,negative,neutral,0.0305,0.9389
Itni q li pi li thi?,neutral,negative,0.0305,0.9389
Bahu sara lyrics chhe. Bahu time pachhi ava sara lyrics sambhadva malya. Asha rakhiye chhiye ke tame ava j sara lyrics ane rhythm sathe life ma pragati karo. Thank you ☺️,negative,positive,0.0306,0.9389
Jay shree Ram sa pir Baba ri ❤🎉 1:05 nice qwit🎉🎉,negative,positive,0.0306,0.9388
માં બાપ j મારા માટે j ભગવાન છે જય આઇ સોનલ માં જય આઇ bannu આઇ માં 👏🥰🙇🙏,positive,negative,0.0306,0.9388
Haji ek question puchvani jaroor hati k vacche Malhar nd yash bne instagram ma unfollow hata to tema Tamara su reactions hata 😂😂😂😂,positive,negative,0.0306,0.9388
Teenon hi behtarin hai Matka Kulfi to Bhagwan ko Bhog bhi Laga sakte hain❤❤ aur mango Mastani 👌👌,negative,neutral,0.0306,0.9388
Bhai aani 2 series to avi j nai,positive,neutral,0.0306,0.9388
કચ્છ express : movie name,positive,neutral,0.0306,0.9387
ખૂબ સરસ બેન આ જામખંભાતીયા નુ ઘી સુરત મા ક્યા મળશે સુરત મા કઈ જગ્યા યે મારુ સુરત મા આવવા હોય છે જ pls જરા જણાવશો,neutral,negative,0.0306,0.9387
Aap jeva sara aartisto gujrat ma che a mate hu aapne ane aapni mata pita ne dil thi aavkaru chu... From.. Sitar wadak.. Nayan...,positive,negative,0.0307,0.9387
Bhai jaldi moku,neutral,negative,0.0307,0.9387
Sab jiv jantu mal krti he kidi hi ek aisi jantu he jo mal nay krti jo khati he vo sab pacha sakti he isliye kidioko chaitr mahine me kidiyaru purna chahiye tum hajar admiko bhojan nay krva shkte lekin hajaro kidiyoko khana de sakte he isliye sabko is mhine me kidiyara purna chahiye,neutral,negative,0.0307,0.9387
ha vikram m thakor,negative,neutral,0.0307,0.9387
"Hello ma'am. I want to purchase OTG Which company, size is best to buy as a fresher to use this product. I'm unaware about its use etc. Can you plz help me?",negative,positive,0.0307,0.9387
Tame voting karava koe ne gya😢😢😢,neutral,negative,0.0307,0.9387
Jay sri aithora ganesh,neutral,positive,0.0307,0.9386
તમારા whatsapp ગ્રુપમાં મને જોઈ ને કરો,negative,positive,0.0307,0.9386
Jay mataji kaviraj 🙏 👑 chehar ni sarkar 👑,neutral,positive,0.0307,0.9386
Jay Ma suraj,positive,neutral,0.0308,0.9385
Dakor mate bi banavo bhai... Jay Ranchhod,neutral,negative,0.0308,0.9384
Badha ni saras thekdi udadi. A loko badha ni udave chhe pan emni koi udave to balatara thay chhe. Masti karvi hoy to sahan karta shikhvu pade.😅,positive,negative,0.0308,0.9384
"Mara Masi ne same j  Raho Cho
Mara Masi ne Chokri nu name Sonal Che
Masi nu name Ranjan ben
Hu surat sasre  chu",positive,negative,0.0308,0.9383
jay mogal..jay sardar..bharat mata ki jay,positive,negative,0.0309,0.9383
Ha... TiGer..Ha,neutral,negative,0.0309,0.9382
Ha jiganesh tamari moj,negative,positive,0.0309,0.9382
Challak mat ban break li hai,positive,neutral,0.0309,0.9382
"Hey tame 
 healthy hindola banavo ne bov fine lage se",negative,positive,0.0309,0.9381
*Sam🥰 Di hoti to aur achche se gossips 😜 hoti Sam Di kaha hai 🤔 Sam Di nhi hai kya 🙂*,neutral,negative,0.0309,0.9381
Gurudev ek request chhe I am your biggest fan Mater tame Tamara badha j program na video upload Karo please please please please please please,positive,neutral,0.031,0.9381
ha maru vatva ha,neutral,negative,0.031,0.9381
Jay jay jay sonal ma Mari ma,neutral,negative,0.031,0.938
Ha dan ha jay mogal,positive,negative,0.031,0.938
"Masi ka ghara bahut hi accha he ,pura Ghar ka kitana rs he batao ?",neutral,positive,0.0311,0.9378
vikram bhai Ex Number song,neutral,negative,0.0311,0.9378
White hair che to darshak nh hair oil vapro k result nathi,neutral,negative,0.0311,0.9378
Ha Vikaram moj,negative,positive,0.0311,0.9378
"Honest Suggestion, Guests should have those Headworn mics, Its easier to use hand gestures and would be much more indulging in real for ""taali aapvi"" kind of actions and etc. just saying.",negative,positive,0.0311,0.9377
Choondo recipe gas par please,positive,neutral,0.0312,0.9377
Sirf saiyaan se humara kya hoga pura gaana chahiye please 🥺❤,neutral,negative,0.0312,0.9376
Guest to bolyo j nathi first half ma 👏🏻👏🏻,negative,neutral,0.0312,0.9376
Duniya no datar bani tu kem banyo che kathor😢,negative,neutral,0.0312,0.9375
Ha vihat ha,positive,negative,0.0313,0.9375
"Vahhhhhhhhhhhhhhhhhhhhhhhhh
Speechhhhhleassssssss
Su kevu... Bas god bless you bhai🙏🙏",positive,negative,0.0313,0.9375
જિંદગી માં પહલી બાર BEWFA વાળા jignesh kaviraj ne ગુજરાત na અંદર video mp3 lakh મિલિયન પર જાયે છે,negative,positive,0.0313,0.9374
Jay jay maa mogal આઈ મોગલ નો આધાર 🙏,neutral,negative,0.0313,0.9374
Soori teli nu shu,positive,neutral,0.0313,0.9374
"Ye condition to Mumbai poona me bhi ho gayi hai . Government nala safai nahi karti .lekin iske sath har nagrik ka kartavya hai ki plastic ka upayog kam kare , plastic yaha vaha na phele .apani society,apana ilaka  apana city clean rakho .ye ham sabki jimmedari hai.",neutral,negative,0.0313,0.9374
Sonal bhen dekhata nathi amne mja nthi avti,neutral,negative,0.0313,0.9374
જય માતાજી જીગા ભાઈ.. આમ તો હૂ રોહિત ભાઈ અને રાજદિપ ભાઈ નો ચાહક છૂ પણ જીગા ભાઈ તમારા પણ ગીતો મને ખૂબ ગમે છે.. તમારૂ બહૂ મોટૂ નામ બને એવી મારી રાજા જોગણી ને દિલ થી પાર્થના વડીલ.. યૂ ટૂબ અને ટીક ટોક મા જીગા ભાઈ તમને હૂ લાઈક કોમેન્ટ કરૂ છૂ fb મા પણ ફૂલ સપોટ.. રાજા જોગણી વાળા દઢિયાળ નટવર ઠાકોર.. ( ઉફે - ચકાજી ઠાકોર ) જીગા ભાઈ ને કહેજો કે એક મારા નામ નો ટિક ટોક માં ગામ નૂ અને મારૂ નામ લઈને એક નાનો વિડીયો બનાવી આપે વિનંતી.. જય હિગળાજ મા..,neutral,positive,0.0314,0.9373
"Lavari Maa Ek Vaar Parul Rathwa Ne Bolavo 
Dahod ni Timli Queen Che",neutral,negative,0.0314,0.9373
Gulshan bhaiya bhool gaye the ki yeh singing challenge hai gargle challenge nahi 😂❤️,neutral,positive,0.0314,0.9373
1 mo apyu che to atlu badhu bole che.2 apyu hot to ketlu bolte.,positive,negative,0.0314,0.9372
Om to ksu bolto j nathi,negative,neutral,0.0314,0.9372
Jay mogal... Jay nagnath... Nagnath na program darvarse have avjo hoo,negative,neutral,0.0314,0.9371
Mam Mai aapki videos starting days se dekh rhi hu Or aapse hi cooking me interest aane lga 😊😊😊😊❤❤🎉 by the way yummy paratha 😊,neutral,negative,0.0314,0.9371
Fine shaak hu banavish,positive,neutral,0.0314,0.9371
પિતા પુસ્વનું.જીજા.naVir.ne.Gagi.pemi.ketala.Bojae,negative,positive,0.0314,0.9371
Ha barot jio,positive,neutral,0.0314,0.9371
"*""Jay Thakar""* *🎤Supar Voice: Vardan Barot🎤👌* આ સોંન્ગ ગમ્યું તો લાઈક👍 કરો...",negative,positive,0.0315,0.9371
"Lgta h acting ka dhnda achha nhi chl rha
To shifting YouTube me kr di 😂😂",neutral,negative,0.0315,0.9371
Bhai full spot,neutral,positive,0.0315,0.937
Bhai kale (saturday) avi rahya che Navsari Gandevi ma !!!! Moj Karava !!!!!,positive,neutral,0.0315,0.937
"Elvis ne superchat Karo Manan Bhai have 😂😂....

Btw GTA 5 na streams mukta raho pleaseeee vadhare😍",neutral,positive,0.0315,0.9369
Vadi na programma muko kirtidan bhai,neutral,negative,0.0315,0.9369
Waiting for this...... Jay jay mogal......... Avi moj kyay na male bija voice ma👌🏻,negative,positive,0.0315,0.9369
Radhe Radhe krishna,positive,neutral,0.0316,0.9369
"Yar tame bo j open bolya 😅😅😅😅 bp valu 
Sorry",negative,positive,0.0316,0.9369
Jordarrr અદભૂત મિઠા મોરલિયા ❤️🦚 મીઠાસ થી ગાયેલું ગીત 😍❤️🔥,negative,positive,0.0316,0.9369
Dwarkadhish par bhi banado,negative,neutral,0.0316,0.9369
Mam isko gas par kaise bnayenge,neutral,negative,0.0316,0.9369
#હર__🗡__તલવાર__પે__🤺ક્ષત્રિય_કી_📃કહાની_📃હે તભી__તો🙏_દુનિયા__👑ઠાકોર_👑કી__🔫__દિવાની__હે ..... Pintu Thakor SAATHI RE,positive,negative,0.0316,0.9368
Jigerdan gadvi ame Tamara song Na bahu mota fan chie,positive,negative,0.0316,0.9368
To ladvi khava vala em kahi swaminarayan dharm uper aam kem bolay... Tamne sharm avavi joye.,positive,neutral,0.0316,0.9368
Tamara songs ni to ame rahaj joi rahya shia,negative,positive,0.0316,0.9368
10:09 op edit che bhai,positive,neutral,0.0316,0.9368
Phone ma kaym Karti vaato full song reliz Karo barot ji,neutral,negative,0.0316,0.9368
Ha samaj ane Gujarat nu gaurav Vikram thakor,positive,negative,0.0316,0.9367
Sound one side aa raha he,negative,positive,0.0317,0.9367
HAA MARU GJ 02,positive,negative,0.0317,0.9367
Kyare song aave 6e Vikrambhai,neutral,negative,0.0317,0.9366
Ak number action che advocate ni ❤❤,negative,neutral,0.0317,0.9366
Ho oo.. hove.. wara pan che 😂😂,positive,neutral,0.0317,0.9366
Halki sathe gaine ke ena mate ridham vagadnara keva e publike vicharvanu,negative,neutral,0.0317,0.9366
I always miss my mom ..7-07-21 je aa duniya ma nathi ...😢,negative,positive,0.0317,0.9366
Wah bahut achhe didi❤❤❤🎉,negative,positive,0.0317,0.9365
"Shrenu and OM were a complete riot in this episode! 😂 Their dynamic was so natural and fun to watch. Honestly, having watched Shrenu on TV 12–13 years back, it’s amazing how she is still just as stunningly pretty and elegant as ever. But seeing this fun, witty side of her was the best part, she was absolutely spot on with that last ""Jo O"" in the Shinchan voice! Too good, couldn't stop laughing! 😭❤",negative,positive,0.0318,0.9365
ha mara vikram bhai thakor jio 10000 sal,positive,negative,0.0318,0.9364
😊 aajkal Sarika bhabhi ji aur jaydeep bhaiya aur aunty ji😊 recipe kyon nahin dete Ho sari jo bhi kuchh banate Ho😊😊 Main to recipe acchi lagti hai aapke kitchen ki😊,positive,neutral,0.0318,0.9363
Supar bhi nvi movie kayare aave,negative,neutral,0.0318,0.9363
Aakhi movie mokalta jor aave che,negative,neutral,0.0318,0.9363
Tame farm no video to dekhadi j nai amre iy Jovi to,neutral,negative,0.0318,0.9363
Tame badhane reply aapo cho a game che,negative,neutral,0.0319,0.9363
Jay Ma Vihat Sarkar,negative,neutral,0.0319,0.9362
Aisa talent maine pehli baar dekha hai 😂nice👏👏👏❤️,positive,neutral,0.0319,0.9362
Alya bhai gujratima words ocha pade che to pachu hindi gava lagya je aapdu che aj saru che,negative,positive,0.0319,0.9362
Jay higalaj vala,positive,neutral,0.0319,0.9362
Rider op to dille se hai na?,neutral,negative,0.0319,0.9362
Kirtidan bhai ane jitu bagda vishal benjo ane dholki best jodi se,neutral,positive,0.0319,0.9361
Saman ક્યાંથી લાવ્યા ?,negative,neutral,0.032,0.9361
Jay raja ranchod,positive,negative,0.032,0.936
Olpo to get,positive,neutral,0.032,0.9359
Me khadi che,positive,neutral,0.032,0.9359
Tari vat nai jiga su song che taru,neutral,negative,0.0321,0.9359
Kiyare Rilize Thase Vikram Bhai....,negative,neutral,0.0321,0.9359
Vidiyo blek aave che bhai,positive,negative,0.0321,0.9358
Wa kirtidan sir va shu song wa voice,neutral,positive,0.0321,0.9358
Jay ambe vah kirti bhai,neutral,negative,0.0322,0.9357
"Hu Kuwait ma rahu chhu, India thi dur. Ane tamari channel ni receipe joine mani lo ke mane mari mummy j mali gayi 😁 Thank you so much. Please never take down your videos and keep making them 😍 Subscribed your channel 🙏",negative,positive,0.0322,0.9357
"Su thayu bhai release karyo,???",neutral,negative,0.0322,0.9356
Ek hand ma microwave  nu kapafa gloves  pehri karo daji jaso varar hoi garam,positive,negative,0.0322,0.9356
Bhai hu singer su mare live garba gava se bhai pizzzzz hu sanjay,positive,negative,0.0322,0.9356
Tamro editor jordar che😂,neutral,positive,0.0322,0.9356
Jay ganeshay namah,negative,neutral,0.0322,0.9355
How to make them in microwave?,neutral,positive,0.0322,0.9355
Ha moj ha.....,negative,positive,0.0322,0.9355
jay mataji bapu,positive,neutral,0.0323,0.9354
"Gajjab ho pelo bhai(BIHARI-JAAMNAGRI)😂😂, 
Lavo ane stream ma maja aavse views pn vadhse😉😎",neutral,positive,0.0323,0.9354
🙏 🙏 Jay Mogal Ma 🙏🙏 Jay Mahadev Har,neutral,positive,0.0323,0.9353
Abhi milado yaar koi bunty se wait nhi ho raha🤧,positive,neutral,0.0324,0.9353
"17:00 Bhai Om perfect, aam aj kare Che Aaya 😂😂",neutral,positive,0.0324,0.9352
"Jd bhai ek suggestion hai video main kuch naya try karo food eating challenge ,  couple games jaisa kuch karo 

Ye roj ek jaise vlogs dekh kar nai maja aa raha hai

Aap apne kaam me busy hai hame pata hai isiliye sirf subha ka part dikhate ho lekin video pe bhi thoda dhyan do",negative,neutral,0.0324,0.9352
JDbhai south hero lage che,neutral,positive,0.0324,0.9352
My bradhar jignesh bhai kaviraj saru lage chhe,neutral,positive,0.0324,0.9352
Ame ghed na chhiye .tme pn aa shak koi ghed ni vyakti pasethi j shikhya lago chho,negative,neutral,0.0324,0.9352
Jay maa sonal maa ❤️🚩🙏🔱,positive,negative,0.0324,0.9351
Matli farte rumal na rakho emj rakho toj thandu thase rumal thi matli dankai Jay mati thandi tay etle pani thare,neutral,negative,0.0325,0.9351
Auto dubbing kaise band kare,positive,neutral,0.0325,0.935
Haaa jitu bhai pandiya tamari moj,negative,positive,0.0326,0.9348
Wah Mara mehona na havaj wah,neutral,negative,0.0326,0.9348
Koi dam nathi,positive,neutral,0.0326,0.9348
Love you maa ma Vina van vagdana vaa bija badha vagr chale pan ma Vina to na j chale love you too maa 👑🥰♥️💫,neutral,positive,0.0326,0.9348
Aaj ke reels me jo song hai na ...usko sunte hi aakho me aasu aa gae ...har bacche ke liye uske parents Bhagwan hai...🥹🥹🥹🥹🥹,negative,positive,0.0326,0.9348
Bov maja aave che mama ne ravo vlogs ma vadhare savji dholakiya.hoo sem copi,neutral,positive,0.0326,0.9347
Mai fan nahi diwani hu ap tino ki... ap tino ka video dekh kr dil khush ho jata hai,neutral,negative,0.0326,0.9347
Jay shree Krishna Masi ane Kaka ne 🙏❤️kaka no suvichar bov samajva jevo hato 👏👌kaka amni rite karobar ma vyast j rahe che smni koy mathakut nahi hasta hasta kam karye rakhe ane always positive re 🙏Sarika saras dhokla banaya 👌kai ne kai kam karti j hoy ❤️Jaydeepbhai ye story par sawal na jawab saras apya 👏sarika ni comedy mane bov gami 👌❤️Kanu saras kalu kalu bole che 🥰Heju mumma mate bov saras kard banayo 👌❤️Lovely vlog ❤Heju Kanu ne maro lad ❤❤badha ne mara jay shree Krishna 🙏❤️,negative,neutral,0.0327,0.9347
Congratulation..pan Bhai tame tmara papaa ni  tole nai aavi Sako Karan k baap baap hota hai beta beta hota hai,positive,negative,0.0327,0.9347
Main aap ne join karya Che 🙏............stay connected..........see you around dear sis 🙏🙏🙏,negative,positive,0.0327,0.9347
Jignesh bhai ni to vaat j kai alag chhe aemna badha song jorrdar hoy chhe janu to hoy j song ma i like song,neutral,negative,0.0327,0.9346
song ni starting ma music aave chhe e kyu chhe? me kyak ring tone ma pan sambhlelu ..,positive,negative,0.0327,0.9346
Alya vikram thakor no episode muko have bau thayu,positive,negative,0.0327,0.9346
Tranding ma chale se aa song vaah ❤❤❤🎉🎉🎉,neutral,negative,0.0327,0.9346
Maa kasam...  Desai bhai... 2 min na andar aai gyo ho muuuu 0:37,neutral,negative,0.0327,0.9345
Are pan moj ho Kai no ghate,negative,neutral,0.0328,0.9345
Bau mast Gayu Mota bhai Tame to juni yado Taji kari didhi mota bhai bau Saras 👌👌👌👌👍❤👏👏,positive,negative,0.0328,0.9345
"Whats Nishants mother tongue ? bija loko nu channel link tho aap description ma, jabro manas. jatti rejeee",positive,neutral,0.0328,0.9344
Garba to baki vadodara na j,negative,neutral,0.0328,0.9344
Bahu saras palak ni sabji banaavi 👌👌👌👌,positive,negative,0.0328,0.9344
wel come vikram bhai,neutral,positive,0.0328,0.9344
Mai Mumbai se hu .aapka video daily  dekti hu.muze bhi pata hai fazeto. Gujarati  hiroen mansi Naik ke video  me details hai Maine.muze asked pappa bahot pasant hai.,neutral,negative,0.0328,0.9344
Supar havj bhai yo,negative,neutral,0.0328,0.9344
21:37 Chirayu was said to close the act,positive,neutral,0.0328,0.9344
"Sarika tamare really 3 child che Tamara ma jevi machurity che evi ghar ma tamara sashra ni che
Aa jaydeepbhai ne samjavo
Thodu damje",neutral,positive,0.0329,0.9343
Kitna hardwork karte ho didi aap❤,positive,neutral,0.0329,0.9342
1/10th loka pure fans che 1 million mathi 😅❤🎉,neutral,positive,0.0329,0.9342
"Jode rejo raaj remix vadu song kyare aavshe? 🤔 
Waiting ⏳",positive,neutral,0.0329,0.9341
"Aava ghr ma kem revu sandhya n kevu kre ch sarika and Massi 
Avu na karo sandhya bov sari ch",negative,neutral,0.0329,0.9341
Kirtidan Ghadhvi no Avaj sambhadi nu mans to su mari gaya ne aatma pn uthi uthe 🙌🏻🤧,neutral,negative,0.033,0.934
Rohit Bhai Thakor 365 day program hoi s,neutral,positive,0.033,0.934
AAP log kuch karoge yaa nai,positive,neutral,0.033,0.934
❤️jai chathi mayya,neutral,positive,0.0331,0.9339
bhai aane mardani 2 ma nagetive roll karyo chhe...jordar ane baji rav peshva seriel ma pan small mughal no roll karyo chhe jordar telented chhe,neutral,negative,0.0331,0.9339
Aavi J hoy aapdi maldhari ni dikriyu,neutral,negative,0.0331,0.9339
Jay ranchod jay Shree Krishna jay dwarika dhish,negative,neutral,0.0331,0.9338
Aloo se mix veg recipe to bna skte ho Aloo se Sona bna ke dhika do to maane 🙂,neutral,negative,0.0331,0.9338
Song kyare release thase🙄,negative,neutral,0.0331,0.9338
Supper ho Jignes bhai,negative,neutral,0.0331,0.9338
su mast movie che gujarati vah bhai vah 🔥🫶👌 maja ay gae bhai m from ahmedabad ❤,negative,positive,0.0331,0.9338
Jay Thakar Wala,negative,neutral,0.0331,0.9338
Aap konase eriya me rahate ho,neutral,positive,0.0331,0.9337
Tiktok wali chori song release nhi karoge kya,neutral,negative,0.0332,0.9337
D j khelya muko bhai,neutral,negative,0.0332,0.9336
Ha mari ma vihar ma,neutral,negative,0.0332,0.9336
Kathi muko bcom ane mba vara tayar che nuakari karva 😅😅😅😅 katho salo ne ame Sunday pan kam karishu😅,negative,neutral,0.0332,0.9335
App trio spice me kab shoot karoge,neutral,positive,0.0332,0.9335
"I am from Gujarat.
My husband is mechanical engineer with 17 years experience in power generation sector with government job.
What is the chances of getting job in Canada..
His age is 42 now.
Is there any criteria for age to getting PR.",positive,negative,0.0333,0.9335
Jay Shree Krishna....Jay vadavala....Jay thakar....ha kana ha,positive,neutral,0.0334,0.9333
One day use kar ke to sb acha hi hota hai long time bd pate chal gya apne to add dani thi😂😂😂😂,negative,neutral,0.0334,0.9332
Kids nu dhyan rakha ji aje Amara rajkot ma swimming pool ma 2 kids guzari gaya che😢😢,positive,neutral,0.0334,0.9331
Tum lgo ki vdo dekhti hu to bhoht acha lgti ha,positive,negative,0.0335,0.933
"Limboo na pan tame Cha banavo ema ek var Nikhi ne try karjo 
Pls ek var try kar jo",neutral,negative,0.0335,0.933
વાહ માં વાહ.. માં તે માં બીજા વગડા ના વા.. ગોળ વિના નો મોળો કંસાર મા વિના સૂનો સંસાર...love you maa...,negative,positive,0.0335,0.9329
Ha Manu Rabari Tamara gito ha Ha jiga ha supar ho,positive,negative,0.0336,0.9329
"Jaydeep Bhai aapko no Vidio bahuj saras. 
Tame Bhumi ben na ghare Ges no batalo platform ni niche mukavo upar nahi rakho Ges ni baju ma, Ges no batalo garam thai jase to acsident thai sake che aama Careless nahi raho, me Bhumi ben na Vlog ma aa Vaat kari hati tane amal ma nathi lidhi please tameGes no batalo niche mukabi do.",neutral,positive,0.0336,0.9329
Ha mara havaj jo ha Jay mataji mara Thakor 🙏,positive,negative,0.0336,0.9328
"Hello જ્યોતિબેન. મને ખાજા ની પરફેક્ટ રેસીપી જોઈતી હતી તે અહીં મળી. પાંચ વર્ષ પહેલાં તમારા વીડિયોમાં જોઈને ખાજા બનાવેલા પણ મજા નઈ આવેલી. આ વખતે આ રેસીપી જોઈ ચોકસાઈથી માપીને બધી વસ્તુઓ લીધી. ખાજા સરસ બન્યા. Texture બહુ સરસ બન્યું. પડવાળી બિસ્કિટ હોય એના જેવું. 👌 પણ મને તીખાશ માં બહુ મોળા લાગ્યા. આ લખું છું ત્યારે બની રહ્યા જ છે. તીખાશ માટે હજુ એક ટેબલસ્પૂન મરી પાવડર ચાલી જાય મારા હિસાબે. અમારે આજે કેરીગાળો જમવા વેવાઈને ત્યાં જવાનું છે, હું ઘરે બનાવેલા ખાજા લઈને જઈશ. મને ખાતરી છે કે બધાને ભાવશે અને ક્યાંથી લાવ્યા એમ પૂછશે, 😊 હું તમારી રેસીપી જણાવીશ. પણ બેન મારો મૂડ થોડો મોળો થઈ ગયો મોળા ખાજા ને લીધે. ફરસાણ વાળા ને ત્યાં mideum તીખાશ પણ આના કરતાં વધારે હોય છે. અમે સુરતના લગભગ બધાં વખણાતા ફરસાણ વાળા ના ખાધા છે. પણ anyway, જેને પણ બનાવવા હોય, આ રીત જોઈને બનાવી શકો. 👍",negative,positive,0.0336,0.9328
Simple che sarika didi. Jd bhai ne pucho ...ae roj khichadi khay che and regular meditation kare che.....,neutral,positive,0.0336,0.9327
જીયા રીષ હોય છે Thakor ત્યા ફીષ રહેજો Thakor Sena ની શાથે રહેજો,neutral,negative,0.0337,0.9326
Mne koi ni bik nthi ma tme chho Mari life ma 🙏 Biju su Jove yt,negative,neutral,0.0337,0.9326
Only chello divas j best baki sab bekar acting favti j nai Loko ne riyality lavtaj nathi aavdtu,positive,negative,0.0337,0.9326
Samudramanthan che jaydeepbhai,neutral,positive,0.0337,0.9326
Wet ingredients jema mix karya E mixie kai co nu chhe te janavsho pl,positive,neutral,0.0337,0.9325
Hello mam tamegujarati thari bahuj saras banavi mun khush thai gayu its very 2niceiam pratimadesai from surat katargam gujarat ok by takecareaavajo sorry i can forget to say you namaste god bless you,negative,positive,0.0338,0.9324
"gopali and the brown daughter
like👍",neutral,positive,0.0338,0.9324
Mara Dadi aa banave che khub sarash lage...,negative,positive,0.0338,0.9324
Jsk salaah suchan nahi he jd bhai bhavna ba💯 sachu kidhu,positive,neutral,0.0338,0.9323
Wow..what a talent..aabhar team TCF for bringing him.. Ahmedabad ma next shows kyare avse? Attended Vikram Rathor show live.. can't wait for the next show and sit beside Ishan Real Estate 😂😂,neutral,positive,0.0339,0.9323
Jay Dwarkadhish. Om namo bhagvate vasudewaya 🎹🎹🎹🎹🎹🎹🎹🎹🎹🎹🎹🎹🎹🎹🎹🎹🎹🎹🎹🎹🎹🎹🎹🎹🎹🎹🎹🎹🎹🎹🎹🎹🎹🎹🎹🎹,positive,neutral,0.0339,0.9323
"Achha nhi bna mam uska binding achha nhi hua aap jaise btai thi waise hi bnai hu, rasogulla tight ho gya or chasni uske andar nhi gya",negative,neutral,0.0339,0.9322
Tamaro Ashok bhai,negative,neutral,0.0339,0.9322
"Gone Girl ni sathe 2-3 movies nu mixture chhe, pan starcast evi chhe ke jovani maja aai jase.",negative,positive,0.0339,0.9321
Aap ti no ki jodi boho achi lag ti he aap ko kisi ki najar naa lage🌶️🌶️🌶️🌶️🌶️🍋🍋🍋🍋🍋,positive,neutral,0.0339,0.9321
Koi j word nathi❤,neutral,positive,0.0339,0.9321
Didi ji bhut स्वादिष्ट lgrha hai ❤❤❤❤❤❤❤❤❤❤,negative,positive,0.034,0.9321
Mari pase pirated movie link aavi hati pan mai to theater maaj joi che dosto.. ❤❤,positive,negative,0.034,0.9321
Jordar Lavari chhe aa ❤❤❤❤❤,positive,negative,0.034,0.9321
Malay nhi hoi to,positive,neutral,0.034,0.932
Op end clip..... Moto blast thawano che... 😂😂😂,positive,neutral,0.034,0.932
Ha kaviraj and sagardan sonal ma tamru her ઈચ્છા puri kare,positive,negative,0.034,0.9319
Surat no varsda saro se Bhai live avyat bavuj saru lagu🎉,positive,negative,0.034,0.9319
Manan bhai 2 ghoda nu accident? Kahaan se laate ho itna talent🤣🤣🤣,positive,neutral,0.0341,0.9319
Bahuj Saras Recipe Shikhvadi Bahuj Gami 👌👌🙏 U Ben 🙏🌹🌹,negative,positive,0.0341,0.9319
Jay Goga Rona,positive,neutral,0.0341,0.9319
"જ્યોતિ બેન, તમને bonty penda બનાવતા આવડે કે ?રેસિપી આપશો live demo thi video banao thanks",negative,positive,0.0341,0.9318
Bahut Saaru che,positive,negative,0.0341,0.9318
Hello maam nice recepie.... aa batter ne mixer kara baad 7 kalak muki ne baafi daiye to chalse.....,negative,positive,0.0341,0.9318
Jaydeepbhai Tamari Hairgroth bahuj saras che Tamay Hair mate kayu Oil vaprocho Please kejo ne Mara Dikra ne Khubaj Ocha Hair che and Hair Growth Mate Treatment pen keriti  Toy ani Hairgroth na thayi,positive,neutral,0.0341,0.9318
Sarikaben suran nathi ratalu 6E 😂,neutral,positive,0.0341,0.9318
Jay shree Krishna Masi ane kaka ne 🙏❤️aje pan kaka busy che atle suvichar na avyo kaini 🙏❤️Masi saras darshan kari avya bov maja avi masi ne ame joyu video ma badhi beno ketli utsahi hata bov saras Bhagwan na bhajan karta hata ane Masi bov saras vlog leta hata masi kevu pade 👏❤️Jaydeepbhai ame koy divas fajeto banayo nathi ane khadho pan nathi . Me to atyre j Dharmis kitchen par ani recipe joy ane nam sambhaliyu . Lovely vlog ❤️❤️Heju Kanu ne maro lad ❤️🥰badha ne mara jay shree Krishna 🙏❤️,negative,positive,0.0342,0.9317
Are manan bhai ame tamne USA bolavya ta yad 6 Darshan patel. Tamaro number nathi lagto,neutral,negative,0.0342,0.9317
jay jagad ambaa,negative,neutral,0.0342,0.9317
Jordar moj જય મોગલ મા,positive,negative,0.0342,0.9317
je receipe jovi che ee badhi only member mate.....and these ..  no way,positive,negative,0.0342,0.9316
🙏🙏Jay Maa Ambe MAA 🙏🙏,positive,negative,0.0342,0.9316
2023 નું tat hs biology prelims નું cut off કઈ રીતે ખબર પડે. જાણવા માટે શું કરવાનું,negative,positive,0.0342,0.9316
😊 agar do gadi ghar mein hai to driver laga do😊😊 aaram se gadi mein jao mami mummy sabji,neutral,negative,0.0342,0.9316
Khub J Swadisht 🙏,neutral,negative,0.0342,0.9316
A dakan ni jeebhaj jawab aapeh che kevi che aaa,neutral,negative,0.0342,0.9316
Janki didi shok Thai gayi ke sala ane kevi rite khabar padi gayi,negative,neutral,0.0342,0.9315
Imps chalu karo,positive,neutral,0.0342,0.9315
"1st kapil sharma 

pachi lavari show Best show in india",neutral,positive,0.0343,0.9315
ketlu sunder geet gayu chhe vaarm vaar sambhdaya j kriye bas ..last irsya maa sadgyo re lol...aa vadi lines to bauj sunder chhe❤,positive,negative,0.0343,0.9314
Gujju Arjit.. Jay mataji vala,neutral,positive,0.0343,0.9314
"Jay swaminarayan 
Aamara tya aavu dar varashe aavu j hoy che",negative,neutral,0.0343,0.9314
"Amara gandhi nagar ma pan petrol ni lambi liono hati.amara 2 activa,2 bike aur 2 four wheeler may full petrol kar diya aapki jaise 👍😊❤️",positive,neutral,0.0343,0.9314
Mari Nani khakhara no churo kare  n tema sugar nakhe n  curd nakhe pachi khai bahu saru lage che 😊,neutral,positive,0.0343,0.9314
Ripit song ભાઈ new version,negative,positive,0.0343,0.9314
Ha Jignesh ha,negative,neutral,0.0343,0.9313
Jay mataji ભા,neutral,positive,0.0344,0.9313
"Jay Dwarkadhish 🙏🏻
aane kevay bhai ben ni jodi ae aena thi motu koy relation na hoy je aek bija ni hamesha support ma hoy 
Ha jaydeep bhai ame kay ne to tame aek divash ma 2 blog  vicharo pan mari ben kay de to banej 👌🏻👍🏻🧿🧿",positive,neutral,0.0345,0.9311
jay mataji kirtidan bhai (stardan),negative,neutral,0.0345,0.9311
Tahukar-9 atlo j nano che? K haji parts avse??,neutral,negative,0.0345,0.931
Om ! Took the entire show today :),positive,neutral,0.0345,0.931
"The headshots should be ""PachaakaBhoom""",neutral,positive,0.0345,0.9309
Khub srs ❤ aava ne aava juna lok geet banavta ro please ame sambhdva tarshi raya che,neutral,negative,0.0345,0.9309
Manan bhai a Tissot T-race pehri che,positive,neutral,0.0346,0.9308
Jaldi Rellese Kare,negative,neutral,0.0346,0.9308
Bhavani been tame pag nu Diyan rakho eganor na karo Mane 1 varash thy dhuke che hu bar nikakdi sakati mathy,positive,neutral,0.0346,0.9308
"Wah khub saras
 jay maa mogal",positive,negative,0.0346,0.9308
Voice sivaay badhu flop se 😂🤣,negative,positive,0.0346,0.9308
ગુજરાત નો 👑King 👑 Supstar is back vikram thakor,negative,positive,0.0346,0.9307
"Are jaydeep bhai vecation che vlog thoda mota banavo to vdhare  mja 
 ave",positive,neutral,0.0347,0.9307
Ha bhai jarur vikram bhai thakor,neutral,negative,0.0347,0.9306
Tamara jivan par thi Ghana loko ne jivan sathi jode kevu jivan jivu aevu aevu khabar pade 6,negative,positive,0.0347,0.9305
"Nobody
Literally nobody
Manan Desai giving advice to the fruitseller not to smoking and after give him DHAGADI SHOT
😂😂😂😂😂😂😂😂",neutral,negative,0.0348,0.9304
Supar bhai jordar,neutral,negative,0.0348,0.9303
kirtidan gadhvi👌👌👌 apdi gujarati sanskruti ne jivant rakhva badal khub khub dhanyawad🙏,neutral,positive,0.0349,0.9303
Jay Jay ma mogal bhai,neutral,negative,0.0349,0.9302
VA bhai va,negative,neutral,0.0349,0.9302
Koksil  tyub badhe lagan do 💯 %  rislat vanda ne jivat nahi thay,neutral,negative,0.0349,0.9302
Bhai pehla 50 viewer mathi ek hu aaje chhu to kai kehva magso mane Tamara video through...😊,neutral,positive,0.0349,0.9301
Sachi vat che athanu no bnavay lagan thya che Tamara ghare ne pn Mari dikrina lagan kayrats te varas athanu notu bnayvu,positive,negative,0.035,0.9301
Faati ne kyare avani OTT pr? Eagerly waiting,positive,negative,0.035,0.9301
Ae waah jignesh bhai wahhh,negative,positive,0.035,0.9301
Woow...ekdam saras👌👌,negative,positive,0.035,0.93
Aa full shiv tandav nathi bhai,neutral,negative,0.035,0.93
Jignesh Bhai Na song Upar ek Nai 9999999999999999 likes,negative,positive,0.035,0.93
Sarika bhabhi ka photo kyon aaya sandesh news mein why❤😊😊 aur hello hay jaydeep bhai😂😂😂😂 aapane mujhe bola nahin aur bataya bhi nahin😂 uncle aunty ji Bhumi didi se thoda kam pyar karte Hain❤😊 Aisa kyon😊😮😢🎉😂❤😊,neutral,positive,0.035,0.93
Haju bhag ghate se,neutral,negative,0.035,0.93
Yaad aayvi thi pasi bhulay gay 😂,neutral,negative,0.035,0.9299
Ha Kirtidan Mogal chhoru ha 🙏👌,positive,negative,0.035,0.9299
Jay sonal ma🙏🙏🙏 ' khub saras',neutral,positive,0.0351,0.9298
JAY BALDEVGIRI JI,positive,neutral,0.0351,0.9298
I would like to join the diet 😂😂😂😂😂,neutral,positive,0.0351,0.9298
"Thank you. Kabita-ma'am, Diwali ki tayyari shuru ho gai?",neutral,negative,0.0351,0.9297
"Wrong country for Gujarati.....try for USA, after getting Canadian Passport for business or work visa",positive,negative,0.0351,0.9297
Khub saras..Jordar abhinay..gajjab,neutral,negative,0.0352,0.9297
Mamy right 50. Kagola khane me me jo swad tha 500. Vale me bhi nhi..😅😅 ka hu badam ane mali .. gola kA swad hi nhi Sawdvala gola 10 . Pese ka tha par mja ata he..,neutral,negative,0.0352,0.9297
Garoli is shubh mana jata hai bahut laxmi aayegi,positive,neutral,0.0352,0.9297
Are bhaiya hum bina snow ke thand mein  baniyan utarne mein dar lagta hai aur aap  to snow mein hum 12 degree mein nahi reh sakte aap 10 - mines mein ho kapde pehen lo bhaiya thand lg jayegi,neutral,positive,0.0352,0.9296
Ye music sunte hi emotional ho jati hu🥹🙏🥺💗 Jai chhathi maiya 🙏 1 saal ka lamba intezar rahega aapke aane ka,negative,positive,0.0352,0.9296
Jay Dvarika dhish,negative,neutral,0.0352,0.9295
Video bhai mokal,positive,neutral,0.0352,0.9295
He mari kuldevi khodiyar maa 🙂🙂🥰🤗❤️❤️❤️❤️🙏🙏🙏🙏🙏😊,negative,neutral,0.0353,0.9295
Kirtibhai tmne bhavnathamaA shantithi privar sathe char divs annadan krta joya maja avi khub saro privar che,neutral,positive,0.0353,0.9295
Jay umiya ma🙏🙏🙏🙏🙏 Jay mataji🙏🙏🙏🙏🙏 Jay ambe ma 🙏🙏🙏🙏🙏,positive,neutral,0.0353,0.9294
Benjo master kem nathi aaa vakhte bhai,positive,neutral,0.0353,0.9294
Sir bhi soch rhe honge ki pata nahi aaj maira Kya honga 😂😂😂Good working ma'am 🎉🎉❤❤❤,positive,neutral,0.0353,0.9293
Sari ka Ben ni vaat sachi che ....ma baap sathe hoy to duniya ma bije kyay mathu nahi nmavu pade .ma baap thi vadhare aapdu saru Kai ichhi na sake,positive,neutral,0.0354,0.9293
Thepla che,positive,neutral,0.0354,0.9292
Besana maa jhankhwa jae chhe loko ne bagade chhe,negative,neutral,0.0354,0.9292
"Om 😂🤘 u stole the show today....what wonderful timings u had....majaaa aavi gayi show joine aaje.....well, Deep when u started talking to Puja about Malhar n in between Yash nu naam lidhu, I really expected ""insta unfollow thayi gaya ni impact"" 😂😂

Having said all that, Om❤ u rocked today 🤘 keep up the good work entire team....❤",positive,negative,0.0354,0.9292
Ha bewafa song,negative,neutral,0.0354,0.9291
Ha meri Jaan 🎉🎉,positive,negative,0.0355,0.929
Jiravn no msala banava ni reet kese banate hai,neutral,negative,0.0355,0.9289
Khub khub abhinandan kirtidan bhai maldhari,negative,neutral,0.0356,0.9289
Bring munawar Faruqui on the show,neutral,positive,0.0356,0.9288
JAY ho kirtibhai Jay dwrikadhish,neutral,negative,0.0356,0.9288
Vo mandir hai,positive,neutral,0.0356,0.9288
Jaydeep bhai sachu k chhe chhokara ne khabar na hoi su khavu su na khavu,negative,neutral,0.0356,0.9288
Aje literally bov hayso chu 😂😂😂😂,positive,neutral,0.0356,0.9288
Jy Nagbai Ma,negative,neutral,0.0356,0.9287
Vaaste song Live na gao please.... bauj bekaar gay che mood kharab kri dey che,positive,negative,0.0356,0.9287
Jay Jay ho ganapati,neutral,negative,0.0357,0.9287
Jay bhole Jay shiv shankar,positive,neutral,0.0357,0.9287
Bhavsu 2nd ep kab ayega,positive,neutral,0.0357,0.9287
Aap ne handi kahan se pur ki hai pls suggest,negative,neutral,0.0357,0.9287
Vahhhh sars ben,neutral,negative,0.0357,0.9286
"Su kehvu aa song vishe mara pase sabd nathi aa song👌👌👌 mate spichless  sache j kahyu che shree kirtidan gadhvi aa song na making ma ke ""He maa"" to 500 crore rupiya detta no nikde koine kahoke lo aa bhavthi lay aave to no nikde.Aena mate to mukha sarsawati no vaas hovo joiye je shree shree kirtidan gadhvi ane jigardan gadhvi(jigrra) ma mukhma chhe.I am big big fan of both of you 😘😘😘😘😘😘😘😍😍😍😍😍😍😍😍😍future ma aava j song banavava raho tevi hardik subhkamna👍👍👍.",positive,negative,0.0358,0.9285
Aje to ek hare bey letent or lavari😂,positive,neutral,0.0358,0.9285
Ketli nana ma nani vigat samjavo cho tame. Koi e life ma kyarey kitchen ma pag na mukyo hoy e pan tamari recipe joine easily banavi sake che. Good to see that. Tame aama aatho nathi lavya ne? Directl banavya che?,negative,neutral,0.0358,0.9283
sarika ben tme javara ni vavya  heju ry che to,positive,neutral,0.0359,0.9283
Ha jignesh barot ha ❤❤❤❤❤,negative,positive,0.0359,0.9283
Jeni ma hoy ane kadar na hoy.ane jene nahoy ane😔😔,negative,neutral,0.0359,0.9282
Ha mara tigar ha,negative,positive,0.0359,0.9282
Jay shri Sonali aima,positive,neutral,0.0359,0.9282
Jay shree Krishna jaydeep Patel bhai tame bav hasavo cho good person cho  mjaa aave vlog jovanu thank you 😅,neutral,positive,0.0359,0.9281
Kamalesh.bhai barot Gurup,positive,neutral,0.036,0.928
Jay jay ma mogal ma,neutral,negative,0.036,0.928
Tamne Live Stage Per Jova Te Ek  Lahavo Chhe. ❤,positive,neutral,0.036,0.9279
Sarika thi bhumika moti che ne to sarika tukara thi kem ene bolave che pl ans aapjo,positive,neutral,0.036,0.9279
Jiganesh kaviraj status Jova mate cenal sabscaib Karo,neutral,negative,0.0361,0.9279
"Ek vaat kau
Sandhya ne aunty karta kaki kevdavo bcoz aunty ma parivarik feeling nathi aavti bcoz aapne bajar ma pn badha ne aunty uncle bolvata j hoye chhe",positive,negative,0.0361,0.9278
મારી સંભાળ લેનારી જતી રહી.i Miss you payal💔💔💔🥰🥰,positive,negative,0.0361,0.9278
Bhavna masi tame ekdam perfect choo badhi rite mane tame bau gamo cho,neutral,positive,0.0361,0.9278
Praful sir stole the show 🎉,positive,neutral,0.0361,0.9278
Gujarati Kapil Sharma show ⚡,neutral,positive,0.0362,0.9277
"very exited for bunty bannega pik pok star 🥳🥳
BTS dekh kar hi kitna maza a gya to shocho asli video dekh kar kitna maza ayege yaar soo exited😊😊❤❤✌🏻🤙🏻🤘🏻🤘🏻",neutral,negative,0.0362,0.9277
Jai Dwarkadish Jai Ranchod🙏 🙏🙏🙏🙏,negative,positive,0.0362,0.9277
Ha ઘાયલ ની mojjj..💔❤️❤️❤️,negative,positive,0.0362,0.9276
manan bhai love from surat. bhai Pokemon Unite ramo hamna trending maa chhe ame badha bov ramiye chhiye pubg chhodi ne,neutral,positive,0.0362,0.9276
Madam maine ek video dekh k dal banayi thi (apki nahi koi or vdo) to pani dal ka ratio bataye anusar liya pr pani khtm ho gaya aur dal jal gayi cooker ke andar,neutral,negative,0.0362,0.9275
મારા ખાસ મિત્ર એવા Jignesh ભાઈ ના ગીત વધાવી લેજો,neutral,positive,0.0362,0.9275
2 varas thi aame tamaro balo joyae chi,positive,negative,0.0363,0.9275
4:38:48 maja chhe dur reva ma 🎉❤,negative,neutral,0.0363,0.9275
Sarikaben tamaru ane bachhe loko nu hindi improve thy gayu jaipur ma rahi ne,positive,neutral,0.0363,0.9274
Hii kirtidan sir hu tamaro fan chu ane roj tamara bhajan.lokgeet.gaavi santvani dayro karu chu...mare sir tamari mulakat karvi che...please,negative,positive,0.0363,0.9274
Wow Modak bohot mast bana hai ❤❤,negative,positive,0.0363,0.9273
"Jay mogal maa
Khub j Sundar rachna ane saras gayu chhe gadhaviji tame",positive,negative,0.0364,0.9273
"Abhishek bhai maja na aavi aa lavari ma bcoz of u 

Aa loko to booj try kari rahya hata pan program set karvani pan tamara ma maja nathi etle kadach movie pan jova jevi nai aavti hoi",neutral,negative,0.0364,0.9273
ha tiger thakor ha,positive,neutral,0.0364,0.9272
Ha prakash jay goga,negative,neutral,0.0364,0.9272
Tme ak number jgdo kraavo ho tmar mummy papa maa..jd bhai,positive,negative,0.0364,0.9272
Kirtidan ghadvi sir ne sambhdi mojj avi gai 😍😍😍🥰🥰🥰🥰🤗🤗🤗🤗,positive,negative,0.0364,0.9271
Bhai ap kha aha ta  ho,positive,neutral,0.0365,0.9271
Egg mai khati nhi hu 😮,negative,neutral,0.0365,0.9271
"Door se dekha to Arrogance khada tha
Najdik aake dekha to Abhishek khada tha..😂",neutral,negative,0.0365,0.9271
Gujarati hovana garv che Bhai,positive,neutral,0.0365,0.927
Ji me jharkhand jamshedpur se hu kavita ji aap meri pyari sister ho aap ki her recipe dekhti hu,neutral,negative,0.0365,0.927
Jaoooo yarrr tame dar vakhte dil jeeti lo cho.. mare video j nai jovo 😀😀,neutral,negative,0.0365,0.9269
Jay hinglaj maa 🔱,positive,negative,0.0366,0.9269
Wow Gulaab jamun Thank you for sharing this recipe Most most awaited recipe Lekin mujhe ye khoya kaise banta hai woh bhi dekhna hai Mein jab bhi khoya banati hoo har baar bohot hi sukha sukha banta hai Ek baar mujhe dikhana hai ki dudh se khoya kaise banta hai jiska istamaal hum gulaab jamun banane ke liye kar sakte hai mein,negative,positive,0.0366,0.9269
Chupke chupke raat din aansu bahana yaad he tamara mukhe thi jordar lagse,negative,positive,0.0366,0.9269
a નું સ્ટેટસ આવી ગયું જોઈલો ❤️,negative,positive,0.0366,0.9269
Jay ho bapa Sitaram,positive,negative,0.0366,0.9268
Ha moj Vikram Bhai jay ramadev pir,positive,negative,0.0366,0.9268
સાબાસ Tigar,positive,neutral,0.0366,0.9267
Jignesh bhai plij mari chenal ne agad vadharava mate sapot karo bhai jigar jaan Somehswar studio,neutral,negative,0.0366,0.9267
Haa Jignesh Bhai ne moj Haa jordar song Che nice happy makar sankranti,neutral,positive,0.0367,0.9266
Muje tha ki sirf government school ma hi smell aati hai😂😂,positive,neutral,0.0367,0.9266
"Sabd j Nathe Madta tarif Karva mate bhai Gajab che  Ek Dum KDK 
Bhai Bhai",neutral,negative,0.0367,0.9266
aa Kai game che ?,neutral,negative,0.0367,0.9266
2 month thai kisoor kaka episode shot kariyana have released kardoo,negative,positive,0.0367,0.9266
"Jai jalaram 🙏🙏, nice volg... Jaydeep bhai ni vat sachi che eni jeva apde tai e to ena ma ne apda ma farak su?? Ek dum right che.. 
Ane jaydeep bhai ek vat e bhu mane kharab lage che ke negative comments vala ne etlu maan male 😂😂 vaar vaar en yaad kare.. Eloko ni j vat tai 😮😮😮 ane positive comments vala ne koi count j nati kartu 😅😅 to negive bol ene yaad karo ena karta positive vala ne vare vare yaad karo to motivation amne pan male 😂😂🎉🎉 su kevu che jaydeep bhai tamru 😮😮 reply karjo... Chalo aje may pan chakkazam comment kari che but positive j kari che.. 🎉🎉🎉Thank you so owesome volg..",negative,positive,0.0367,0.9266
Hardik badhai prane bolta hoy aeva javab ape se,positive,neutral,0.0367,0.9265
Aamara ghare nathi banto ame pan paheli batr sunaa same hame bhi esa lag raha kk hum 1900 me jiee rahe heee love from suraattt❤❤❤❤❤❤❤❤❤❤❤❤❤❤,positive,neutral,0.0367,0.9265
Ketla divse thi ame wait karta hata ...7 part nu niceeeeeeeeee,neutral,positive,0.0368,0.9265
Jay ho Jay ho Jay mataji Jay mogal,negative,positive,0.0368,0.9265
Mam decription box ma tame wheat flour 2 1/2 cup che & video ma two cup toh two cup j wheat flour j levanu ne,negative,neutral,0.0368,0.9264
😎Full💝Support🙏Che😘Bhai Amaro Pan Thodo Support Amne Pan Karjo (Jay😘Mataji) '.,positive,neutral,0.0368,0.9263
To lot nu cup ma measurement aapone,neutral,negative,0.0368,0.9263
Aapki to har baat hi nirali h .. dear kavita ma'am ❤️ 😘 ❤️ 😘 ❤️ 😘 🎉🎉🎉❤❤❤❤❤,positive,negative,0.0368,0.9263
"Amara family Dr che 
Dr Gopal Radadiya",neutral,positive,0.0368,0.9263
Vikrm bhai amra dahod jila ma Kem na male aa kit,neutral,negative,0.0368,0.9263
TARI MARI KAHANI JAANU,negative,neutral,0.0368,0.9263
Vikram bhai nice movie please video song youtube pe muko to maza Aavi jaay,neutral,positive,0.0369,0.9263
"Thank you mam ,mere bachche ne achche se khaya",positive,negative,0.0369,0.9262
અંધક ( devo ke dev Mahadev ) 🙏,neutral,positive,0.0369,0.9262
Cerecter name. Su chhe hero and heroine nnu,negative,positive,0.037,0.9261
Jay shree. Ram,negative,neutral,0.037,0.9261
Mare pan kumbh rasi chhe to mare pan avuj thai sasumanu pakiy kyare mara hathma ape tyare khalij thai jay shakwala pase bakirakhi ne avupade,neutral,negative,0.037,0.926
Masi ne to rupiya ni jjjj bhukh chhe dinubapu no kuvo rakho nam,neutral,negative,0.037,0.926
"Waah kya zindagi hai, zindagi to jee hai apne ma'am❤❤❤",negative,neutral,0.037,0.926
vikramji aje live dhav toj hu tamne laik apu bolo 😁😁😁😁😁😁😭😭😭😭t😭t😭😭😭😭😭,negative,neutral,0.037,0.926
Vot. For ..have. Gaman santhal bhuvaji ne lavoo,positive,negative,0.037,0.926
Bhai gujrat ma koi asar nathi😅😅😅😅😅,negative,neutral,0.037,0.9259
Chalo jalse bina comdam se😅😅,negative,neutral,0.0371,0.9259
Aisa Kya Kar Diya Hai Jo unhe Yah Award Mila Hai. Wo Bhi To Darshayen.,negative,neutral,0.0371,0.9259
Receipe is nice bt its a gujju cutlet nt russian roll...as all masala n ingredients r different to make russian roll,neutral,positive,0.0371,0.9259
Tamara video pachi 30 minutes ma niklas christl ae pan video mukiyo .. te pan tamari pase thi yt algorithms hack sikhe chhe 👍👍😂😂,positive,neutral,0.0371,0.9258
Aa chirauy kabhi bakwas karta hai not kese funny lagta logo ko,neutral,negative,0.0371,0.9258
Pf kapay chhe barabar pan jayare pf upadvu hoy tyare kai pan garbar thai chhe tyare niklta nathi please vinti chhe ke jayre pf no fom bhare tyare mli java joye please,negative,neutral,0.0371,0.9258
Sonu nigam sir kya chhe ??,negative,neutral,0.0371,0.9257
"ek critic comment chhe. there is lot of repetition of same sentences by Mananbhai which is making viewers like us a bit of boredom (Editing ma repetition remove nathi thatu). if you allow guest to speak in lavari they can be still better lavariya than hosts. We while watching just want to hear the guest but Tya Sudhi Ma, the host, interrupts, making listener shift or close mind. Very very nice initiative. The Lavari show Gujarati version of Kapil Sharma show.",positive,negative,0.0372,0.9257
bav j mast song che pn tamy jel joshi jodi bov mast lago che plz bewafa nu ak song bana vo ne jel joshi jody love you kaviraj my all time fav jigo,negative,positive,0.0372,0.9256
Man maru moyu maldhari ❤🎉❤🎉,positive,neutral,0.0372,0.9256
02:05 લાસ્ટ line બહુજ મસ્ત બોલ્યા ઓમ ભાઈ 😂😂😂,neutral,positive,0.0372,0.9256
Bhavin bhai aap bade baal mein ache nahi lagte,positive,neutral,0.0373,0.9255
"Sorry bhai , jene pan kariyo chhe mast chhe",positive,negative,0.0374,0.9253
How to buy?,positive,negative,0.0374,0.9252
Hi ma'am. Want to try this. Can v skip baking soda.,negative,positive,0.0374,0.9252
Vikram THAKOR Ha Bhai Ha,positive,neutral,0.0374,0.9252
Mai to apko dekh rahi thi,neutral,negative,0.0374,0.9251
Mashallah bo bo abhar,neutral,negative,0.0374,0.9251
Jai shree ganesh ji ki,neutral,positive,0.0374,0.9251
Sarika tu kem power perti nthi,neutral,positive,0.0375,0.9251
Bachapan ki yaad aa gae🙏🙏😊😊,negative,neutral,0.0375,0.9251
Supar kirti bhai 👌,neutral,positive,0.0375,0.925
"First Time Trailer Ma Story Reveal Nathi Thai, Aapde To Jova Na - College Time Ma Kadi Ma Shefali Cinema Ma Vikram Bhai Ni Movie Ma Bau Enjoy Karyu Che : Aama To Bau Maza Aavse Evu Che",neutral,negative,0.0375,0.9249
Jordar program mota bhai,neutral,negative,0.0375,0.9249
"Hello ma'am, Hu foreign country ma rev chu. Homemade butter to nahi male ahiya. Hu aena option ma bahar nu butter use kari saku",negative,neutral,0.0375,0.9249
Ha thakor sha,positive,neutral,0.0376,0.9248
vikrambhai tame tamara all old album uplord karo plz badshahbhai,neutral,positive,0.0376,0.9248
Kyare aVe chhe,negative,neutral,0.0376,0.9248
Haaaa hu to biy gye te Sachu bole che  baaa Kai khoti vat nathi mane to bhagwan dekhai gya😂,neutral,negative,0.0376,0.9248
Jay sonal ma krupa karjo ma.. ❤️🙏🏻🙏🏻🥰❤️,neutral,negative,0.0376,0.9247
Ha ravji ha,negative,neutral,0.0376,0.9247
Jay vihat MA,negative,neutral,0.0377,0.9247
"The collective IQ here is much higher than that of a room temperature and then there is Mr. Jain being a snob here by demining Deep. This is like Pedro Pascal with anxiety, who knows if it actually exists.",positive,negative,0.0377,0.9247
Wahhh bhai jalsa padi gaya bhai,negative,neutral,0.0377,0.9246
Ak ladki ladka kabibi dosth nai ho sakthe 🤨😅,positive,neutral,0.0377,0.9246
Vikram Thakor To Vikram Thakor j 6 Bhai o Ak Like To Banej 6 Badhana Dil no Raja,positive,negative,0.0377,0.9246
Malhar ane Puja ni love story ni aa side toh khabar j nahoti! Watch the full story here -,negative,positive,0.0377,0.9245
Jay mogal saras,positive,neutral,0.0377,0.9245
Vikram thakor na fan like karo,neutral,positive,0.0378,0.9244
તમે ગમેતૈ। કામ કરો। આગટ વધો jD ભાઈ પણ યુ ટયૂબ પર વ્લૌગ બનાવજો તમારી ફેમેલી એ અમારી ફેમેલીછે તમને બધા રોજ જોવાની આદત થય ગયછે એટલૈ લવયૂ તમારી ફેમેલી❤,positive,negative,0.0378,0.9244
I miss u ma😢😢😢😢,negative,neutral,0.0378,0.9244
Jay ma vihot 🙏,neutral,negative,0.0378,0.9243
"Fun & friendly che jaydeep bhai 
Ghar nu j che apde avo kayrek",neutral,positive,0.0378,0.9243
"Jiga hu b godrej ma j chu,corona jay etle mal!",neutral,negative,0.0379,0.9243
દર્શન બાઝીગર ફોન આજે સોંગ સાંભળી ને બહુ ફોન futiya છે.....bommmm jiga ભાઈ,negative,positive,0.0379,0.9243
Waste of time. Movie real name kale lagan che.,negative,positive,0.0379,0.9243
Aava loko ne show pr na bolavo ej saru. Aava attitude na lidhe j 10yr no break oevo padiyo hase. Worst person in lavari ever.,negative,positive,0.0379,0.9243
"I guess bau kharab experience rahyo hase kankaria shoot karvama, and specially Christmas time par, but still saru kevaay k patayu🧡",negative,positive,0.0379,0.9243
Ekdum top na pet ni filam che ❤,positive,neutral,0.0379,0.9242
"JAYDEEPBHAI PEHLA E JANAVO KE AAJNA VLOGMA 6 MIN. PACHI KEM SARIKA NI ANE MUMMY NI ENTRY KEM THAI???
SO LATE",neutral,negative,0.0379,0.9242
Jay jay bhaguda vari,negative,neutral,0.0379,0.9242
J d have hairy cut karava pade evu lage ho😅,negative,neutral,0.0379,0.9242
Tame film banavo cho.,neutral,negative,0.0379,0.9241
Su episode hato hasi hasi  pagal thai gai aacha Lage bhidu log esa kam karta raho❤❤❤❤❤😂😂😂😂,negative,positive,0.0379,0.9241
"Bhavsuuuuuuu 
T3 ka food challenge aane wala tha.. tri o spice Wala.. 🌝 thoda andaazan tareekh Bata do ki hame kab tk wait krna padega 🌚",positive,neutral,0.038,0.9241
Jd bhai tme jaipur javana cho ae surprice che... I know 😊,positive,neutral,0.038,0.924
Mara mobile ni calurtune ❤,neutral,negative,0.038,0.924
Bhai yeh pura le raha tha acche se,positive,neutral,0.038,0.924
Aaj amara jivan No aa ketlo sundar divas che ....aaje ame ramsu Pritam ni saathe ..haatho ma haath 🙏🙏🙏🙏🙏👌👌👌👌👌👌,positive,neutral,0.038,0.924
Mene bhi bahut kra hu isa,positive,negative,0.038,0.9239
jay shree somnath mahadevo parvati mataji aaval ma mogal mataji kabrav manidhar bhaguda kailash jay shree khimeswar mahadev aadi aaval mataji shree 12 jayotirling jay shree 51 sakti pith hari dwar barfani amarnath kileswar mahadevo parvati mataji jay shree khimeswar mahadevo parvati mataji om namah shivay om namah parvate pate har har mahadev shree shindhnath mahadevo parvate maa pashu pati nath mahadevo hri dwar kalbheirav kuldevi ma bhutanath mahadevo parvate maa bahusar ma jay ma khodal maa jay shree someswar mahadev parvati mataji iswar kudarat parmatma bhagavan shree som devo namo narayan shiv sakti ma jay sankar parvate ma siya ram hanumate liral ma nathraj kuldevi ma chamuda pitru devo jay shree natraj jay shree bhutanath jay shree nilkanth mahadevo parvate mataji mahakal mahakali mataji he somya dada mara iswar jay natharaj jay somya dada,negative,neutral,0.038,0.9239
shri Kirtidan bhai mane tarveda nu knowledge joie che .. Tarvedo kevi rite aapay maa ne... ane tarveda ma su su hoy,negative,neutral,0.0381,0.9239
Va vikram bhai,positive,neutral,0.0381,0.9239
KAVI KDAN GADHVI MAST GAYU SE,negative,neutral,0.0381,0.9239
Wow goes to flash back my childhood in Every wedding bharwad  men and women  sing thi song but now miss this scenario,negative,positive,0.0381,0.9238
Jay ho kirtidan gadhvi,negative,neutral,0.0381,0.9238
master chef pankaj ma'am k sath bahut hi khubsurat video hai ma'am aise hi enjoy karte rahea ma'am or khush rahea ❤❤❤❤,neutral,positive,0.0381,0.9237
Bhai a bhai na song alag leval na Che aje kabar pari,neutral,negative,0.0381,0.9237
"Hello Jaydeepbhai....one very simple question...aapki family me sabe se pehle who started vlogging?
You
Your sister
Your brother
Rinkal
Darshakbhai
I know Kinjal's siblings too vlogging
But from your family who started first?",positive,negative,0.0381,0.9237
#jay Hinglaj ma,neutral,negative,0.0381,0.9237
Punjabi Gujarati Dhol vadu link moklo ne Ringtone mukvii che manan bhai,positive,neutral,0.0382,0.9236
Vikram bhai mare pan paisa no problem se. Kaik help karo to saaru. Upkar rahese,positive,negative,0.0382,0.9236
Wah mara Havaj ♥️♥️♥️♥️♥️,positive,negative,0.0382,0.9236
Dil thi bhai,positive,neutral,0.0382,0.9236
"J D bhai u are right, helthy eat less oil and sugar  but koi sunta nahi hai, Girish jiju ne khas helthy life par focus  karvani jarur che, already tene abA1c high che , bp che to pan rice, potato badhu j khay che , no control, mari aa coment koi ne gamse nahi pan please j D bhai je kahe che, te always right ,please eat healthy food for your good health 🙏🙏",positive,negative,0.0382,0.9236
❤❤❤❤ maa kuldevi MAA mogal khodiyarma sandharay Ni khama tamne vala vala 🙌❤️❤️🙌🙌🎉,neutral,negative,0.0382,0.9235
Mozrela sij e su,negative,neutral,0.0382,0.9235
How to make khatri pao,positive,neutral,0.0382,0.9235
Bahut hi acchi tarah se bani hai recipe ❤❤😋😋👌🏻👌🏻 paratha 👌🏻👌🏻👍👍,positive,negative,0.0382,0.9235
Swadly ka peanut butter lijiye ma'am Wo sab se best hai 😊,neutral,positive,0.0383,0.9235
Jevi Aasha hati evi aama maja na aavi,negative,neutral,0.0383,0.9235
Lot nu map gram ma apo ne,neutral,negative,0.0383,0.9234
Mirchi Ayantika as expected osadharon.... Mirchi Agni ebong Ritobrotor obhinoy mon chhuye jaye..... baki sokolei jothajotho..... Mirchi as a teamwork durdanto..... Soumadityor narration mind blowing..... and what a story..... !! Ei mohila jodi nijer brains ebong sahos sot pothe byabohar korten hoyto USA r chhobita onyorokom hoto.....!! Bhishon bhalo laaglo. World crime guloi dekhchhi beshi obhinobho.....!! R emon durdhoshyo crime stories emon bhabe present koren apnara je pore tar after effect bhoy pawa ba groomer disturbance motei hoy na !! USP of team Mirchi..... love you so much.....!! Subscription barchhe na keno ? Eto bhalo bhalo kaaj koreo..... sotyi odbhoot kintu.....!! ❤❤❤ Bachchatir ki holo ? Se ki benche achhe ?,negative,positive,0.0383,0.9234
mast che khub j sundar,positive,negative,0.0383,0.9234
"Sara kalakar no episode 20 min no
This is not done 



Khub khub mazza avi 🎉",positive,negative,0.0383,0.9234
Sarikaben jaydip bhai khud aatlu health nu dhyan rakhe che ae saru kevay baki atyar na hasband wife game aetlu samjve bar game tya jevu tevu khay ne aave che manta nthi,negative,neutral,0.0383,0.9233
Mara bhatija Ne gerej  Surat ma che  adarsha Joye to. Video ma  lejo,positive,negative,0.0383,0.9233
"30:30 .If people are invested in the character that has been built, then they actually let go of the logic. The thought of ""aa kemnu thyu bhai?"", aa kyathi thyu bc does not occur if the audience is invested in the characters shown on the screen.",positive,negative,0.0384,0.9232
Haa Kaviraj Ha. Har Har Mahadev,positive,negative,0.0384,0.9232
Dal n dahi virudh ahar che ...sath me nahi khana,neutral,negative,0.0384,0.9232
Jay Jay Dwarikadhish,positive,neutral,0.0385,0.9231
Kitna achha lgta hai jab aap itni unchaiyon par jakar bhi apne culture ko dil se aur khush hoke manati hai .. much appreciated ❤,neutral,positive,0.0385,0.9231
Sorry ae ari nai mari che,neutral,negative,0.0385,0.9231
Amara ghare tadko bov nathi aavto toh pankha ma sukhvu toh chale?,negative,neutral,0.0385,0.923
"Shu tamne pan tamara Chaand Saathe Ramta aavu feel thai che ? 
Hamna j kahi do ene toh 💕 
#MissingYouMyLove #WeWillMeetSoon 
And haa independent song che aa toh maximum share karjo badha !  1 Million views thava joiye Aaje j , dekha do Bollywood aur punjabi song industry ko ki hum Gujarati bhi kisi se kam nahi ! 🙈❤️❤️❤️❤️❤️",positive,negative,0.0385,0.9229
Amne nathi khabar,negative,neutral,0.0385,0.9229
"Laya laya ho baaki ❤❤❤❤
Kaviraj ne 🗿",positive,negative,0.0385,0.9229
"Bhavnamasi sachu kye che ane tme atyar krta pela sara lagta hta
Gym band kri dyo",neutral,positive,0.0386,0.9229
Its all depends upon person. Agar apki sas ko insecurity ki problem he fir to vo ma kya sas bhi nahi ban sakti. Agar sas achi he to vo sas or ma dono ban sakti he,negative,neutral,0.0386,0.9228
"I can’t understand Gujrati other than “kem cho” and “ majama cho” ..
but still this video is making me laugh more than I have ever laughed before 😭😂😂",negative,positive,0.0386,0.9227
Vikram bhai kutumb movie y,positive,neutral,0.0386,0.9227
Sir jante hai answer 😂❤,negative,positive,0.0386,0.9227
Narendra Modi hava Gujarat mein rahata Nathi athla saree 6 jalebi fafda dhokla thepla Kha Kha ke n jaane Kya Ho jata,neutral,negative,0.0386,0.9227
ha bhai tamari moj...,positive,negative,0.0387,0.9227
Badha ek bija nu pool khole che😂😂😂 10:28,neutral,negative,0.0387,0.9227
વિક્રમ ભાઈ ના આ ગીત ને કોણ કોણ support કરશે.. હું તો support કરીશ.સેર લાઈક અને કોમેન્ટ કરો,negative,positive,0.0387,0.9227
Sarina might have a frozen shoulder 😮,neutral,positive,0.0387,0.9226
Ha dungarpurni moj ha,negative,positive,0.0387,0.9226
Sandhya jamnager na famous nehaben panipuri vara jeva j sem lage che,neutral,positive,0.0387,0.9226
Video kyare aavse,negative,neutral,0.0387,0.9226
JaY mA MoGaL 🙏🙏,neutral,positive,0.0387,0.9226
A full song release karo be bv j mast che,negative,positive,0.0387,0.9225
SAMAY RAINA on the LAVARI SHOW,neutral,positive,0.0388,0.9225
"BHAI 1 MONTH MA 2 video upload kare che tu, aa ek j vastu sari che tari chanel par jova mate, e to vadhare upload kar",neutral,negative,0.0388,0.9224
Boom boom se tamare bhailu,positive,negative,0.0388,0.9223
Wooow bahut hi testi lag raha hai e se me bhi try krungi dekh te hi muh me pani aa gaya 🤤thank you for sharing ❤👌,negative,positive,0.0389,0.9223
Hu pan dhingli thay ne j video Jovu Chu 🤣,positive,negative,0.0389,0.9222
Jaideep bhai to evu comedy bole che je hasu ave che bo😊,positive,neutral,0.0389,0.9222
Main aapka bahut bada fan hun Vikram Thakor aapse baat karna chahta hun,neutral,negative,0.039,0.922
Bdhu pani jatu rese pasi ghar ma kevu thase amare 1 var aevu thyu tu pani aayu pasi safha karva ma fhina aavi gya ta,neutral,negative,0.039,0.922
The jealousy towards Ahmedabad City is clearly shown by manan and chirayu in every episode.  Never leave a single moment to say anything about ahmedabad @manandesai,negative,positive,0.039,0.922
Jiga Bhai jordar,neutral,negative,0.039,0.922
Jay mari maa sonal,positive,neutral,0.039,0.9219
Khob saras,positive,neutral,0.0391,0.9218
Vikram Thakor to Amara samaj and gujrati singers and actor no vaag che vaag,positive,negative,0.0391,0.9218
Ghandvi pls come vadodaro to sing,positive,neutral,0.0391,0.9218
ગુજરાતી Legend,neutral,positive,0.0392,0.9216
Hum ✌️😇🙋bhi bhavin😘💖 #teentigada💖se pyaar krna nhi choroge😘💖😇🤞😇,neutral,positive,0.0393,0.9214
Me pan banavyu ... Mast banyu...Thank you 👌👌,negative,positive,0.0393,0.9214
Tarika to badhiya hai,negative,neutral,0.0393,0.9214
Ketlu 🥰cute boole che tamro kano,neutral,positive,0.0393,0.9214
Mane kyo ke gantheda no powder etle piprimul no powder pan kevay chhe e please kaho,negative,neutral,0.0393,0.9213
નકળગ આશ્રમ પુનાદરા ......જય બાબા રામદેવ પીર બેવફા સ્ટેટસ 👇 #Dikudigital,negative,positive,0.0393,0.9213
NAK NAK TERA BAP Aa,neutral,negative,0.0394,0.9213
Jignesh bhai jio savan ma muko pliz colrtun ma,neutral,negative,0.0394,0.9212
tme vadhare recipes mukta jav bov ochi muko cho,negative,neutral,0.0394,0.9211
Jay ho ramapir Maro bar Bijnor dhani savnu bhalu kare,neutral,negative,0.0394,0.9211
Gujarat police ni kevi dasha che aa loko same e jovo.,negative,neutral,0.0395,0.9211
Jaydeep bhai tame bahu bhola cho khali bolya j karo cho pan Haji bahu inocent cho ❤,negative,positive,0.0395,0.921
Ma'am aap mere liye fish rkhna main रोटी lekr aa rhi hun..mujhe fish k sath roti bhut पसंद hai 😂😂😂,neutral,negative,0.0396,0.9209
Tuverdal divel vali hoy to chale???,negative,neutral,0.0396,0.9208
Ha kaviraj ha moj,negative,positive,0.0396,0.9208
"Bey kan kem vindhava chhe? sarika ben tamara tishart  pere chhe to tamare sarika ben no dress peravo chhe atale bey kan vindhava ,sarika  na kan na jumakha tamre peray atale 😂😂😅",positive,neutral,0.0396,0.9208
🚩 Jay Ma Mogal 🚩,positive,neutral,0.0396,0.9208
Jay sree someswar parvati maa jay aaval maa jay mahakal baba ujein jay maa timba vari aavad mataji jay sree trambkeswar baba jay kailash mahadevo jay sree rameswar baba jay ma bhaguda mogal maa jay maha shivratri jay manidhar vadvali kabrav kach bhaguda jay goralyali mogal dham jindva vari ma mogal jay shree sonal maa madhada jay shree shidheswar mahadev parvati mataji,neutral,negative,0.0396,0.9208
Last ma music kayu use karyu che? Bauj jordar lagyu! 🔥,neutral,negative,0.0396,0.9207
અમે to તડકો આપી ને જ બનાવીએ,negative,positive,0.0396,0.9207
Choki dhani surat me bhi hai salo se..,positive,negative,0.0396,0.9207
Microwave mein kese kare ?,neutral,negative,0.0396,0.9207
Mast se Vikram bhai,neutral,negative,0.0396,0.9207
Hello Kavita dee❤ aap Mumbai aaye the 🏙️ aap atal setu se mere area se hi nikale huye gye ho...mujhe aap se milna Hai 1 baar...ur are inspiration for us ....♥️🙏✨,negative,positive,0.0397,0.9207
Jay maa bhavani 🙏❤️,negative,positive,0.0397,0.9206
Are wah aato jova ma pan saras lage che...... ❤,neutral,positive,0.0397,0.9206
Tiger તો Tiger જ છે Vikram Thakor,neutral,negative,0.0397,0.9206
Bhai આ ગીત સાંભળ્યા પસી પીવું પડે છે,negative,positive,0.0397,0.9206
છોકરીઓ ને એમની પડી હોય એમના ફેમિલી ની ના પડી હોય એમાં તો બધી છોકરીઓ ને nice bro લખ્યું છે,negative,positive,0.0397,0.9205
👌 biscoff coffee recipe please share kare,positive,neutral,0.0398,0.9205
Baap re teen ladkiya ek dusre ki puppy le rahi hai,neutral,positive,0.0398,0.9205
It is so annoying when you guys keep interrupting guest all the time. Let them complete what they say,negative,positive,0.0398,0.9204
"Atyare to bhai ahmedabad aakhu sauna jevu laage che,
Kaale  dudh, and sakar pudhi, ane pachi 1spoon tea khadhi , pet ma j cha bani gai bolo 5 j mins ma😅😅",neutral,negative,0.0398,0.9204
Bhaut acchaa kaam nahii kiyaa.. bhavsuu...  Ek aisee hii over kaam karte hain ye janaab .. aur ye dekho inko. Shirtless ghumaa jaa rahaa haiii.. 🙂🌚😩,positive,neutral,0.0398,0.9204
K9i mam mate àvu Kem bolo,neutral,negative,0.0398,0.9203
24 Sunday maro birthday છે ame cow ne charo nakhva jashu  amara ane Kanishka ane hezu tarf thi pn charo nakhshu.i m 32 now bro,positive,neutral,0.0398,0.9203
Jay ganesay namah,negative,neutral,0.0399,0.9203
Sandhya and sarika mari dikri ni age ni che... Etle kahu chu..... Bhavishys ma jyare pan sandhya to pregnant thay to tarat j garbhasanskar na class karje.... Tamara surat ma che goigle kari joi leje.... Balak jyare garbh ma hoy ne tyare j sankar ma aapi sake a ganu saru balak thaay ema family members and khaas husband no sath khub jaroori che...... Tame dharo evu balak ne janam aapi sako.....pregnancy vakhate bahu dhyan rskhvanu hoy...... Sanskari balak joitu hoy to pahle thi tsiyari karvi pade..... Youtube ma gsna garbhsanskar na video aave che,negative,positive,0.0399,0.9202
Dodh kalake bar aavi 😂😂😂,negative,neutral,0.0399,0.9202
Jai Sonal Maa 🙏🚩,negative,positive,0.0399,0.9202
"Bov j jordar bhai 
 Khare khar bhai juna bhajan tamara avaj ma sambhadi ne maja aavi jay chhe 
 
 Nanpan yaad aavi jay chhe",positive,negative,0.0399,0.9201
jor dar Tigar bhai,negative,neutral,0.0399,0.9201
Mast bhajiya ni racipe che,positive,negative,0.04,0.9201
Mananbhai શરૂઆત ma bov jor daar face kare chhe,neutral,positive,0.04,0.9201
🎸🎸Ha Vikram Bhai 🎸🎸 Jay Jay Jay Babari Fuul Supprot 🎤🎤🎤,negative,positive,0.04,0.9201
સુપર સે આ સોન્ગ ભાઈ album ma,positive,neutral,0.04,0.9201
Ye konn hai  YouTube pe ???😱😱,neutral,negative,0.04,0.92
Sarika didi plz aap kids lunch box kisi recipe do roj.. Bcz muje bhi idea nhi aata hai roj kya banau,positive,neutral,0.04,0.92
Lirics bahuj saras 6..mane bau gmyu🙏🙏🙂🙂❤️❤️❤️💗💗💗,neutral,positive,0.04,0.9199
Main to dekhte hi tempt ho jaata hu 😅,neutral,negative,0.04,0.9199
Bhavna aunty is saying right . Army cargo has came to surat . The plane was too big . Even my mother n sister have heard the voice n when they looked outside it was very big military cargo plane .,positive,negative,0.04,0.9199
Aaj to pahele like Kiya bas me dekha pata hi tha badiya hoga vlog,neutral,positive,0.04,0.9199
Jay man mogal,positive,neutral,0.0401,0.9199
"Sandhya ne Kaki j kahevdavai potani  j family ma kaka,kaki ,mama,mami bolvu saru lage koi third person ne bolava hoi to uncle, aunty k y",negative,neutral,0.0401,0.9199
Didi kabhi Gujarat aao garba dekhne❤❤❤❤,neutral,negative,0.0401,0.9198
"Mane to tme rasogula jeva mitha 

Vada
Vadpav jeva thika

Chevda jeva - chulbula 

Salt jevo savbhav(jaju hoy toi na chale Oahu hoy to b na chale ) bcoz u r perfect 
Bake heroin to tme Sarika jaydeep Patel - potej vlog ni heroin cho 
❤❤❤❤❤❤",neutral,positive,0.0401,0.9198
Dj vado episode kaminey friends chanel per che school dairs ma. Me to e baddha episode Joya che.,neutral,positive,0.0401,0.9198
Hu tamaro vlog Ghana samay thi jow chu Mane sikhwa madyu k gametevi paristhiti hoy hoy kaam karwanu daily jeevan ma har nae manwani and femily sathe kevi rite revu etc .❤,neutral,positive,0.0401,0.9198
Pita ane putra no anokho samnvay che aaa rachna ma,negative,neutral,0.0401,0.9197
"રૂમ મા ને ફર્નિચર મા ગંધ આવતી હોઈ તો લાકડીયા કોલસા ના ટુકડા મૂકો બધ્ધી ખેચાઈ જસે, ટોટકો નથી,સાયન્ટિફ છે. Take care of all.",positive,negative,0.0402,0.9197
Ha Jignesh Barot,negative,neutral,0.0402,0.9197
Kadak chhe brother 😘,neutral,positive,0.0402,0.9195
Ha taru taske poni jiga,neutral,negative,0.0402,0.9195
Jordar movie is Vicky Bhai,neutral,negative,0.0402,0.9195
Mari maa mogal ek todo che aadhar 🙏,positive,negative,0.0403,0.9195
Very nice explanation....1 request che tmne tmari badhi receipe sari hoy che...to sathe etlu keta jao k tme lidhela measurement pramane ketla bane,negative,positive,0.0403,0.9195
Tame vs hotel ma gya hata ne,neutral,negative,0.0403,0.9195
Vadodara Gujarat se hai hum,negative,neutral,0.0403,0.9194
OMG u are reversing ur age... I think u should make another channel for setting fitness goal for women who are turning 40 especially for me🥰 as most of us don't know how to keep ourselves fit later in life. Doctor s just recommends medicine which later worsen the health as I have seen this with my parents,positive,negative,0.0403,0.9194
Jay chhaniyara ne hoy sake to bolavajo,neutral,negative,0.0403,0.9194
😅 100 ke 2 kilo aate Hain Jitna man Kare utna use karo,negative,neutral,0.0403,0.9193
Cheese banavani recipe pan mokalo,positive,neutral,0.0404,0.9192
Jay Maa Vishvambhari 🙏🏻,neutral,negative,0.0404,0.9192
J d bhai sani miting karo cho ae keta kem nathi,negative,neutral,0.0404,0.9192
"Nishant bhai pan gujarati nikadya, dheeree dheere elon musk pan gujarati nikadshe 😂😂",neutral,positive,0.0404,0.9191
Chahtti Maiya ki Jai 🙏🙏,neutral,positive,0.0405,0.9191
જય હિંન્દ જય ભારત supar song vikrambhai thakor,neutral,negative,0.0405,0.9191
Ekdam ghar ki Tarah feeling di,neutral,positive,0.0405,0.919
Tamari mummy e papa ni Sathe vadi ma revu jove,positive,neutral,0.0405,0.919
Ramapirni maher sada rahe tamara par,neutral,positive,0.0405,0.919
Omg mujhe laga mai hi akele june ke last week mein achaar bna Rahi hu😂but Di aap bhi n mujhe hausla dene ke liye mere sath achaar bna rahi ho 😊achha to bnega hi ☺️🤜🤛 Radhe Radhe ❣️🙏,negative,neutral,0.0405,0.9189
Masi no dialog tej hoy tene tej j khavdavvu joiye😅😅😅Masi so sweet 😊,neutral,positive,0.0406,0.9189
"Hello, tamari series hati roj su banavani….. varsaat maa palak ane leafy vegetables ame nathi khata, moong, rajma, lobia, ke koi pan sukhi bhaaji ni quick recipe je savaar ma jaldi bani jayi hu clg student chhu please upload karo, tamara old videos joi ne aaje subscribe kairu, god bless you!🩷🩷🩷🧿🧿🧿",positive,negative,0.0406,0.9188
Masi sacu kahe che,positive,neutral,0.0406,0.9187
Bhavsu aap itne cute videos daloge to bhavsena ka kya hoga💕😘. Love u🙈😘,neutral,positive,0.0406,0.9187
Amara to papa gaya ne pachi maaa 🙏🙏🙏 bahuj yaad aave che jignesh bhai 🙏🙏🙏 Miss you maaa papa 🙏🥹🥹🥹🥹🥹🥹🥹,negative,neutral,0.0407,0.9187
Kandas bapu nu aa bhajan che ae pan સાંભળો maja aavse,neutral,positive,0.0407,0.9187
Jay shree hnuman,positive,neutral,0.0407,0.9186
"dada/  lion jeva che badhu kaam patience, and perfect( ghar na raja)

baa black ant che ek j line ma chalva wada and kidi km badhu bhegu kare em baa pan kare and kidi badha madti bolvti jay em baa pan badha ne bolve 

jaydeep bhai / mor🦚 che je mor km kala kre to badha ne game em jaydeep bhai bole ne masti kare ne to badha ne game and man majji thi moj karva wala mor ne pan evu che ene mane gane ej kare

sarika / gaay jeva che badha vat mane badha ma j ha and  biju koyal jeva ghar ma mhekiya kare

hardikbhai / hanas 🦢jeva che hanas km pani ma santhi tare and maja kare em hardik bhai santhi wada patience, mind  wala

sandhiya ben/  🐿️ khiskoli jeva aya thi fatfat tya aya fat fat bije kaam karta hoi ek jagiya par na hoi 

bane babys 
🐣🐥",negative,neutral,0.0407,0.9185
Rekha thakkar Jay jalaram 🙏,neutral,positive,0.0408,0.9185
Vikram bhai gujarat no super star and father of singer waah 👊👌👌,negative,positive,0.0408,0.9184
Ha mama ha jay sonal ma,negative,neutral,0.0408,0.9184
vaah kirtidan bhai vaah moj aavi gai hoooo...... full moj.....,positive,negative,0.0408,0.9184
Last time to chai bani thi... Is baar kya special hai 🤔🤗,positive,neutral,0.0409,0.9183
Matane manta hoyto 1 like karo bhai jay mataji,positive,negative,0.0409,0.9182
"Aaj kaal nathi karvi aa bhasha ne sanskruti koine share, oh bro maara, force karva thi bhaage chhe aa generation ene gher.
Aavu raju karsho toh kadaach kar se care, oh bro maara, force karva ma ane pote apnava ma ej chhe fer.",neutral,negative,0.0409,0.9181
Samay pramane atyare Gujarati song ko sara awe che pan tema Sara dans choreographer Ni kami hoy tewu lage...,negative,positive,0.0409,0.9181
"These GTA Edits keeps getting better. Kai navu laavo j cho badhi videos ma. 2:54 vado engine sound, pedestrians ne dubbed dialogues aapvana, gujarati Tokyo drift, commentary. As always, jordar! 🙌",negative,positive,0.041,0.9181
Proud karva jeva j che bhai Bhavna Ben bhagyshali se,neutral,positive,0.041,0.918
baking powder kyare nakhvano ? tame batavyo pan nakhyo nahi,negative,neutral,0.041,0.918
Healthy aur testi hai di❤❤❤🎉🎉🎉 the main bhi cooking ka video banati hun lekin mera gro nahin kar raha hai mera view bahut kam aata Hai bada video per Meri video mein kya galti ho rahi hai kuchh samajh mein nahin a Raha please mujhe bataiye,neutral,positive,0.041,0.918
Missing you three bahut jyada plz post some t3 pic on insta too,positive,negative,0.041,0.918
"Mene isi trike se banaya, bhut bhut badhiya bna, mja aa gya 🤩 Thanks a lot 👍👍",neutral,positive,0.041,0.9179
"Bhumi ben mate aunty mangoes ne vastu ni preparation krse but uncle mate rasoi banava vadi e nai jai 

Bhumi ben ne india b na kam karvu pde e preparation kro ene london b jalsa j che ahya sarika ben ne hardik bhai ne shanti aapi 
Sandhya ji ketlu ne su khai bas e jaydeep bhai batave e nana che farva out of country moklo kam j na karavo",negative,neutral,0.041,0.9179
Ha kanuda ha,positive,neutral,0.0411,0.9179
Sab ne bohot acha try kiya😄,positive,negative,0.0411,0.9179
Ha Tarapur. Ha,neutral,negative,0.0411,0.9179
Jaideepbhai amare contract che every month flats ma safai thai,positive,neutral,0.0411,0.9178
Hasvu to nai aav u😂😂,neutral,negative,0.0411,0.9178
Tame kya na proper surat na cho?,neutral,negative,0.0411,0.9178
Aa લોકેશન કોને કોને ખબર સે ક્યાનું સે,neutral,negative,0.0412,0.9177
Keyboard vala Bhai nu name su che,negative,neutral,0.0412,0.9176
Saras acting Kari che badha e ❤❤❤,neutral,positive,0.0412,0.9176
Fry pan ka nam batana,negative,neutral,0.0412,0.9176
*😂😂😂😂🤣🤣 hamare Bhavin Bhai enko koi fark nhi padta ki video ban rha hai Kuch bhi ho rha hai 😂😂 kahi bhi suru ho jate hai😂😂😂😂* #bhavsena,neutral,positive,0.0412,0.9176
KM to it,positive,neutral,0.0412,0.9176
Moj aavi gai ho,neutral,positive,0.0413,0.9175
Morbi ma 5  ઈચ વરસાદ પડ્યો હતો,positive,negative,0.0413,0.9173
"Aunty atli badhi kheej uncle per na kadho pl give him some respect ,atli mehanat Kari n tamne badha n jalsa karave chey pan tamne emnu 2 time nu tiffin banava nu b nathi gamtu , uncle ni value sirf hardik bhai n j chey",negative,neutral,0.0413,0.9173
"Alya me lavari na badha episode joya aema 4 mathi apdo aek bhai always late j aave aenu su reason 
-ane aa lavari ma ombhai sachema Kai nai bolya ke edit ma udadi didha😂",neutral,positive,0.0414,0.9173
"Are aa song to mane baw j game chhe 

Mara tame shu thav chho ?",neutral,negative,0.0414,0.9172
jaydeep tamara hair bilkul sara nathi lagta bav msy msy lage che tame atla handsome cho to hair ne b mange rakho aa hair bav msy msy lage che,negative,positive,0.0414,0.9172
Jaydeep bhai YouTube ne bhuljo nai ho baki badhi vastu ma,positive,negative,0.0414,0.9172
Thank you so much ma'am Mujhe yahi recipe ki zarurat thi ❤❤❤,negative,positive,0.0414,0.9171
bhagvan ne mere 9 salke beteko mujse chin liya aab me uske paas jana chahta hu,negative,neutral,0.0415,0.9171
Oven ma thay ?,neutral,negative,0.0415,0.9171
1:34 aa tune to mari fav che ❤❤❤❤,negative,neutral,0.0415,0.9171
Ese he bhaiya nhi bolti main aapko aap samjhte ho jab bhi mood thik nhi hota aap hamesha aa jate ho 🥺❤️,positive,neutral,0.0415,0.917
waah sister bo mast👌👌😋❤,neutral,positive,0.0415,0.917
Jay..ho..moghel..jay. vadawada,negative,neutral,0.0415,0.917
Vah jiga bhai😢😢,neutral,negative,0.0415,0.917
Are ketla gujrati film ind ma che 😂,positive,neutral,0.0415,0.9169
Melaji Thakor officer શેરીસા,neutral,positive,0.0415,0.9169
Gujarati picture no Salman khan - Vikram Thakor 😎,positive,negative,0.0416,0.9168
Jay ma varudi,negative,neutral,0.0416,0.9168
Mara Thakor Samaj na ava Vikram bhai Thakor Tamara song To Supar hit j hoy che aetle like and comment and subscribe karish Hu,positive,negative,0.0416,0.9167
100 divas thi nai haselo aaje 101 divas thayo ne hasu aayu kharu😂,neutral,negative,0.0417,0.9166
Tamara vlog ma life ne kevi rite enjoy karvi ae shikhya chhiye 😊 Always happy 😊 Koi ne judge nahi karvanu😊Aevu to bahu bathu shikhya chhiye 😊 Uncle pase thi shikhya Dheya parpti suthi madya raho😊 Hardik Bhai ane Shanthya pase thi shant rahevanu😊Masi pase thi always kaam kari bussy rahevanu😊 Sarika to all-rounder chhe j😊 Happy family 😊😊😊,neutral,positive,0.0417,0.9166
Veri naice voic virtyl sir,negative,positive,0.0418,0.9165
"Manan bhi 2 vars Juno video ma comment karye to , comments jov tame ?? 😅",negative,neutral,0.0418,0.9165
Jotaj khavanu man thay teva che❤❤,positive,negative,0.0418,0.9165
Didi ye to main 2010 se kha raha hu😊,negative,neutral,0.0418,0.9164
Jay vadavada dada,negative,neutral,0.0418,0.9164
Chinta mat karo Jaydeep bhai Makar Rashi ki Burai hoti hai,negative,neutral,0.0418,0.9164
"After 5 year voching on this video
Man ne santi male che sabhri aa geet ne",neutral,positive,0.0418,0.9163
Really bhai down to earth 😂,negative,positive,0.0418,0.9163
Amreli jila ma bahuj varsad che mota liliya Thi  Hu,positive,neutral,0.0419,0.9163
"I think the number of chillies you added for the amount of chatni you made was too much, 2 to 3 was more than enough for the amount you have made !!🤔🤔",negative,positive,0.0419,0.9162
Kaka tame mast gayi,neutral,negative,0.0419,0.9161
Tamari fhilm khub chale kaik mesej jase saro khub saras fhilm chaltij re,positive,negative,0.0419,0.9161
Vegetables to hata j nahi 😅😅😅,negative,neutral,0.0419,0.9161
Vah vah baki song sene ho ha moj ha,neutral,negative,0.042,0.9161
Aise hi cute lagte ho ap to 😍😍 makeup ki kya jarurt hai ❤️❤️,positive,neutral,0.042,0.9161
Sir have jaldi thi RDR 2 ni story finish karo. End ma bahu j mast pick up pakde 6 game...🙏,positive,negative,0.042,0.916
Om ganeshay. નમહ,negative,positive,0.042,0.916
Ha tarapur gamm ha,neutral,negative,0.0421,0.9159
Ekdam juni recipe che bhai😂😂,neutral,positive,0.0421,0.9159
Kheda vistar ma rain mate janavo,neutral,negative,0.0421,0.9158
Siraj jeva laage chhe,positive,neutral,0.0421,0.9158
Bhai jaldi thai tem movie oploads karo,neutral,positive,0.0421,0.9157
Khoob Saras Jay Shree Krishna 🎉🎉,neutral,positive,0.0422,0.9156
Congratulations mahavir Thakor (milan bhai) God bless you kubaj saras song che ye ha dosti na 1,negative,positive,0.0422,0.9156
Bhu j mst song che sidhu Dil n touch kr che AA song 🙏🏻🔱🙏🏻🌸🌸,negative,positive,0.0422,0.9156
Gandi Nao Vash Movie Rellese Karo Kya Sudhi Ame Vat Joshu 26 April Nu Kahi Kya Mari Gaya,negative,neutral,0.0422,0.9155
"Aadmi shadi kare ya na kare, usse kaam karke ghar pe paise lane hi hote hain.. nahin toh usse narak mein bhi jagah naseeb nahin hai .. kahani duniya ke har aadmi ki",negative,neutral,0.0422,0.9155
👑Jay. Murlidhar.👑 👑Jay. Thakar.👑,neutral,positive,0.0422,0.9155
Jay sonbai ma 🙏🏻 Wah bhai Jordar mara vala,neutral,negative,0.0423,0.9155
Di tofu kya hota hai pata ho tab to 😝 fan honge 😜 waise sachi recipe dekh ke hi muh me pani aa gya 😋,negative,neutral,0.0423,0.9154
don't worry Bahubali Bhavin aapko nahi girne dege🤗🤗,positive,neutral,0.0423,0.9154
Aadity bhai ne ghani khama vava,negative,neutral,0.0423,0.9154
Munh me pani aa gya ma'am 😋😋,neutral,negative,0.0424,0.9153
Mane am thay ke vikram bhai vasadi bandh na kare vagadya kare,neutral,negative,0.0424,0.9153
Masia bahuj mast vat Kari bhale property ma bhag kaydesar Thai gayo hoy beno dikriono pan magvanu nai Prem thi de toj levanu,neutral,negative,0.0424,0.9152
Daya ne jethalal ni jodi che ho,neutral,negative,0.0424,0.9152
Fun and friendly che dhosa restaurant nu name,neutral,positive,0.0424,0.9152
Aap aapna pata bata do 😘😂❤️,positive,neutral,0.0424,0.9152
"Tame aam raas ma sugar nakho cho,pl reply",neutral,negative,0.0425,0.9151
Jaydeep bhai yah bilkul Sach bol rahi hai aunty coffee mein cockroach ka powder hai,neutral,positive,0.0425,0.9151
"Balpan ma sambhadyu hatu saheb...
Gujarat ni ane Gujarati sanskruti ne jadvi rakhva mate tamne khub khub aabhar 🙏🙏🙏",positive,negative,0.0425,0.9151
Ha.. TiGer..Ha,neutral,negative,0.0425,0.9151
Naic vikram Bhai...,negative,neutral,0.0425,0.9151
Mere Hindu bhai Thakur ji Krishna Ji ko pranam hai DD Boss kattar Hindu Brahmin Jay Shri Ram Jay Shri Krishna Rajasthan,negative,positive,0.0425,0.915
Tamare diet wadu khavu hoy to khav ne why you forced to everyone to choose,negative,neutral,0.0425,0.915
"1 suggestion che k, upload karvano time thodo vhelo rakho to saru.",neutral,negative,0.0425,0.915
Bhai... Hats off... Haase haase ne aankh ma aanso aave gayaa.... Bhai.. Taame daar athvadiya video laavta raaho... Maan khush thaye jaaye che...,positive,negative,0.0425,0.9149
Kabita Didi ji ko prnam ❤🙏😊,neutral,negative,0.0426,0.9149
"Jaideep, please have a haircut 💇‍♂️",neutral,positive,0.0426,0.9148
Airfryer ka ketla ma banai ske to ktla min rkvnu ane degree??,neutral,negative,0.0426,0.9148
Haa vikram Bhai haa,negative,neutral,0.0426,0.9147
Jordar songs che bhai,neutral,negative,0.0427,0.9146
Jay ma hinglaj ma🙏,positive,neutral,0.0427,0.9146
Avi faltu vato karo chho etle j aa program nu nam lavari chhe...,neutral,negative,0.0427,0.9146
Kem cho Manan bhai ❤️❤️,positive,neutral,0.0428,0.9145
Jd patel bhai Bangkok airport par Vishnuji ka stachu he Amrut mathan ho raha he Devata he,neutral,positive,0.0428,0.9144
Wah Moj kya bat hai...,negative,positive,0.0428,0.9143
Isse accha koi song nahi jai mata di ❤,negative,neutral,0.0429,0.9143
Haji sudhi evu lagtu hatu ke maara sivai koi  Manan aa duniyama chej nathi😢. And tame madya 😊,negative,neutral,0.0429,0.9143
Jaydeep bhai tame pela jeva dekhav ma nathilagta pela srs lagtata,negative,neutral,0.043,0.914
Tamari jevo che jaydeep bhai knishk aalshu dada ae lidhu to ae muke,positive,neutral,0.043,0.914
Jordar program jiganesh bhai,positive,negative,0.043,0.9139
Jay Vachhraj Dada,neutral,positive,0.0431,0.9139
jay saree ram,negative,neutral,0.0431,0.9139
Bumbai the rani auja koi divas baje,neutral,positive,0.0431,0.9139
Tame kokana sokara goda karya,positive,neutral,0.0431,0.9138
Vikram Bhai Jitu Bhai Na Dosti no.1,positive,negative,0.0431,0.9138
7 person mate ketlu pramani joishe?,negative,neutral,0.0431,0.9138
Botad ma Haji varsad nathi bhai 😢😢😢😢😢😢😢,negative,neutral,0.0431,0.9138
Aap varanasi me kaha se hai?,negative,neutral,0.0431,0.9137
A ful sevanti che,positive,neutral,0.0431,0.9137
Yaar Shu Shbdo Che Song na...👌👌Dil ne touch thy gyu ho Aa song...❤️😍😍,positive,negative,0.0432,0.9137
Suppr sogs Jiganes bhai,neutral,negative,0.0432,0.9137
Ab batao kahan hai hindu muslim ? Sirf media ne dimag mein jehar bhar diya hai logo k.,positive,negative,0.0432,0.9137
Aaj Maja chhe aapda prachin garba ni Hu pan mara performance ma avaj prayaso karu chhu,negative,neutral,0.0432,0.9136
Kirti mama full moj ma peli var aatla dance nd garba karta jova malya 👌👌👌😜😍,neutral,positive,0.0432,0.9135
Nice but ama only hing no j vaghar karyo! Lilo masalo & jeeru thi thai sake vaghar? & aa bhaji & kela na bhajiya upload karjo,neutral,positive,0.0433,0.9135
Third class desi bhasha kem bolo cho acting karo..Bhavini Ben😮,neutral,positive,0.0433,0.9134
"Hai ma mogal jigarbhai ko duniya ka sara sukh Dena 
Jaii ma Mogal 🙏❤️💜",neutral,negative,0.0433,0.9134
Bhavana masi tame pan khub kam karo cho tamne jara pan alass  nathi kam karva ni..,negative,neutral,0.0433,0.9134
Pear soft hoy,negative,positive,0.0433,0.9133
Jaydipbhai jaldi thik hojai evi subh kamna jaldi film nu kam salu karo joi ne javu se 15 vars thi jindgi aor mot ke bis hu me kisi ko apani pida batana nahi sahata maf karana muje aapki picture dekhani he likh nahi parhahu itana  likhame ek ghanta lagta he sabd ma aamtem thai to mafi,neutral,negative,0.0434,0.9133
Ha Kirti ha,positive,neutral,0.0434,0.9133
Jordar tamari dosti,neutral,negative,0.0434,0.9133
Kala khatta gola kataste acha h try karna,positive,negative,0.0434,0.9132
Have aagal kai game ramvi che?,neutral,negative,0.0434,0.9132
Ajay devgan ki video me gate open kiya tha,neutral,positive,0.0435,0.9131
Mem aa masala ma limdi pan Nakhay che to test vadhu vadhi Jay che,neutral,negative,0.0435,0.9131
Bhai Jalsa Karo Jayantilal na creator ne bolaayo che to have Jayantilal ne pan bolaavo have yaar! Tamara break pachi please call Dilip Joshi first!!! Highly counting on it!,negative,positive,0.0435,0.9131
"HELLARO ek Anubhuti chhe.... it's the ""UNKNOWN"" behind dialogues, behind the music and behind the scenes! Abhishek na vaakya ma kahiye to .... je ""SHUNYA"" thai ne sarjan thaay evu kaik!!!",negative,positive,0.0435,0.9129
Khoob mast kitchen 7 05 Marathi,neutral,negative,0.0435,0.9129
Vimal ke Jay ho,neutral,negative,0.0435,0.9129
Ane s2 Kaye avshe 😢,negative,neutral,0.0436,0.9129
jd bhai 8-10 diwws uncle pase thi tuition lidha rakhse,positive,neutral,0.0436,0.9129
Maa 😭😭સોનલ મા,neutral,negative,0.0436,0.9128
Niche lakhalu hase,negative,neutral,0.0436,0.9128
Ha barot Ha Jay meladi,neutral,negative,0.0437,0.9127
3 saath me bahat achhe lagrahe ho ❤❤❤❤❤❤,positive,negative,0.0437,0.9127
supar song vikarm bhai Hepi navratri,negative,neutral,0.0437,0.9127
Jay ho ma...,negative,neutral,0.0437,0.9126
"I don't know why tamara millions ma follow haji kem nathi thaya
Minimum you guys deserve is 10M",positive,negative,0.0437,0.9126
Vikram bhai Kem cho,positive,neutral,0.0437,0.9126
"9:42 
Sarikadidi usko 
""Vastrika pranayam"" 
Bolte hai 😊",positive,neutral,0.0437,0.9126
Bhanubai mane tame malvu 6. Hu mahesana no chhu,neutral,negative,0.0437,0.9125
Dhanan bhai next live show kyare che eagerly waiting for your show 🥺🥺❤️❤️❤️❤️💝💝💝💝💝,positive,neutral,0.0438,0.9125
E mne bhu gme che hoka,negative,positive,0.0438,0.9124
Sarika didi tamara beby shu khvdavo cho ke bdhu khayleche  maru beby kay jmtoj ny,positive,neutral,0.0438,0.9124
"Non-bengali ho kar bhi aap ""Bhoger Khichuri "" ke liya research bahat accha kya hai ma'am Darun hoyeche Bhoger Khichuri ❤ But some mistakes: 1) for making bhaja masala _ add fennel seeds (saunf) half of coriander and cumin seeds . Not equal ❌ and if you want then in that bhaja masala you can add little bit Mace (jaytri ka phool), though this is optional. 2) Never use RAW PEANUTS in Bhoger Khichuri ❌ before use fry them as like cashew and raisins. 3) Don't need jeera / cumin in foron , only add ""panch foron"" and other masalas which You added. 4) Last but not the list , You can add chopped fresh coconut or dry coconut (khopra) {before use fry them } 5) Somewhere water also use one time in Bhoger Khichuri not add repeatedly. But this is totally optional. বাদ বাকি সব ঠিক আছে , ভোগের খিচুড়ি দারুন হয়েছে 😋😍 Happy Durga Puja .",positive,negative,0.0438,0.9123
"sarke sarke chunar - no where harmed, exact day joy ne upload kyru ho tme 🤣🤣",neutral,negative,0.0438,0.9123
❤❤❤🎉🎉khure Khar jyare Man akalay tyare aa bhajanmesub sambhalu aetale Man Ne Santi Male aeva aa avaj MA Bajan Ni Maja Che Bhai 🙌🙌❤️🎉⭐,positive,negative,0.0438,0.9123
Ha tamari vat,neutral,negative,0.0439,0.9123
Please tame kahesho me aa badhi gujarati movie kya jova malshe?,negative,neutral,0.0439,0.9122
Mam to kya colour change nhi hota kela k vajah se??,neutral,negative,0.0439,0.9121
Public jovu hoy to valasan navratri 2025 vikram thakor no video juo.....,neutral,negative,0.044,0.9121
A'bad ma bov banave che gotala Dhone banave che,neutral,negative,0.044,0.9121
Shree Raj Rajeshwari Vihat Meldi Mataji Ni Jai Ho ❤,neutral,negative,0.044,0.9121
Hum dil de chuke sanam teri kasam 💝💝💝,neutral,positive,0.044,0.912
Sarika ne frozen solder thayu hoy avu lageche❤mne same problem hato,positive,neutral,0.044,0.9119
Tamari rasoi best chhe Ane saras samjavo chho Mane ketlu vyakti mate banavo chho te samjavo Ane Sadi khichdi Mane batavo,negative,positive,0.0441,0.9119
Kirtidan sir kya baat Jay mogal ....Dev Ahmedabad vado,negative,neutral,0.0441,0.9118
Sagardanbhai no Wait kryo akha video ma but emno varo j naa avo yar 😅..Miss thay gaya yar ..Su awaj che emno next generation mate.....,negative,neutral,0.0441,0.9117
Medam Kokam na hoy to su levnu,positive,neutral,0.0441,0.9117
Aaje mjaa naa aayi bv khechyu hoi evu laag,positive,neutral,0.0442,0.9117
Jis car me aap baithe ho whii car hi acchii h😇😇,positive,neutral,0.0442,0.9117
Tame loko a peli ne bau bolva j na didhi 😅,negative,neutral,0.0442,0.9116
🥰aa koi movie nu song che k?,positive,negative,0.0442,0.9116
khub khub subhkamna KD❤ & Nisha ben,negative,positive,0.0442,0.9115
Sarsh jignesh bhai,negative,neutral,0.0443,0.9115
Kalatamk tarike se naye naye menu ..test ...mehnat...idea...wah Maja aa gaya ...,neutral,negative,0.0443,0.9115
Jày mataji,positive,neutral,0.0443,0.9114
Vah rasmitaben Jay mogal,neutral,negative,0.0443,0.9114
"Sarika ben sandya thi jale che aevu lage che...
Sandya ne rakhi bandhi to biji biji baju video lidho aemno lidho j nahi",positive,neutral,0.0443,0.9114
Jamnager na nehaben panipurivarajeva j sandhyaji lage che demjave ava j che sandhya ben,neutral,positive,0.0443,0.9113
Sach jai hind bos 😅❤,negative,neutral,0.0444,0.9113
LATENT VADA BANE GUJARATI BHAIYO NE BOLAVO JE AANKHE NI JOI SKTA . SHAH AND BHANUSHALI NE,positive,neutral,0.0444,0.9113
Alya bhai Gujarai film to thik chhe pan aa sauth ni heroin kya thi upadi laya selute chhe bhai director ne 😊,negative,neutral,0.0444,0.9111
Mast chai masalo banavyo mem masala fine Quality na Che,positive,neutral,0.0444,0.9111
Hu mataji ne prathana karu ke amaro ji ganesh kaviraj haju pan aagal vadhare.,neutral,negative,0.0444,0.9111
Khubaj saras,positive,neutral,0.0445,0.9111
Vijyaben ni gayki ne salam chhe real santvani,negative,neutral,0.0445,0.911
"Have to 
Kung-Fu Clutch Master ,
Snax Gaming,
Sc0ut,
Lolzz, 
K18,
AjjuBhai(Total Gaming),
Ne bolavo Yaar",negative,positive,0.0445,0.911
Bhargav  bhai  no voice  Pratik ghandhi🎉thi bov similar  6,positive,negative,0.0445,0.9109
game avu lockdown tthyi jay pan tamara ghare vadi  nu frees sabji malse,neutral,negative,0.0446,0.9108
Amara gahu niche thi bhina thai gaya hata ytame pan check Kari lejo,positive,neutral,0.0446,0.9108
Ved vyaas Bhagwan Sanatan moxdharm na sthapak chhe Ane haal pan moxdharm chalavi rahya chhe.mera bharat mahaan.❤❤❤❤❤,negative,positive,0.0446,0.9108
Ha jignesh barot Ha❤❤❤,positive,negative,0.0446,0.9107
Jai chathi maya,positive,neutral,0.0446,0.9107
Ha mara mota bhai jignesh barot,positive,negative,0.0446,0.9107
Sachivat mre pan do ratan che. Sab bhar. jaye tab santi mahol chahiye bas,positive,negative,0.0447,0.9107
Vah Dan guru Tamari Janetane dhanse,positive,negative,0.0447,0.9107
vikram bhai I miss you,neutral,negative,0.0447,0.9107
Kirtibhai tme smajdar Thai ne avi mashti Kem kri fridamir shte aa saru n Lage tmne sobha n Lage frida ne hta vo,negative,neutral,0.0447,0.9107
Vikram Bhai rakheval tyare avse,negative,neutral,0.0447,0.9106
Action - Dialogue- music&song- story badhu no.1 lage se South na film jevu akdum maja aavse,neutral,positive,0.0447,0.9106
Jayshreekrishna  tamaro parivar bau ja saro che😊,neutral,positive,0.0447,0.9106
Keri no rash frozen kryo hato tenu su thayu?,neutral,negative,0.0448,0.9104
Mast ho bapu 🤙,positive,negative,0.0448,0.9103
Hu pan tamari rite j bnavu chu.,negative,neutral,0.0448,0.9103
Mai to jarur बनाऊँगी,neutral,negative,0.0449,0.9103
Vikrambhai tamara film Patel ni patelay ane thakor ni khandani Ek radha ek meera Rakheval Upload karo plz,neutral,negative,0.0449,0.9103
Vah MAAN Wah Moj Baki tare to jalso che #amegujju,positive,negative,0.045,0.9101
"Mera to har baar galti se hua hai, kabhi jan bujkar nhi kiya! 🥲😂",neutral,negative,0.045,0.9101
Ame joyu...mast mast chhe,negative,positive,0.045,0.91
Mustard oil nakhvanu hoi,neutral,positive,0.045,0.91
Ese song nahi hone chahiye chocolate khane ka man kar jaata hai,negative,neutral,0.045,0.91
saru lagu ke sandhya  ben pan sarika ben  ni jem family ma atech thava lagya ae bas kayam avi rite j jode raho,neutral,negative,0.045,0.91
🙏Jay Hingdaj maa 🙏,positive,negative,0.045,0.9099
vikram bhai kya chho anandma,negative,neutral,0.0451,0.9098
Bhai tari bhegi haju aaj team chhe??,negative,neutral,0.0451,0.9098
Khichdi Tv per pachi start karo old episode,negative,positive,0.0451,0.9098
Ha maldhari ha 😊,neutral,positive,0.0451,0.9097
Jay ho Vikram bhai,neutral,negative,0.0452,0.9097
supar hit jase bhai,positive,neutral,0.0452,0.9097
vikram m thakor aa song RDC gujratima upload karjo hit thase,negative,positive,0.0452,0.9096
jay ma mogle,negative,neutral,0.0452,0.9096
Haas has ke pagal honge hum...,positive,neutral,0.0452,0.9096
Panja salam shu chhe?,neutral,negative,0.0452,0.9096
rajasthani ma pan ek aavu j song chhe,neutral,negative,0.0452,0.9096
Krishan be minit jova mliyopchi sonal Ben koy jova nthi mlta,negative,neutral,0.0452,0.9095
Jignesh barot hit song mane gamyu,positive,neutral,0.0453,0.9094
"Sir, Jayesh More ne bolavo ne The Lavari Show per..",negative,neutral,0.0453,0.9093
Bahuj sars bhajan gayu che,negative,positive,0.0453,0.9093
Jai I beli,neutral,positive,0.0453,0.9093
Tamne su vandho se,negative,neutral,0.0454,0.9093
Viky bhai mast video 📸,positive,negative,0.0454,0.9093
Jay maa mogal daya tari,neutral,negative,0.0454,0.9092
Membership le lo Guys … Video ne Niche ya side par “JOIN” ka button dikhe to click karke aa jao.. special perks add kar diye hai members only section mein ❤️🫂,positive,neutral,0.0454,0.9092
Jay. Shonal. Ma,neutral,negative,0.0454,0.9092
"AA JATI REHJE MALTU NATHI BHAI

⁉⁉⁉",negative,positive,0.0455,0.9091
jordar garba se,neutral,negative,0.0455,0.9091
Kavita ji main aapka pahla viewer hu mere comment ko pin kar do,neutral,negative,0.0455,0.9089
"Bhavna masi,maniye che ghar ne saaf safai hovi jove pan thoda rupaya kharche bija Urban company or na jove toh 2 dikra Jay  & Hardik bhai pase ghar chandav or any cleaning in house karavo. Tame dharo toh badhu kari shako.I'm sorry but u elder just like my mother in law.🎉🙏",negative,neutral,0.0455,0.9089
વિક્રમ ભાઇ લોકડાઉન માં જે બધા કલાકારો એ short ફિલ્મ બનાવીને મનોરજંન કરાવ્યુ એ બદલ તમારો ખુબ ખુબ આભાર.....તમારો આશીક પ્રફુલ ચોહાણ નંકળગ આશ્રમ પુનાદરા જય બાબા રામદેવ 🙏,negative,positive,0.0455,0.9089
"are bhai autotune use kri kri ne views aayva chhe
baki yad chhe ne -""ok,chup ho jati hu"" - search kri ne joy lejo",neutral,negative,0.0456,0.9089
"Bhaiiii next guest Rajesh Ahir ne bolavo yarrrrrrrr... A have australia ma pan dhum machave che navaratri ma amna soothing voice ma ❤🎉❣️🤫🤫🤫🤫🤫😍🤫😍😍🤫😍😍😍💫😍💫😍💫😍😍💫🫠🫠🫠
Please please please please please please please please... Tame Tamara fan nu nhi mano yar....",neutral,positive,0.0456,0.9089
MA Sonal MAA,neutral,negative,0.0456,0.9088
Ha jiga bhai moj moj boom padavi dithi apde pura gujrat ma,neutral,negative,0.0456,0.9088
Gov seat vadhe to kevay jetli vadhe ae private vadhe che,negative,neutral,0.0456,0.9087
Bhavnagar no chu lya... 🤣🤣🤣,positive,neutral,0.0457,0.9087
Mehul Thakor Jay Matej,neutral,positive,0.0457,0.9086
Hello mam please make a video on how to use cast iron appe pan,positive,neutral,0.0457,0.9086
Jay ambe........ Jay ma mogal,neutral,negative,0.0457,0.9086
Hamesha shiv nu nam mukha ma hoy ane avi chokri yo vhche nache te sau n khevay,negative,neutral,0.0457,0.9086
ha vikaram bhai,positive,neutral,0.0457,0.9086
Vikram thakor moj moj 😊😊😊😊👌👌👌👌👌VAT Na thay Supperrr se bhi uppparrrrrr bhakkkam,neutral,negative,0.0457,0.9086
Jignesh Bhai koi song banavo,negative,neutral,0.0457,0.9085
moj padi didi ho jiganesh bhai,neutral,negative,0.0458,0.9085
"બેન pineapple નો મઠો( થીક શ્રીખંડ નહીં, પાતળો મઠો) અને walnut હલવો બનાવતાં શીખવજો ને.",negative,positive,0.0458,0.9084
"તદ્દન નકામો scene અને જે original પિક્ચર નો meaningful મેસેજ છે એ જ નથી આમાં 😓. સુપ્રિયા પાઠક, કેતકી દવે, રત્ના પાઠક, ભામિની, માનસી, રિદ્ધિ દવે, યશ સોની જેવા એક્ટરો લેવા જોઈએ.",negative,positive,0.0458,0.9084
Jay Ma vihar Ma,neutral,negative,0.0458,0.9084
"Aap sirf ras hi storage karte ho 
Matter corn aur bhi vejitable store kar sakte hai",neutral,positive,0.0458,0.9083
Ha kviraj ha tmaro experience,positive,negative,0.0459,0.9082
Chokrav nathi etle bane masi & sandhya saf safaee kare che Kam ma busy thaee jay toh ghar Khali Khali n lage sandhya n ultanu sikhadave che masi sarika n pan sikhdavyu etle sarika allrounder che nice vlog,negative,positive,0.0459,0.9082
"Kya hai bhai ye and kyu hai ye ?
Laughter was purely missing in this..",neutral,negative,0.0459,0.9082
Naha lagdi Teri dito mane sodi,negative,neutral,0.0459,0.9081
"That ""merko khelna hi nahi hai yarr"" was hilarious 😂😂🤣",neutral,positive,0.0459,0.9081
maa to maa se,positive,negative,0.046,0.9081
Aavi biji film bnavone please 😅😊,positive,neutral,0.046,0.908
Please upload shu thayu full Gujarati movie in YouTube,negative,positive,0.046,0.908
Mast Card rice bnayi hai 👍👍❤❤,neutral,negative,0.046,0.908
Khatu pani badha rakhe ae jain che to pan rakhiye,neutral,negative,0.046,0.908
"S
Bhabhi j.bhai ni seba karo..
Karo j cho badhani seva...pan have vadhare j.bhai ni karo",neutral,negative,0.046,0.9079
Kon Kon Bhavin Bhai No Fan Che Attendance lagavo . .,negative,neutral,0.046,0.9079
Aa muvi jovu che aani lika che ke,negative,neutral,0.0461,0.9077
Hooo mere sine ki dhadkan jo tu ban gaya mahiya mere mahi jaaniya dil jaaneeeeeeeee mahiya mere maahi jaaniya dil jaani kina soda tu soda tu haan 😍😍😍😍😍such aapse soda koi nahi,positive,neutral,0.0461,0.9077
Khub j saras song che.bhavin ane priyanka banne ae khub j saras abhinay karyo che.,negative,positive,0.0462,0.9077
Bhai ahmedabad ma aa song last ma me gavdayutu tamne yaad che?,neutral,negative,0.0462,0.9076
Bhavnamasi vlog ma jyare hindolana darsha muko tyare tamara avaj ma hindolanakirtan mukjo,neutral,positive,0.0462,0.9076
JIGNESH BHAI KE FREANDS YAHA PAR LIKE THOKO 🖕 ....,negative,positive,0.0462,0.9076
Mast dance hai,positive,negative,0.0462,0.9076
NISHA BAROT AE TO AAKHA GEET NI PATHARI FERVI NAKHI AAVDTU NA HOI TO AAVTA NA HOI TO,negative,neutral,0.0462,0.9075
Ha. Moj. Ha👌,positive,negative,0.0462,0.9075
Khubj saras...joinej testy lage chhe😮,neutral,positive,0.0463,0.9075
Kamlesh ane kajal,neutral,negative,0.0463,0.9075
Ha bhai Aa dosti nahi tute.Ha,neutral,negative,0.0463,0.9075
ગુજરાત મા એક જ સુપર સ્ટાર છે વિક્રમ ઠાકોર બેસ્ટ એક્ટર એંડ singer ફુલ સ્પોર્ટ્સ Jay mataji ha ha tiger ha,positive,negative,0.0463,0.9074
Idali  athavali  hoy,negative,neutral,0.0463,0.9073
Are Mara Bhai shupppr yaar joor ho,negative,positive,0.0463,0.9073
Mam tmaru name su 6,positive,negative,0.0464,0.9073
"Its such a fun episode. Why there's so much trolling. In the context of the show, this much is not really below the belt as well. (Gujju morality ke shu) 
Abhishek definitely is looking far more nervous than egoistic. 
May be the youngsters are too chhui mui😜Dilli bhejo inko🤪",positive,negative,0.0464,0.9072
Radhe Radhe Didi...🙏🙏🙏 Apnar bangla balar style to gazab 😂😂 Bhoger khichuri....sotti jibhe jol chole aslo..... Radhe Radhe Jay shree Krishna 🙏🙏🙏🙏,negative,neutral,0.0464,0.9072
Jay ho Kirti bhai 🙏 Jay mataji 🙏,positive,negative,0.0465,0.9071
Kya baat hai jiga bhai bewafai naj song gava ma che,neutral,negative,0.0465,0.9071
Thumbnail ma sairam dave hoy ne evu lage che 🤣,negative,neutral,0.0465,0.907
Supar song che bhai 🤗👌👌👌👌👌👌🖤🖤🖤🖤🖤🖤🖤,neutral,positive,0.0465,0.907
Wao ......kitne pyari h apki didi❤,negative,positive,0.0465,0.907
"Bovj thaklif pade Che Hong Kong china non vage made 👍ame to ghar  thi  Electric cooker lai  Gaya hata tema dad Bhat sabji Bhajipav banavta 👍dad Bhat nu mix packet made sem ghar Jevo test 👍10,000 rupya thaya hata Nasta na packet bhakhri thepla na packet 👍naa lai Gaya  hot to return aavu padat 👍",neutral,negative,0.0465,0.907
Ha Kavi k dan ha,negative,neutral,0.0465,0.9069
Jai masih di,neutral,negative,0.0466,0.9069
Have you stopped making new videos?,positive,negative,0.0466,0.9067
Mumbai ma release thase ? borivalli ma gujarati peoples bau che,negative,neutral,0.0467,0.9066
Hun Vadodara thi apeksha tumhara block khasa time to Jodhpur❤,positive,neutral,0.0467,0.9066
Kai hasvu nathi aavtu,negative,neutral,0.0467,0.9066
"Bvj srs resipi  btavi  shaak pn bvj svadist bnyu, hu pn aaj ritthi bnavu chu pn hu prvl ma msaalo bhri ne dsek mini tpeli ma pani rakhi upr chaarni rakhi  bafi ne pchi vdhaar kru chu",neutral,negative,0.0467,0.9065
Vary nice Recipe aap ne toh kamaal kar diya❤❤❤❤👌👌👌👌👍👍👍,neutral,positive,0.0468,0.9065
Jordar ho Baki 😅😂,positive,negative,0.0468,0.9064
Khub Saras .. which brand of kashmiri powder you use  ? Plz reply,positive,negative,0.0468,0.9064
Too many abrupt cuts - takes it away from the whole story line.,negative,positive,0.0468,0.9064
Jor jignesh bhai,neutral,negative,0.0468,0.9064
Sandhya ji ne poni tail karta half poni anthava khulaa hair saras lage che😊,negative,positive,0.0468,0.9063
Jay Maa soanaL,neutral,negative,0.0469,0.9063
It feels like Om ghrethi joke gokhine ave chhe. First he did it with Shital Joke and then roondhar dhoo joke. Dekhai avyu k ghre banvine jabarjsti relevant reva rakheli joke hti. Bilkul natural nai lagyu. Om need to improve,neutral,positive,0.0469,0.9063
First time seen k ladu ma tal n kopranu chhin pan nakhi shakay 😊after all nice recipe thanks for sharingn by the way ganesh chaturthi kyare che? Ahi usa ma to calender vagar kasu khabar na pafe😅,positive,neutral,0.0469,0.9062
Mi iPhone and I will get back to you on your exams to nahi Full ut Tahrir hi nahi hai to go back to you on Monday morning 😮😅😅😅,negative,neutral,0.0469,0.9062
Ha moj ha...,neutral,positive,0.0469,0.9062
But sandwich vala ye tava to nahi hai mere pas..aur tava pe to hota nahi hai..khul jata hai,negative,neutral,0.0469,0.9061
Jai maa ambe jai radhe krishna jai sri sita ram Jai maa kirtida,neutral,negative,0.047,0.906
Aava Vahiyat jokes martaa pela thodo vichar Karo ke tame Surat ni tamam 6okario vise vat Karo 6o . Tamara vadodara ni 6okario tk drugs na case ma gani badhi pakadai 6e😊,neutral,negative,0.047,0.906
રણુજા વાળો તમારી રખેવાળી કરે full saport,neutral,positive,0.047,0.906
Kirtidan charan bhai charan samaj no tama ariso cho kawali bolvanu bandh karo,neutral,negative,0.0471,0.9059
Aa bhai che kon Koi pan kheladi ne personal comment na thay aetli khabar pade che,negative,neutral,0.0471,0.9059
Ha kirtidan Gadhavi ni moj Super Hit Tahukar Jay ma amba ji.. Jay mataji...,negative,positive,0.0471,0.9058
Jamta j jou chu @chirayu  😂❤,positive,neutral,0.0471,0.9058
Jem bollywood  no singer arjit sing aem aapdo Gujarati bollywood no pan bap jigar+dan gadhavi 1 no...........,positive,negative,0.0471,0.9058
Bhumi di bolavo have india 😊,positive,neutral,0.0471,0.9058
hu methi na thepla banavu chu to thepla tel vada ane kada padi jai che kem aam thai che khabar nathi padti to tame batavo kem aam thai che,negative,neutral,0.0471,0.9058
Bhavin aap itni cute videos mat dala karo bhavsena dekhte hi pigal jati hai🙈🥰😘,neutral,positive,0.0471,0.9057
Saras che bhaii ✌️👌.....Jay Shri Krishna,neutral,positive,0.0472,0.9057
Bhai bhai full song kyare aavse bhai jordar song vikram Bhai thakor full support,neutral,positive,0.0472,0.9056
"Hello Jaydeep, pls tell, what did Aunty finally do with the mixture? Did she just mix it and put it under trees for ants or did she cook it? Finally ee mixture nu su jarwanu chhe, please Kyo ne bhai 😊 thks",positive,negative,0.0472,0.9056
Bh jadeja હા ભાઈ તારોવટ,neutral,positive,0.0472,0.9055
"Hello jay shree krishna bdha ne 
Tmara video bovjj mast ch and bhuli didi n kejo pasa Ak var ave rokava kem k e jyre bhi ave ch to Jaydeep bhai sathe majak masti kre ch a amne bovjj gme ch and ha tmara family member bdha bovjj sara ch specially masa n Masi e bhi bovjj loving caring ch koy sathe kay bhed bhav nathi rakhta Aam j revu joye bddha n Mali n and ha mai aje j tmaro Juno video joyo kanu m Jaydeep bhia navravta ta n Sarika didi song gayu tu n e mn bovjj hsavu avyu tu ama tm bhi Jojo 168 ma vlog ch shayd and 10 April n 2023ma ch bov srkhu nthu joyu mai but mn tamra juna video jova ni bovjj Maja Ave ch  ❤",negative,positive,0.0472,0.9055
ખરે ખર બાદશાહ તો બાદશાહ જ કેવાય હો Nice song Thakor Saheb,neutral,positive,0.0473,0.9055
Aa movie bove vach Mast che plzz badhaa loku aa movie joi lau ❤❤❤,neutral,negative,0.0473,0.9055
👌👌nice ma'am !,positive,neutral,0.0473,0.9054
Bhumi di nu ghar bo mast chhe ema pn sarika di Jay etle kai ghate nai,neutral,positive,0.0473,0.9054
Maari maa mane khubj yaad aaveche,neutral,negative,0.0474,0.9053
Hit jase song Jigabhai n Kirtidan bhai,positive,negative,0.0474,0.9052
Bhai helicopter ne start rickshaw jevu kari mast edit karyu che,positive,negative,0.0474,0.9052
"Sorry manan bhai, aaje meeting ma thi vellu javu padyu 😅🤌",positive,neutral,0.0474,0.9052
Dil baag baag ho gaya🌸🏵🌹🍁Ek pachhi ek...Jigrra e to varsad ma badha ne bhinjavavanu nakki karyu chhe❤ Ane sathe Musicwala  hoy pachhi to kehvu j shu💯,positive,neutral,0.0474,0.9052
Ha jignesh kaviraj ni moj ha Super song vala,negative,positive,0.0474,0.9052
Jay Mogal Ma Kirtidanbhai khub sundar new Song,neutral,positive,0.0474,0.9051
Lazawab che ❤,positive,neutral,0.0474,0.9051
Vah કવિરાજ વાહ જોરદાર.....songas કાય ના ઘટે ભાઈ,neutral,negative,0.0474,0.9051
Khub saras 👌 saras mast mouth watering,neutral,positive,0.0474,0.9051
Jiga bhai gajab Moj aapi didhi 😊😘😘😘,negative,positive,0.0475,0.9051
મારી મમ્મી નુ નામ પણ vasanben છે તે પણ બઉ મહેનત કરે મારા મમ્મી ના ઘરે ના નારિયેળી છે t પણ મલાઈ કાઢી મને મોકલે,positive,negative,0.0475,0.905
Vapi wado show nathi upload thava no ?,negative,neutral,0.0475,0.905
Ame pn math khai ne jagran kryu che ....amdavad ma mast nanpan hatu,negative,neutral,0.0475,0.9049
Hu aa gurukul ma j stady karyu che danev dham ma,neutral,negative,0.0475,0.9049
"Hji niche jai 6..su karu!!
To rendo phir😂",neutral,positive,0.0476,0.9049
Sav dhilo lot bandho to thay chhe.ka to vani ne seko roti maker ma to saras sekay chhe.thodi jadi rotali bane chhe.pan bane chhe.,neutral,negative,0.0476,0.9048
Ha જીગા હા,positive,neutral,0.0476,0.9048
Jai jai Mogal,neutral,negative,0.0476,0.9047
મમી તું મારા જોડે પાસી આવીજા હવે મુ તને સારું રાખતો હતો એનાથી પણ વધારે સાચવીશ ધ્યાન રાખીશ મમી તું પાસી આવીજા તું જીવતી હતી ત્યારે મને બહુ ગમતું હતું હવે મારા માથા ઉપર હાથ કોણ મુક છે મને બેટા બેટા કરી ને કોણ કે છે તારા વગર મને કોઈ બેટા કેવા વા રું આ દુનિયા મો કોઈ નથી તારા જેવું રાખવા વા રું મને આ દુનિયા મો કોઈ નથી મને કોઈ બેટા નથી કહેતું ખાલી તુજ હતી મમી મને રોજ બેટા કેહતી હતી હવે કોણ મને બેટા કે છે તું સોડી ને હતી રહી મને નથી ફાવતું પાસી આવીજા મારા જોડે હવે મુ કોને રમાદિસ હવે અમે કોને બબુ કહીશું મારા થી જે ભૂલ ચૂક થઈ છે મને માફ કરી દે મમી સોરી મમી સોરી miss you મમી 😂😂😂,negative,positive,0.0477,0.9047
Bhui saras bnayu,positive,neutral,0.0477,0.9047
Zindgi have puri tahi gyi.,negative,neutral,0.0477,0.9046
Ohhh bohot din baad 😍,positive,negative,0.0477,0.9046
"This is actually how the content should be, not based on vulgarity that usual standup people and also not based on so called “very good boy”, a perfectly balanced show with fully of fun. Hats off to entire team, and keep it going.",negative,positive,0.0477,0.9046
"Are ben comment na reply apo

Video Views thai chhe tyre tmne income ave chhe to 
It's ur duty to gv rply every comment plz",neutral,negative,0.0477,0.9045
Hi hu armanchu,negative,neutral,0.0478,0.9045
Ha may all bro thakor,negative,positive,0.0478,0.9045
Video MA filtars No US na karo original cooler reva do,neutral,negative,0.0478,0.9045
Keri nu athanu khava thi vitamin B12 no ghate etle pele thi athana khata loko..,negative,neutral,0.0478,0.9044
Lasan sathe milk Lai sakay,negative,neutral,0.0478,0.9044
Sarika or bacche aaye to Sandhya bahut khush ho gai 👌👌🥰 jay shree krishna 🙏🙏🙏🙏🙏,neutral,positive,0.0478,0.9043
Juban se na utare matlab atak jayegi issi cheez kyu banani bhai😮,negative,neutral,0.0478,0.9043
Ha jiga ha 4:57,neutral,negative,0.0478,0.9043
Supper vikaram bhai,positive,neutral,0.0478,0.9043
"Aap bhi to late aate ho 
Bhot wait karvate ho
Chocolate boy 😌☺️😍😍",neutral,positive,0.0479,0.9043
Jay sonalma song sabhali ne ankhoma asu avigaya😢 Dil thi salam kirtibhai ❤,positive,negative,0.0479,0.9043
Koni pase ketli property che .....e aa sarkar ne chek karvi che ....bs .. aaa sarkar koi ni nathi sirf business men ni che,negative,neutral,0.0479,0.9042
"Jay Dwarkadhish 🙏🏻
Jamiyu jamiyu have maja aavi 👌🏻✨",neutral,positive,0.0479,0.9042
Mu Jane love karta hato ana jore meraga pan karya me sukhi zindagi jivto hato pase mari wife a bija boy jode lafaruu kar yu anna thi vadhar dukh su hoy ko,positive,negative,0.0479,0.9041
Congratulations ભાઈ આતો મોજ આવી જોરદાર હિટ મોગલ કૃપા,negative,positive,0.048,0.9041
Ak muh se bi etana bolte ho to bo diye hote to kitana bolteee,neutral,negative,0.048,0.9039
Hello mam main bhi housewife hun main bhi cooking ka video banati hun per Meri video Koi Nahin dekhta mam please help me,negative,neutral,0.0481,0.9038
Tanki uper plastic  muki ne dhaknu bandh karo saru rahse,positive,neutral,0.0481,0.9038
Khub saras ricipe,negative,positive,0.0481,0.9038
Jodha Vikram Bhai 😎😎😎,neutral,positive,0.0481,0.9038
Ha bhai kadak,neutral,negative,0.0481,0.9037
Gym 🏋️‍♂️ 💪 🏋️‍♀️ bandh kri do have..,positive,neutral,0.0482,0.9037
WAH GADHVI WAH !!!!! JAI MATAJI !!!!,positive,negative,0.0482,0.9036
Jay shree krishna 😊 sandhya ei bov mast decorate kairu kem hardik Bhai sathe vaat nathi kartaa ??anddd BA bov mast Lago Cho dress maa❤!!,negative,neutral,0.0482,0.9036
I think end pe jo pahele song tha vo sai tha😊,positive,neutral,0.0482,0.9036
Gurjarina gruh kunje dhanyavad aall singar🙏🙏,neutral,positive,0.0482,0.9036
"Song is wrong because the write line/song is ""bolo zubba kesari""",positive,negative,0.0482,0.9035
Good morning.mai ajij pulva kadij banviti. 👌Juli che.new julo gare rakho.sarikabhabhi 👌👌rotla banvo cho.pan avdta nathi. Tavdi to Chetan avdta nathi rotla.kantola nu Shak moklo.good morning.👌👌👌👌👌👌dicorisan karyu sarikabhabhi.hizu&kanishik  ni kitlo harkh che hindor no. kem na aviya help karva. 👌👌👌👌👌👌👌👌👌👌👌👌👌kanaji hata.jay shree Krishna. Bhuj saras dicorisan karyu che. Sandiyabhabhi &hardikbhai kaya gaya che aji vidio ma Nahi dikhta. Bhuj maja avi vidio ma.ok by jay swaminaryan.,neutral,positive,0.0483,0.9034
Supar hit bhai supar,neutral,positive,0.0483,0.9034
Nucleya is gujju ? 😮😮,neutral,positive,0.0483,0.9034
Ab aapne kah diya h to try to karna he padega ❤,negative,neutral,0.0484,0.9033
Jay Shree Radhe Krishna❤️❤️🙏🏻🙏🏻,negative,positive,0.0484,0.9032
"He isn't funny at all, lol. He's the cringiest one in Tanmay's reaction videos. Tanmay is pretty cringe too.",positive,negative,0.0484,0.9032
❤❤❤❤jay shree krishna❤❤❤❤❤,negative,positive,0.0484,0.9032
Kaha kaha se ati hai aise harkate apke dimag me bhavin 😂,positive,neutral,0.0484,0.9031
Hejal sarika jevi hosiyar che jeni ma sarika how kay na ghate,neutral,positive,0.0484,0.9031
Jordar song and lyrics jignesh bhai and kirtidan bhai Jay mogal Jay ranchod rangila,neutral,negative,0.0485,0.9031
Supar hit bhai,neutral,positive,0.0485,0.903
Yummy 😋 kal mai banaugi,neutral,positive,0.0485,0.903
Vah kirtidan (શામળ) Vikram gadhavi rohadiya na jay Narayan,neutral,negative,0.0485,0.903
Aaje banawa no chu..,neutral,negative,0.0485,0.9029
Chinu bhaa ni raah kyar thi joi rahya hata have bhatkana..Waah👌😂,neutral,negative,0.0486,0.9029
"Yarr yeah pehele wala ladaka kon hai, bhai ek number maza aa gya yrr 😂😂😂",neutral,negative,0.0486,0.9029
Vikarm to vikarm n01 c6,positive,negative,0.0486,0.9027
Masalo ocho che😅🤣,neutral,negative,0.0487,0.9027
"Didi tme je patla lidha tema dhyan rakhjo
Vche thituti jay chhe",neutral,negative,0.0487,0.9026
Ghar ni andar 200 lemp chalu rakhi do etle garam thi ne smel jati rese.,neutral,negative,0.0487,0.9025
Aamnu Gujarati Pronounce and Accent banne SOBO na Mumbaikar ke ABCD karta ghanu saru chhe...!!,positive,negative,0.0488,0.9025
Tame kidha pachi mu ne mar bapa nu song sambhaliyu 😂😂❤😂,positive,negative,0.0488,0.9024
Saras movesh se,negative,neutral,0.0488,0.9024
🙏Jay banu maa 🙏❤❤❤❤❤❤❤❤❤,positive,negative,0.0488,0.9024
Wow.. maine kal hi banaye the❤❤❤❤❤,negative,positive,0.0489,0.9023
Saru kevay ke 10 hajar amare to 39 hajar aavyu,neutral,negative,0.0489,0.9023
"Chor gaye  pe tod gaye kardiya kkati raatein ki jagah raaste ho gaaye. 😂😂 Iss video ka title ""When you don't remember the lyrics but still have to make a video"" hona chahiye tha. 😂😂",positive,negative,0.0489,0.9023
"મારી માતાએ બેઉ જન્મયા એમાં હું નટવર નાનુડો ,
જગાડ તારા નાગને મારું નામ કૃષ્ણ કાનુડો .              ❤️Goosebumps ❤️",positive,negative,0.0489,0.9023
Tambe kem khabar padi ke mare pani puri banavani che bolo?,negative,neutral,0.0489,0.9022
Bhai harsh limbachiya ne bolavo gujju comedy writer,neutral,positive,0.0489,0.9022
Om namah શિવાય #parsotamrabari,negative,positive,0.0489,0.9021
Mavo. Jo aavo. Hoy to. Kathya. Vade. Kvo hoy. Mara. VAla,neutral,negative,0.0489,0.9021
"Script pan copy marwani...
Badhaj dialogue carry na ..
Khali gujarati ma bolwanu

Guys.. Carry minatis vidio is more entertaining and original...

Aa bhai ramawama pan copy mare ee chale
But bolwama pan script ? Ee pan copy? Bhosdo",positive,negative,0.049,0.9021
Lala rajma ho to kya kru,negative,neutral,0.049,0.902
Radhe Radhe ma'am nice recipy ma'am agar chilke waali dal se banana chahe to ye dosa bana sakte hai kya please bataye,neutral,negative,0.049,0.9019
Jaydeep bhai tame sharukh Khan jeva lago cho😊,neutral,positive,0.0491,0.9019
I made it yday .it turned out to be v tasty.I didn’t have rice flour . Even Wheat flour was not coarse. In lockdown it was worth taking efforts. Thanks,neutral,positive,0.0491,0.9018
Gujrati family ma ladies ni life kam ma j jati re but Jaydeepbhai tame ghana samjdar cho to Sarikaben ne tamari jem smart banavo because a jamana ni ladies bov agal che pachi 10 year pachi kids mota thai ane avu feel thai life ma su karyu ghar nu kam nakru tamare money ma problem nathi to kamvali 2 rakhi devani ane ghar ni ladies ne outside na work sikhe new kaik sikhe avu karavai,neutral,negative,0.0491,0.9018
Kapshicum kobich pn ave pav bhaji ma to mam,negative,neutral,0.0492,0.9017
Sarika ben to criket ni commentry aapta hoy aem bolta ta ho 🎉 super,negative,positive,0.0492,0.9016
Jaydeep bhai tame bolta bolta hasho cho etle same vada bichara hali jay ak page ubha ubha,negative,neutral,0.0492,0.9016
Su story che bro,positive,neutral,0.0492,0.9016
Jay shree Krishna Masi ane kaka ne 🙏❤️aje kaka na dekhaya atle suvichar pan na sambhalva malyo . Saras jamvanu banayu hatu goyni ne mate 👌😋fruit salad Gulabjambu chole puri athanu Gunda no sambharo . Bhai Gunda na sambhara ni recipe apjo.saras Mataji ni kripa thi Goyni pan saras rite jamaday gay 🙏Jaydeepbhai tame bov saras cinematic photography kari jordar bhai kevu pade 👏👏atla saras billa ana ful ani upar rasjarti Madhmakhi Khiskoli naliyeri taropa badhu batayu bov saras jordar photography Jaydeepbhai 👌👏bane bhai ni jodi ye varacha batayu saru lagyu 👍Heju ye saras cup cake banavi beta ❤️👌Kanu Heju ne maro lad ❤️❤️badha ne mara jay shree Krishna 🙏❤️,positive,negative,0.0492,0.9015
❤❤Hu Nila wah! Kirtidanbhai.. Wah!!!!!!!!!!!!!!!!! ❤❤,negative,positive,0.0492,0.9015
Hachi vat aenaj vichar aave se,negative,neutral,0.0493,0.9015
Sandhya na behaviour upar thi khabar pade ke e sara family ma thi avi che....ekdam occhhu ane dhimethi ...mannersthi javab ape che,neutral,positive,0.0493,0.9015
One important thing I learnt from the lavari show is to say someone without explaining yourself: “Eto evu”,negative,positive,0.0493,0.9015
Tarak mehta Serial No Question Kem Na Puchyo??????,neutral,negative,0.0493,0.9014
Jaydeep bhai tame Anil bhai cho mukesh bhai to Hardik bhai bani sake,neutral,positive,0.0493,0.9014
Bahuj mast chhe,positive,negative,0.0493,0.9014
"aa lockdown ma kai khavanu na made, Ma'am, thank you for the recipe.",negative,positive,0.0493,0.9014
Jaydeepbhai why don’t you put the chaas bottle in the cooler and also put bottles in the cooler and you don’t give have. to by one you already got one use it because the weather is also hot all you need is ice,negative,positive,0.0493,0.9014
ઘારી ભલે દુકાનની ખાવી પડે પણ તમારી રીત સામભલવાની ખુબ મઝા આવી. ખુબ સ્વીટ બોલો છો તમે. સરસ રેસિપી છે. અમે જરુર બનાવશુ. GOD BLESS YOU. 🙏🌹🙏MOST KINDLY TAKE THE COMMENT AS COMPLIMENT .,negative,positive,0.0493,0.9013
jay rama dhani,positive,neutral,0.0494,0.9013
Supar ❤bhai.jay shree.krshna,positive,neutral,0.0494,0.9013
"lavari na Badha episod ma common su che?
Ans - Sandas",positive,neutral,0.0494,0.9012
"Please improve the sound quality man, specially Manan's mic always hard to understand what he is saying.",negative,positive,0.0494,0.9011
jay mataji bhai khub saras o==[]::::::::::::::::> 🙏🙏🙏🙏🙏,neutral,positive,0.0495,0.9011
ગગન ગઢ રમવા ને આવો pls કાલે બને તો ગાજો,negative,neutral,0.0495,0.9011
💐💐Jay vihat meladi maa💐💐 🔱🐃🚩🙏🌸🌼🌸🙏🚩🐐🔱,negative,positive,0.0495,0.901
Lemon juice add sa mate?,negative,neutral,0.0495,0.901
Ha bhai bhai,neutral,negative,0.0495,0.9009
10 k Mari like thi thaya...👍,neutral,positive,0.0495,0.9009
Ha Gayal bhai,neutral,negative,0.0495,0.9009
Aelya chhokro bija no hase 🥱,negative,neutral,0.0496,0.9009
jaydeep bhai tamne sarika ben no bv sport che kem k banne no solder to sloder sarkhu che male che aetle hight bhale nani moti che jrak but  solder sarkha che aetle any time tmne aemno sport rahe che tam khub nasibdar cho,neutral,positive,0.0496,0.9008
Sound barobar nthi bass j nathi and volume aek dam oo6o che,neutral,positive,0.0496,0.9007
Amazon koi ras nathi,positive,neutral,0.0496,0.9007
Jay Mataji Jignesh Bhai bahut sara kis geet Banai Hui,neutral,negative,0.0497,0.9007
Congrates... અમે તો તમને રાષ્ટ્રપતિના હાથે એવોર્ડ લેતા હોય તે જોવા માંગીએ છીએ....,neutral,positive,0.0497,0.9007
Jay baldev giri bapu,neutral,negative,0.0497,0.9006
Aaje me Filling ready kri didhi chhe.. but kale bnave to chale ke?,negative,neutral,0.0497,0.9006
Sb hindustani   टीम  ne બોલાવો,neutral,positive,0.0497,0.9005
Baarish aur bhavin kya baat hai 😭😭😭,neutral,positive,0.0498,0.9004
Avu lage chhe ke Sandhya khushkhabri aapvani chhe .,positive,neutral,0.0498,0.9004
Are wahhh sir j mane game chhe a kam tame kari didhu waww nice supper dupper hit song,neutral,positive,0.0498,0.9003
Shirt bahoot mast hai price and address batao,positive,negative,0.0499,0.9002
Tame batavi te navivadise dines bhai,neutral,negative,0.0499,0.9002
Ben Aato Bahuj Swadist Lage Recipe 👌👌 Bahuj Gami Ben 👌👌🙏 U Ben 🙏🌹🌹,neutral,positive,0.0499,0.9002
WAH prakash jay goga Bhai,positive,negative,0.05,0.9
Bole to jakassssssssssssss,neutral,negative,0.05,0.9
Jaydip bhai  a badhay ne dhandhe lagadi didha che😂,neutral,negative,0.05,0.9
Pn tdiye tyre khuli jy che enu su karan,negative,neutral,0.05,0.8999
❤Jay sonal ma Jay mataji❤,positive,neutral,0.05,0.8999
"એક તો સામાન્ય અવાજ અને advance થાઉં ને ગાવાનું, જે ગીત સારું હોય એને પોતાની સાવ બોગસ રાગ રાગિણી થી ભંગાર કેમ બનાવવું તે કીર્તિ દાન સારી રીતે જાણે છે, એટલે વાહ કીર્તિ",neutral,positive,0.0501,0.8999
Jay mataji mitro,positive,neutral,0.0501,0.8999
Tmara aavaj ma dard chhe,negative,neutral,0.0501,0.8998
Tamara masaliya ma j garam masalo chhe te kayo chhe te janavasho pls,negative,neutral,0.0501,0.8997
Waah moj waah,negative,positive,0.0502,0.8997
Ae aavi ja upar...Vaju lay aavyo hoy to lay le..nahi to aem ne aem aavi ja❤❤❤ Jaydeepbhai Soni pratye to Kirtibhai no sneh joy khub Anand thay che 🙏😍🥳🎉,negative,neutral,0.0502,0.8996
TV channel lunch karo please,positive,neutral,0.0502,0.8996
મસ્ત SONG CHE😍,neutral,positive,0.0502,0.8996
Vijapur વંndna thriytar ma aavso vikram bahi.,negative,neutral,0.0502,0.8996
But bad mein to soft ho hi jaate Hain agar Bach jaaye to bad mein khana chaho to software aate Hain😢😢,negative,neutral,0.0503,0.8994
Jethalal ne lavo bhai have ae j baki che ...,positive,neutral,0.0503,0.8994
"Hello , maam main aapki recipe , ki video kayi salo se dekh rahi hun mujhe aapki video bahut, achhi lagti, hai jis, Tarah se batati Hain, aapka, bolna, sub bahut achha lagata hai.Thank you so much",negative,positive,0.0503,0.8994
bhai stream aavi nathi kal param divas ma ?? misss u bhai pls aavi jao jaldi gta stream vina rahevatu nathi,neutral,negative,0.0503,0.8993
Patel family 1 jula bhumi didi ke ghr per bej do bache khush ho jayenge,neutral,positive,0.0504,0.8993
Please organize the next Lavari Comedy Factory show in Gandhinagar.,positive,neutral,0.0504,0.8992
Jay ma vihat ma,neutral,negative,0.0504,0.8992
"Hi jai shree krishna  jaydeep bhai bov dat kadhavi chhe ane amaru family jove etle badhane dat kadhine pet dukhva made .


Very good vlog for family",neutral,positive,0.0504,0.8992
Hyyyy hum dil de chuke sanam teri kasam ki kasam hum tumhare ha sanam 💝💝💝💝,positive,neutral,0.0504,0.8992
Cleaning part jab dekhti hu tab feel hota h real home vibes aa rhe hain video mei 🏠😍,neutral,positive,0.0504,0.8991
વેરી ફાઈન pickles,positive,neutral,0.0504,0.8991
Acha bartan hai kavita ma'am🙂🙂👍👍,negative,neutral,0.0505,0.8991
Tme daily Kem nathi mukta,positive,neutral,0.0505,0.8991
bhai Vikaram Thakor Jevu Koi Nai Yaar,neutral,negative,0.0505,0.8991
Vikrambhai tamara aava old song gavaj joie toj kbr pade ke bhai haju 6e... gam na gitono betaj badshah,negative,positive,0.0505,0.899
Sad to seeing Firoz sir's Age down falling,negative,positive,0.0505,0.899
Tame Ukraine ni border par cho and Russia ni army attack kari rahi che🤣🤣,neutral,negative,0.0505,0.899
Jula khubj mast chhe darek nam sathe tenu smaran thayu te pan mahtv nu chhe.,positive,negative,0.0505,0.899
New film sokkas aavvani se 14 tarikhe,neutral,positive,0.0506,0.8989
Tame aagal batawela te samosa sindicate na hata e nai pan farsan wara ne tya male te,negative,neutral,0.0507,0.8987
Sizzler ni vat tame kari ae bov gmyu. 😅😅😅 Sizzler to scam j che. Badhu vadhelu garam kari ne aapi didhu em lage. 😅😅,positive,neutral,0.0507,0.8987
Raj gathvi ne bolavi do yarr have he's to good artist,negative,neutral,0.0507,0.8987
Anant na bhai nu maam Aakash che,neutral,negative,0.0507,0.8987
Ha Dosti no1,negative,neutral,0.0507,0.8986
Vay su Gayatri cho,positive,neutral,0.0508,0.8984
🙏Vahhh kaviraj Bhai 👍good song 👍મા એ મા બીજા બધા વગડાના વા 🙏,neutral,positive,0.0508,0.8984
Masale ko pan me dalne se pehle panchphoran ka tadka dena chahiye,negative,neutral,0.0508,0.8984
❤❤❤❤❤❤khub sars ❤❤❤❤❤❤❤❤ khub sundar 🎉🎉🎉🎉🎉🎉,negative,positive,0.0508,0.8984
Badhu barabar chhe ;pan naso kadhvani jarur nathi ke?,negative,neutral,0.0508,0.8984
Jay moghal maa jay sonal Jignesh bhai and sagardan bhai Mehul raj darbar na,neutral,negative,0.0508,0.8983
Yummy yummy 😋 Ma’m aap ne milk kitna liye ho aur custard kitna hai,negative,neutral,0.0508,0.8983
"Jai jalaram 🙏🙏, nice volg    ha e to sachi vat che jaydeep bhai hamesha hasta j hoi koi kai pan bol kyre modu chadve on camera ketli vaar koi kai bolu hoi to pan jaydeep bhai koi divas gusso karyo hoi ya modu bagdu hoi.. 🎉🎉 Sachi vat che bhavna anty ni ke tai na game ahiya badha hoi to ahiya game emni personal choice che ema.. Uncal nu  farm fvt che to anty ne gare, chokera oo fvt badha ni choice hoi..apda ti diwali vadhre joi che to eloka ne khaber j hoi su karvu su na karvu.. Thank you so much for volg... 🎉🎉🎉🎉",positive,neutral,0.0508,0.8983
Khub Sarash geet che,neutral,negative,0.0509,0.8983
hi JD U GUYS ARE THINKING TO BUY WASHING MACHINE SOMEONE FROM CROMA TOLD U TO BUY IFB DONT GO FOR IFB ITS BELT DRIVE GO FOR DIRECT DRIVE ND SPECIFICLY LG MA JAO TO GHANU SARU AMA KHARCHO NATHI AAVTO MACHINE SARU LONG TERM CHALSE ND MAINLY VIBRATE NAI THASE HU 6 YEAR THI SALES EXECUTIVE 6U ATLE SUGGEST KRYU 6 SO GO FOR LG FRONTLOAD WASHING MACHINE MOSTLY 9 KG WILL BE INUFF ANATHI MOTU JOIYE TO TME 12 OR 15 KG ( commercial)LAI SHAKO 😊😊,negative,positive,0.0509,0.8983
Hu aje bnavi ni chu❤,neutral,negative,0.0509,0.8982
Aek song MA sadhi nu banavo,neutral,negative,0.0509,0.8981
Ma'am aap apni recipe khaate bhi ho ya sirf content k liye banaate ho mujhe laga aap toh exercise karti ho aur protein rich food khaati hu,neutral,negative,0.051,0.8981
Bahuj Saras Recipe Share Kari Bahuj Gami 👌👌 Kanpuriya Bahuj Saras Swadisht Lage 👌👌🙏 U Ben 🙏🌹🌹,neutral,positive,0.051,0.898
Ganpati Bappa Morya Mangal Murti Morya hello Kavita ji Radhe Radhe kaisi ho aap Mein I Thi do teen din pahle aapke life mein lekin message de diya aap comment nahin kar pa rahe the,negative,neutral,0.051,0.898
Kharekar maja avi gayi. Surti thai ne surti ne stage par jovani ne surat ketlu vaselu che Fredybhai jeva mota star ma ae sambhdi anand thayo,positive,negative,0.051,0.898
Wha jay ho birju barot,negative,positive,0.051,0.898
Are vishal tera serial bahut dekha hai tum se milna hai mil kar u tube channel bana kar kaam kare ge.,neutral,negative,0.051,0.8979
Saras athanu ni mahiti aapi mare pan mithu athanu banavanuj che hu aaritej banavis 🎉❤,positive,negative,0.051,0.8979
Kitne cute ho yrr 😩 kaise 😩cutuuu,neutral,positive,0.0511,0.8979
plzzz bhai tame syam Thaine phuko,neutral,negative,0.0511,0.8978
Moj ma he song's,positive,neutral,0.0512,0.8977
Tame  constant gym jata joine mara finence ne 6 month thi kehtiti and have amne gym chalu karyu😂,negative,neutral,0.0512,0.8976
Jaydeep bhai tame ots kaya use karo cho javab aap jone,negative,neutral,0.0512,0.8976
"and i have tears in my eyes while watching thissss,,,,, Have No More Words For Explanation!!!!!!!",negative,positive,0.0512,0.8976
Fake krte hai piche se kich or milaye hain mne bnaya tha soft bna tha,negative,neutral,0.0512,0.8975
Cinema release karo ke❤,positive,neutral,0.0512,0.8975
Video kab laoge🙄,neutral,positive,0.0512,0.8975
"Nisha Madhulika aunty ji ne aur Kavita dii ji ka,youtube ke safar ne aur inke mehnat ne inko kaha se kaha pocha diyaa❤❤❤hum sb bhi bht khush hai apko kamyab hota dekh kr dii we love you ❤",negative,positive,0.0513,0.8974
Kirtidan bhai tamari gayaki lajavab cchhe.really hu tamara vidio joine j atyare kaink cchhu.🙏🏻🙏🏻,negative,positive,0.0513,0.8974
And AA rite aapna bhatla bhai paacha aavi gaya che... vachaka boom karva k thava .... XD,neutral,negative,0.0513,0.8974
Jay dvarka dhish,negative,neutral,0.0513,0.8974
Jay Hinglaj Maa kuldevi,positive,negative,0.0513,0.8973
Mujhe toh laga tha apne YouTube disable kar diya🌚🥲,positive,negative,0.0513,0.8973
જ્યારે પણ સોંગ સાંભળું ત્યારે આ સોંગ 1 વાર તો સંભાળવું  પડે મારે એમાં પણ આ મારી fav lain che ફૂલો થી ખુશ્બૂ મહેકે છે માંડવે સાજણ મલકે છે ❤❤❤❤❤,positive,negative,0.0514,0.8973
But mandir to bandh che to atli bheed kem che,neutral,negative,0.0514,0.8972
Jay ho ma mogal,neutral,negative,0.0515,0.8971
Jay ho daan,negative,neutral,0.0515,0.8971
Ha ramariada ha,negative,neutral,0.0515,0.8971
"Bhai what a goat person you have brought to lavari, hats off",positive,negative,0.0515,0.897
Dwarka jila ma versadj nathi bhai save dhko maro aa baju,neutral,negative,0.0516,0.8969
Audio released karva mate,positive,negative,0.0516,0.8967
બેન મેથી ખાખરા ની રેસિપી pilis બતાવજો,neutral,positive,0.0517,0.8966
Jay dvarkadhish Radhe Radhe,neutral,positive,0.0517,0.8966
Jay Jay Thakar........,positive,neutral,0.0518,0.8965
Mai b aaj hi wapis aayi hu fir se emotional ho gayi es reel se😢,neutral,positive,0.0518,0.8965
આનું uncut pan મુકો blockbuster jse,neutral,positive,0.0518,0.8965
"Karela nu shak ekdam saras banavyu che,pan please full recipe aapjo to amare pan banavay ne!",neutral,negative,0.0518,0.8965
Hum nagar ke favorite. Itam ha,neutral,positive,0.0518,0.8965
Video songs kyre avese jigabhai ❤😂🎉 tamara songes ne bov sapoot karu 🙏 jay mataji bhai,neutral,negative,0.0518,0.8964
Kal thi Uncle ne sathe lai javana to Paisa ni bachat thase😄😄😄😄,neutral,negative,0.0518,0.8964
Haaaa ben barobar che 🦁,neutral,positive,0.0518,0.8963
Thank you so much for this recipe. Aaj maine ragi ke aate se ye bnaye .Boht hee ache bne ...pehle maine maide se bnate thi mere bacho ko Boht pasand hai...but abb mujhe koi guilt nhi .. abb mai kabhi bhi ragi ya jowar atte se bna sakti hu...apki recipe dekh ke..thankuuuuuuu ji 😊,positive,negative,0.0519,0.8963
🙌jay vihat maa,positive,negative,0.0519,0.8962
🌹 Bahut Bahut Sundar 🙏 🌹 🌹 Jai Dev Jai Dev 🙏 🌹 🌹 Jai Mangal Murthi 🙏 🌹 🌹🍂🌾🌼🍂🌾🌼🍂🌾🌹,negative,positive,0.0519,0.8961
Ha Tamari Dosti,neutral,negative,0.0519,0.8961
Ha kaviraj ha 👌👌👌👌,positive,negative,0.0519,0.8961
"Mere saag me kadwapan aa gaya tha banane par, please help",negative,neutral,0.052,0.8961
Ghi bov vadhi gyu Tamara thi,negative,neutral,0.052,0.896
Bhai bhai... aa song sambhadi ne to varsad ma Nava nu maan thai jay... jaberjst.. Tamara jeva artis che etle haji pan aa gujarati bhasa jive che...👏,negative,positive,0.052,0.896
ha krushna shudhama,neutral,negative,0.052,0.896
"Manan tame live stream nethi karta.?
Karo cho Kai channal par",negative,neutral,0.052,0.8959
Suppar song jiga Bhai 👌👌👌,negative,neutral,0.0521,0.8958
Haa sarika ben jaydeep bhai aap ko surprise Dene vale hai sahi me😅,neutral,positive,0.0521,0.8958
Boy hostel 6 samarpan college near ma,positive,neutral,0.0521,0.8958
"Amara Modasa , Malpur saide to petro pump per bau j lino che",positive,neutral,0.0521,0.8958
ha bapu Vikramsinh Thakor waiting for song me,negative,positive,0.0521,0.8957
Jakassss Song bhai,neutral,negative,0.0522,0.8957
Maro bhai mota varchhama olange 6 tamare javu hoi to k jo,neutral,negative,0.0522,0.8957
ha kiratidan ha,positive,neutral,0.0522,0.8956
ha vikram bhai moj se doss,positive,negative,0.0522,0.8955
Garibone heranaj કરજો,negative,neutral,0.0523,0.8955
Jay shree Krishna Masi ane kaka ne 🙏❤️aje kaka no suvichar na malyo . Masi ane sarika nu bonding bov saras che Masi jeva sasu bov ocha ne male koy pan sasu dikri na vakhan kare pan vahu na vakhan kyarey na kare pan Masi a kidhu badha sarika pase thi ghanu sikhe che ane hu pan ghanu sikhi chu so sweet masi ❤️❤️pan vat sachi sarika pase passion bov che shant thi gusso karya vagar hasta hasta badhu kam kare che ane badha j kam ma agal perfect 🤩 ❤Jaydeepbhai tame chokri ni babate bolya ne ame to selection mod ma avi jay ye ak ni game to biji mane bov hasvu avyu mast comedy kari tame 👌tamari gam pan jordar hati badha akbija na mate saras bolya 👍nice discussion hati 👏👏badha j saras bolya ❤❤saras ghar ma badha nu akbija sathe avu bonding rahe kayam avi prathna 🙏kaka ni kami hati khali . Saras nice vlog 🎉Heju kanu ne maro lad ❤❤badha ne mara jay shree Krishna 🙏❤️,positive,neutral,0.0523,0.8954
Tmara mamy papa ni takrar jova ni mja j kik alag che😂,neutral,negative,0.0523,0.8954
"Maand aaram mailo che to gala ne aaram aapo ne, aaje tamare ghanu gava nu che Your well wisher Love you kirti bhai",negative,positive,0.0523,0.8953
Harmori farm Jordan suthig juga bhai,negative,neutral,0.0523,0.8953
jordar moj ha,positive,negative,0.0524,0.8952
Kok divas tamari chokari ni pan birthday sari rite ujavo.😮,neutral,positive,0.0524,0.8951
Much needed ma'am. Mai gujarat me hu aur yaha fish fry karne se society Wale complain karte hai. Bina fry kiye banane ka recipe bohot zaruri tha. 😂,neutral,negative,0.0524,0.8951
Hum toye recipi bahot barso se banate he,positive,neutral,0.0524,0.8951
Shreekhand sathe je puri ke rava.meda ni special surati lala enjoy kare 😂 teni links aapso kale.gudi padavo 6 so hu maharastrian 6 mate mare kale nived karavano 6.,neutral,positive,0.0525,0.8951
ભયો અમારી ચેનલ ak audio ને સબ્સ્ક્રાઈબ. અને લાયીક કરજો... અને શેર પણ જરજો,positive,negative,0.0525,0.895
Jay swaminarayan vikram bhai,positive,neutral,0.0526,0.8949
Mane bhu gami yu song,positive,neutral,0.0526,0.8948
Mari pase aavaa radha krishna na gito 6 sara,negative,neutral,0.0526,0.8948
હિંડોળા  na દર્શન કર્યા..મંદિર માં જઈ ને દર્શન કરતા હોય એવું લાગ્યું...બહુ j mast કાનાજી દર્શન કર્યા...,positive,negative,0.0526,0.8948
Supar hit se,positive,neutral,0.0526,0.8948
Bhai you are right hu pan time pass hato,neutral,negative,0.0526,0.8947
20:01 jai ma hingalj 🥹🙏🏻🙏🏻🙏🏻🙏🏻,negative,neutral,0.0527,0.8947
Kiran thakor DJTHAKORસા,neutral,positive,0.0527,0.8946
Thakor thakor ne rite,positive,negative,0.0527,0.8945
Pahla ja sorry kavu che aa comment karu chu pan katlo fark 2 divas thi jovu chu ka uncle aa umar ma tadka ma mahant kare che and chokro Chinai ma kato fark che 2 ni takdeer ma ❤❤❤❤,neutral,negative,0.0528,0.8945
7:59 chirayu timing next level chhe 😂😂😂,positive,neutral,0.0528,0.8944
Vhaa.... Bhai.... વંદન વારંવાર Jay mogal_____ માં મોગલ આપનો અવાજ હંમેશા માટે સારો રાખે એવી માં મોગલ ને પાર્થના Jay ma sonal,neutral,negative,0.0528,0.8944
Ane peli kaam vali ben,positive,neutral,0.0528,0.8944
Supper dupper song jignesh bhai,positive,neutral,0.0528,0.8943
Ha Mari jaan ha,neutral,negative,0.0528,0.8943
Khiru to patara ma chopdiyu 6e ?,negative,neutral,0.0529,0.8943
Tameta nai naakhta bois,negative,neutral,0.0529,0.8943
"🙏❤""MA SONAL""❤🙏 🙏😍🙏 🙏🧡""MAVATAR MA""🧡🙏",negative,positive,0.0529,0.8943
Ha Bhai ha jigabhai,negative,neutral,0.0529,0.8941
Jay Maa sonbai,negative,neutral,0.053,0.8941
Ha jignesh kaviraraj ha,negative,neutral,0.053,0.894
🙏jay sonbay maa 🙏,neutral,negative,0.053,0.894
leelo masalo ma please kehsho ke shu che exactly? thanks,negative,neutral,0.053,0.8939
Tamane me Dil thi Mara guru Mani lidha Chhe..,negative,positive,0.053,0.8939
Gajjab BG music che,neutral,positive,0.0531,0.8939
Dhaval Bhai ❤️🙏 Jay sadhi 1:16,neutral,negative,0.0531,0.8939
Ha maru amdavad,neutral,negative,0.0531,0.8939
Mogal aave saari raat नींद naa ave,positive,negative,0.0531,0.8938
Lets have a Disha vakani and Mayur vakani on show,neutral,positive,0.0531,0.8938
Bhathiji na mandir ma divo nariyer kari dejo page lagajo saru thase,neutral,negative,0.0531,0.8937
Laya bhai laya bau time pachi jorr daarr laya,neutral,negative,0.0532,0.8937
Hello jay shree krishna🙏🏻ek vakhat hezal ni sugar test kravp because ama pag dukhvano problem hoy toh a vare vare complain kare chhe toh bhagvan kare k kai hoy nai but thodu sachet revu saru,neutral,negative,0.0532,0.8936
Jignesh bhai yhe bhut song hai 😭😭,negative,positive,0.0532,0.8936
Mai bnaungi didi 😊😊,neutral,negative,0.0533,0.8935
ha narayan swami ha,positive,neutral,0.0533,0.8935
Bili na jadma Billa hoy aenu sarbat bav saru sarir mate Amara ghare roj sarbat Bane che tadka ma pivu joiye Mari coment vise kaik ans aapjo bhai,positive,negative,0.0533,0.8933
Ha thrapi thie saru lagse,positive,negative,0.0534,0.8933
moj karavi didhi hoo,positive,neutral,0.0534,0.8932
Hi ma'am I am a homecook and watch your videos for recipes. I also make Moong Dal kachori but the bigger version will surely try to recreate this one. 😊,neutral,positive,0.0534,0.8932
Bau thayu have sairam dave lavo lya,positive,negative,0.0534,0.8931
Bhai ap man se achha sochoge to definitely achha hi hoga agar bura socho ge to apne samne bura hi pavoge so be positive or be truly,neutral,positive,0.0535,0.8931
Bav sarir notu tamaru,positive,negative,0.0535,0.8931
Jaydeep bhaiya... Mujhe Aisa kyon lagta hai.. bhumika didi aur aapki mummy.. jab bhi Koi baat aati Hai bhumika didi ki to aapki mummy ka man thoda alag ho jata hai.... Varna mummy ko to beti ka Kitna pyar hota Hai.... Mujhe Masi aunty mein itna pyar nahin dikhta Hai.. bhumika Didi ke pratyay..😊 Maine Jo mahsus Kiya vah bataya😊,positive,neutral,0.0535,0.8931
To haters kese ho😂😂,negative,neutral,0.0535,0.893
dariya choru ane ankhe me cinema ma 3 var joi chhe ....awesome...  atyar ni gujarati filmo no koi class nathi eni same,neutral,positive,0.0535,0.8929
"Mananbhai Katko was epic, superb editing. can we introduce deep as new Kishorkaka, he is doing really very good mimicry of him. 

Moment hai bhai Moment Hai.
1. Bap Ka dada ka 
2. Sanedo shooting
3. katko levano che",negative,positive,0.0535,0.8929
Nice recipe mem..... Tamara pase mast mast recipe sikhva male che..... Tamari speech original surati che sambhalva nu game che😚,neutral,positive,0.0536,0.8929
Waah bahut khub kabita ji ekdam testy bna hai👌👌👌😋😋😋😋,positive,negative,0.0536,0.8927
Kina cute hai ye re😘,positive,neutral,0.0537,0.8927
"Hii jsk jd bhai and family ❤️ 
Jaydeep BHAi hu Tamara daily vlog jov chu last 4/5 year thi j Tamara juna vlogs jovani je maja che ne food challenge n game questions n answer a to hamna sav bandh thy gyu che kyak navu karo have pachu 
Haa e che pela hezu ekli hati tame aa je new work chalu karyu che Ema busy to cho have hezu n kanu bey ne school hoy daily but Saturday Sunday Kai karo 
Baki puru family tamaru saras hsi majak valu che saras badha ne jay shree krishna 🙏❤️❤️",negative,positive,0.0537,0.8927
Khub maza avi,positive,neutral,0.0537,0.8927
Ha sonpari me bhi dekhti thi,positive,negative,0.0537,0.8927
Ha mari.Don.meladi ha,neutral,negative,0.0537,0.8926
Shooting Bhiloda ma thayu 6,neutral,positive,0.0537,0.8926
Same j khiru ma thi instant handvo banavi shakay??,neutral,negative,0.0537,0.8926
Koi bhi na tum sa mila🥺❤️,positive,neutral,0.0537,0.8926
Jay. Swami Narayan bhavnamasi kanu ne Hardik bhai e jaydeep karta pn vadharerakhyo che to kanu ne kahi k aaje Father Dey nu kard aape,negative,neutral,0.0537,0.8926
Jiye dip ji aap bahuth duble hogye ho ache nahi lagre zindagi ek bar milth hai khalo sab plz,neutral,negative,0.0537,0.8925
Om Namah Shivaya Jai Baba ri Jai Baba ri Om Namah Shivaya,negative,positive,0.0537,0.8925
Aapne bhi gadhvi bhai,negative,neutral,0.0538,0.8925
મારા ખ્યાલ થી તમે વારેં ગડી ટાંકો સાફ karo છો ને એટલે પાણી નથી આવતું 😄😄અમારો એવુજ થયું તું કયારેક પાણી વધારે વાપરીએ તો પાણી ની કમી થાય 🤣ટાંકો ગડી ગડી સાફ ન karo કોઈ તમારા ટાંકો નો પાઇપ લઈને કટ કરી હશે 😂જોકે સપાટ બેસ્ટ વિડિઓ ✌🏻,positive,negative,0.0538,0.8925
E pawer chhe gujrati nu saeb,negative,positive,0.0538,0.8924
Vikram Thakor new movies treilar is Khub saru che,neutral,positive,0.0539,0.8923
"Veneger ke jagah nimbo use karana parega didi, kitna duth ke liye kitna nimbo ras need hein batayeh didi ❤",negative,neutral,0.0539,0.8921
Kdk bapu ho jks vala,neutral,positive,0.0539,0.8921
Atleast funny one. The guest is not boring.,negative,positive,0.054,0.892
Jiga bhai saras👌👌,positive,neutral,0.0541,0.8918
"Sachi vat che vikram bhai ham jit jayenge 🙏🙏 jay hind,🙏🙏",neutral,positive,0.0541,0.8918
❤❤ jayadip ji aap Lene jaate Sarika ko to bahot  achaa hota,positive,neutral,0.0541,0.8918
મોરે મોરો vote for devayat khavad,neutral,negative,0.0541,0.8917
Waah khoob saras❤❤,positive,negative,0.0541,0.8917
Mam bane to bahut achche the but ander se kachche reh gye the❤,neutral,negative,0.0542,0.8917
Me Pan love karyo se great ene pan mane e nathi malvani Sacho love malto nathi male e gamto/pasand nathi❤️😭,positive,neutral,0.0542,0.8917
Agahi vado hadva thi madhyam varsad k che ane tu trp maate bhare kahe che,neutral,negative,0.0542,0.8916
Jordar compose karyu ho jigar Bhai,positive,negative,0.0542,0.8916
"Bahut j mst, saras hlvo👌 Tamari surti language pn bahu mithi ,6😊",neutral,positive,0.0542,0.8916
Su su supar,positive,neutral,0.0543,0.8915
Mara val Kem kala padi jaai che ?,negative,neutral,0.0543,0.8915
Lavari maa tame kinjal davee ne bolaavo❤please,neutral,negative,0.0543,0.8915
"Kevu Lagyu mitron ? 
Comment ma lakhjo 
And banavi naakho tamne moj aave evi Reel ❤❤❤❤",neutral,negative,0.0543,0.8914
"Aama torcher jevu kyan lagyu, badhu perfect to hatu. Potano nazariyo badlo 🙏🙏 badhaj recipe mangta hoy chhe etle badhu puchhtata Sandhya ne ke koi ne ice cream sikhvo hoy to 😃😃 please eloko aapda mate aatlu badhu kare chhe etle ke videos bnave chhe to negative na bolo ane evu kaijj lagyu nahi Tak- Tak jevu",neutral,negative,0.0543,0.8914
Vikarambhai Thakor Tame darek kam ma safar thao tevi ma ambane prathana,negative,neutral,0.0543,0.8914
Ha kirtidanbhai ha moj Amari chenal spots aapjo,positive,negative,0.0543,0.8914
Manan bhai no daily no fix dialogue after every crash : hu km aaje aatli gandi rite chalavu chhu 😂😂,neutral,positive,0.0543,0.8914
👑❤🙏JAY SONAL MAA JAY HO🙏❤👑,neutral,positive,0.0543,0.8914
Ben chkari banavta sikhavo,positive,neutral,0.0543,0.8914
Va જીગા વા ❤️❤️❤️❤️❤️❤️,positive,neutral,0.0543,0.8914
Khali ragado dry che,negative,neutral,0.0544,0.8911
Jalanaro to jal vana Vikrambhai tame khub aagar vadho,neutral,negative,0.0544,0.8911
Jay jetbai ma,negative,neutral,0.0544,0.8911
Olo kaka bava vagadto hato guitar thi 🤣🤣,neutral,negative,0.0545,0.8911
Jay thaker Ha kirtida ha,positive,neutral,0.0545,0.8911
Audience  ni sathe aa vakhte tamne 4 jan ne pan hasta Kari didha😊,positive,neutral,0.0545,0.891
Bhakam bhai bhakam,negative,neutral,0.0545,0.891
Jay sreee krusna,negative,neutral,0.0545,0.891
Miss jab tujhe pata tha today,neutral,negative,0.0545,0.891
A havaj Jay mataji,neutral,negative,0.0545,0.891
Vikrm Bhai થેન્ક્યુ,negative,neutral,0.0546,0.8909
"Vekram bhai Hiro no, 1 .",positive,negative,0.0546,0.8908
Ok bhai full sapot,neutral,negative,0.0546,0.8908
Ha Tahukar beast,positive,negative,0.0546,0.8908
"Tame please ingredients kem nathi mukta? 
Tamari badhu recipe badhi sari hoy chhe",neutral,negative,0.0546,0.8908
Jai ho moj ma,positive,neutral,0.0546,0.8907
Jay Dwarkadhish ho,neutral,positive,0.0546,0.8907
Jay Ganeshy Namah sabki mano kamna puri kare jay ganpati bapa moriya,negative,neutral,0.0546,0.8907
manan bhai Jordan dar video chhe 🤣🤣🤣🤣🤣keep doing😉😎,positive,neutral,0.0547,0.8907
Bhai ne Splitsvilla mai mai bhout gali khaye hai,neutral,negative,0.0547,0.8907
Roj jov chhu roj like kru chhu ne shere pan kru chhu Jay deep bhai 👍👍👍👍👍👍,neutral,positive,0.0547,0.8906
jay maa sonbai,negative,neutral,0.0547,0.8906
Biji var kyare bolavaso Vikram thakor ❤😊,positive,neutral,0.0547,0.8906
30:42  autotune vo kya hota he? ❤wowwww voice 😍🧿 ખુબજ મજા આવી episode ma 💝,positive,neutral,0.0547,0.8905
Didi saree ka link dijiye,neutral,negative,0.0547,0.8905
MARI ISHA PURI KARI BHAI,neutral,negative,0.0547,0.8905
હા મોજ હા જોરદાર સોન્ગ લાઈક અને SABCRIB કરો અને સેર કરો,positive,negative,0.0547,0.8905
"Fevikwik thi sandhai  jase ane garam no karta bagdi jase , ame pan try karelu che.",neutral,negative,0.0547,0.8905
Yr tame loko koik non person ne bolavo ne chhela 4 ep bau kharab hata me pura joya j nai !!!!,neutral,negative,0.0548,0.8905
Om Shanti baa ne,negative,neutral,0.0548,0.8904
Vah khub saras jigneshbhai,negative,neutral,0.0548,0.8904
AEK CHAUDHARY SAMAJ NU PAN TAME BANAVO,negative,neutral,0.0549,0.8903
WHEN I SEE MY PHOTO IN ADHAR CARD... YEH MAI HU YA KOI AUR HAI MERI TARAH 😂,neutral,positive,0.0549,0.8903
Jay shree sonal Krupa 🙏🚩🌄👌✌️,neutral,positive,0.0549,0.8902
Coz tu manan che 🤣🤣,positive,neutral,0.0549,0.8902
Nic sog bhai,neutral,negative,0.0549,0.8902
Ha bhnje ha,negative,neutral,0.0549,0.8901
"Congratulations Mananbhai and whole team, smit bhai e kidhu em lai aavo modi saheb ne ek var
Karo lavari prime minister residence thi 😂",negative,positive,0.0549,0.8901
"Jai shree krishna Jaydeepbhai and family. Aunty fine lage che dress maa. Tamne saree bhi vadhare suit thaiy che. Rupal from Melbourne Australia. 
Hu tamaro vlog every day jou chu.",positive,neutral,0.055,0.89
Jabar ho bhai #AkEditography,negative,positive,0.055,0.89
JAY HO MAA SONAL,negative,neutral,0.055,0.89
Jaydeep bhai pani ni tanki clean karavi do bahuj important che ema kharab pani aavi g u hoy mate khali kari ne saaf kari ne new pani bharo,negative,neutral,0.0551,0.8898
Kay bhumika life time surat shift ho raha hai aapney naya ghare mai,positive,neutral,0.0551,0.8898
Bhavish milte bhi hai aur hume pata bhi nahi chalta hai 🙂 this is our life 🙂😀hats off to the #bhavishians,neutral,positive,0.0551,0.8898
Corona MA gavanu nai,neutral,negative,0.0551,0.8897
gujrat ma vikram bhai thakor jevu dildar singer koi nathi,negative,neutral,0.0551,0.8897
"Use hair dryer on the corner to dry them, if you cannot reach it.",neutral,positive,0.0551,0.8897
Jay Ranchod...🎉🎉🎉Jay dakor Vara,positive,negative,0.0551,0.8897
Aatli nani aankho thai gai chhe virus ijaat thai sake😂😂🤣,positive,neutral,0.0552,0.8897
More songs release karo,neutral,positive,0.0552,0.8897
Garam masalo kayo use karo cho,positive,neutral,0.0552,0.8896
Jignesh Barot sopar song jay mogal,negative,neutral,0.0552,0.8896
Mast mast di...,neutral,negative,0.0552,0.8896
Neci pci bhai,neutral,negative,0.0552,0.8896
Mai sochti thi itna perfectly bhavin har kisi ko kaise utha leta hai yaar ye kya baat hai is ladke mein😭,neutral,positive,0.0553,0.8894
"Ma'am please add parmigiano reggiano and olio extravergine di oliva (extra virgin olive oil) at the end. Then you can call it aglio olio, bcs you have added aglio but not olio😊😊... and yes this is very easy to cook.",neutral,positive,0.0553,0.8894
Wow di bilkul sahi kah rahi hain is khane Ko dekhkar Aisa Laga Jaise sach mein Main Apne gaon Chali Gai hun meri mummy bhi Badi jo hai apne hathon se ghar per banati hai aur bahut hi testi hota hai,positive,negative,0.0553,0.8894
Jay ho valinath,negative,neutral,0.0553,0.8893
Bahu j 👌👌che,positive,negative,0.0554,0.8893
Likha to hai dhoop nhi lgvani,negative,neutral,0.0554,0.8892
Aa bene maza bagadi,positive,neutral,0.0554,0.8892
Tamara bane ni jodi bahuj sari che Ava j geto apta raho,negative,positive,0.0554,0.8892
Jay madhda vali sonbai maa🙏🙏🙏,positive,neutral,0.0554,0.8891
Please announce the next celebrity in the show,positive,neutral,0.0555,0.8891
Ghana mast garba 6,positive,negative,0.0555,0.8891
Ha Mara Vikarm bhai,negative,positive,0.0555,0.8891
આમ તો હું South Indian industry નો fan પણ ગુજરાતી ગીતો અને ગરબા ની વાત આવે તો તમારા જેવું કોઈ નહિ. મને ગુજરાતી કલાકારો માં તમે એક જ ગમો છો. વાહ કિર્તીભાઇ વાહ,negative,positive,0.0555,0.889
Jethalal ne bolavo have,negative,neutral,0.0555,0.889
Ashish bagrecha boring che,neutral,positive,0.0555,0.889
Sarika bhabhi ke sabhi kapde bahot achhe hote hai 😇😇,neutral,positive,0.0555,0.8889
U tube short dalne me aap bhi bhot kanjus ho.🙊🤩,neutral,positive,0.0555,0.8889
Hlo Bhavin sir bunty ka next episode kab aa raha haa please batiaa ga please,neutral,positive,0.0556,0.8889
Bherab che,positive,neutral,0.0556,0.8888
Gopal Raval ne Krishna ma joe paisa vasul,negative,neutral,0.0556,0.8887
Jay ma Aabe🙏🏻🙏🏻 Jay ma Mogal 🙏🏻🙏🏻,negative,neutral,0.0556,0.8887
why are the memes so cringe???,neutral,negative,0.0556,0.8887
Maro crush to ridhhi no Bhai Bani gayo,positive,negative,0.0557,0.8887
Sar tame song sara gava chho ❤️❤️❤️❤️Pan acting revado,neutral,negative,0.0557,0.8886
"Shoting ના સીન અલગ થી નાખો તો સોન્ગ સાંભળવાની મજા આવે, અને અડબેટાય વચ્ચે નાખો એના કરતા સ્ટાર્ટિંગ માં અથવા તો એન્ડ માં નાખો વચ્ચે મજા નય આવતી જીગાદાદા 😅😅😅😅😅",negative,positive,0.0557,0.8886
Ha aap hi ho uski wajah,positive,negative,0.0557,0.8886
Bhavnaben ni wat sachhi chhe piyar nu kuytru pan wahlu lage to ma nu aapelu to mitthu j lage,positive,neutral,0.0557,0.8886
Right mumbai ma bavu che varsad ja tame surat lay gaya,neutral,positive,0.0557,0.8885
Jay Ambe maa,neutral,negative,0.0557,0.8885
Jai shree Krishna 🙏 jd patel and family everyone  mariiiii ben avi baghdatiiiiii mama ney ghrey avya bhaniya  amey khub harkhai mojemoj rojeroj bachaparty ❤ aadi apple 🍎  banigyo❤,positive,neutral,0.0558,0.8885
Shikra bird che,neutral,positive,0.0558,0.8884
Chot ha par dam dra ha,neutral,negative,0.0558,0.8883
Jaydeepbhai tamari fillm hit jase je Film ma enjek thay e Film hit jay che,neutral,positive,0.0558,0.8883
Kyare aave chhe,negative,neutral,0.0559,0.8883
jai gopal jai gopal,positive,neutral,0.0559,0.8882
Mujne gani ne taro khubj bhavvibhir .......,neutral,negative,0.0559,0.8882
Jordar bhanej sachej tadhkaro thayo ho,positive,negative,0.0559,0.8882
Mag ni chhutti dal hoy ras ni sathe,neutral,negative,0.056,0.888
Jay someswar parvati maa jay aavad maa jay mahakal ujein jay kedarnath jay beidnath jay nilkanth jay bhavanath jay shidheswar mahadev jay kaillash jay ho uma pati mahadevo om namah shivai om namah parvate pate har har mahadevo 🙏🙏🙏jay dada somya som dev krupa,negative,neutral,0.056,0.888
Mane aa git khub gamyu,neutral,negative,0.056,0.888
Jignesh barot fans like subscribe karo,negative,positive,0.056,0.8879
Khavu su banavu  su daily ladies ni upadhi 😂 kanu nu dhyan rakhjo ❤,neutral,positive,0.056,0.8879
જીગા ભાઈ એક છોકરી હારે પ્રેમ થઈ ગયો તે પેલા મારી હારે પ્રેમ કયો ને પછી બીજા હારે છે હવે તે છોડીને ચાલ્યા ગયા આજે પણ તેની સાથે એવોજ પ્રેમ છે પણ તે ને ક્યાં ખબર છે Miss you Diku,neutral,negative,0.056,0.8879
Ha Kíñg ha,positive,negative,0.0561,0.8879
Medam Tamara video kem nathi aavta?,neutral,negative,0.0561,0.8879
Kai alag sambhdva ni echha thay tyare aa rachna yad aai jay chhe Vah doctor saheb Vah kirtidan ji,negative,neutral,0.0561,0.8878
Vah moj ha,positive,negative,0.0561,0.8878
Aavta varas thi ghav na tipna tarace  baju chadhavi dejo...kam se kam ghav nu nuksan nai..ane bhavna masi ne tention nai,positive,neutral,0.0561,0.8878
Mujhe to ye samajh nehi ata ye ladka 23saal ka hai ya 5saal ka🥰🥰🥰🥰🥰,positive,neutral,0.0561,0.8877
Jay hoooo jay mogal,negative,neutral,0.0561,0.8877
Aabhi me pregnancy me jamun hi kha rahi hu to khau ya nahi,neutral,negative,0.0562,0.8877
Jay ma mahoni meldi ma,neutral,negative,0.0562,0.8877
Real showstopper to aunty j chhe… when she laugh we laugh… when she sad we feel sad… wish you a good health to Aunty Amaj Amne hasaviya Kare,neutral,positive,0.0562,0.8876
Abdulkalam samje a level no datto che 😂,neutral,positive,0.0562,0.8876
Mara Ghar ma mne badha khijve 6 k shu kre 6 Jagdeep bhai ne Sarika ne bhavna masi?e loko vlog nthi jota pan hu emne daroj ni story sambhdavi ne habit padi daish jovani hu 4 years thi jov chhu,neutral,positive,0.0562,0.8876
hamara vikaram bhai,negative,positive,0.0563,0.8875
Jay. Mogal bhai,neutral,negative,0.0563,0.8874
Bhai navratri ma garba gava tedavya chhe k musical program ma,negative,neutral,0.0563,0.8874
Badhani mummy ne bhagavan lambu jivan ape evu prathana,negative,positive,0.0564,0.8872
Ma mogal taro aadhar,negative,neutral,0.0564,0.8872
Jay sonal vah jignesh bhai Vah kavi k dan,neutral,negative,0.0564,0.8872
Air frayar ka link send karo,negative,neutral,0.0564,0.8871
Waa haawaj mooj kardi bhai,neutral,negative,0.0564,0.8871
Jay shree swaminarayan bhavnaben u tube family ne paptay ke nahi amari sathe puja karo ne pls from UK kastur,negative,neutral,0.0565,0.8871
There is a saying by a woman that says “I would have so much time to do so many things if I had a wife“ it means that tame Sarika didi or bhavana baa jetlu kaam karo pachiye joiye how much you can do for yourself. Very easy to focus on your health and just yourself when you just have that to do apart from work. Them running all day to get household things are tiring enough to not have anymore energy. Ek divas emni life jeevi batavo pachi bolso nahi Kai.,negative,positive,0.0565,0.8871
Jay श्री krushna,neutral,positive,0.0565,0.887
Hiii Nice recipe.. Aap valsad se ho mam...? Apki Boli se esa lag Raha he..,neutral,positive,0.0565,0.887
"""wah kirtidan saheb""",neutral,positive,0.0565,0.887
1 vat kevani hati mare...k tamne khabr j 6e k mota bhagna loko tamaro LAVARI show jamta jamta jue chhe...to tya jada ne e badhi vat please bandh karo....😵‍💫👏,neutral,negative,0.0565,0.8869
Jio jio haaa bhai haa,neutral,negative,0.0565,0.8869
Aaj to jaha dekho waha bhel dikh rhi hai,neutral,negative,0.0565,0.8869
Ohhh hu aaj sodhti hati,negative,positive,0.0565,0.8869
Hey Kem cho mann bhai 😂,neutral,positive,0.0566,0.8869
aa ek number ni chapli chhe. over.,positive,negative,0.0566,0.8868
Ha ટાઈગર Ha,positive,neutral,0.0566,0.8867
Meri dadi Chandkheda se aapka video dekhti Hai aur meri dadi ko aapki family bahut pasand hai❤,positive,negative,0.0566,0.8867
Next Mount Abu Aao To Mere ko call karna main number aapko main message karta hun aur aap bhi aap ka number mere ko message Karen aur jo,negative,neutral,0.0567,0.8867
Yar Vikram Bhai Banaskantha baju kem program nhi leta,neutral,positive,0.0567,0.8867
Tulsi ka podha dekh kar khushi hui. Aap aam ka grafted podha laga sakte ho. Usme jaldi se aam aaje ga.,neutral,negative,0.0567,0.8867
jay ramapir nays song,negative,neutral,0.0567,0.8866
Ben nu carrier to set che pn salman khan nu naam leso to tamaru khatarama padi jse . Amare lawari jovani che agad manan bhai,neutral,positive,0.0567,0.8866
Evu Thai che hoo,positive,neutral,0.0567,0.8865
Jiga tamari janudi parikhsya ma Fail Thai Gai hase,negative,neutral,0.0567,0.8865
Me tamne news chanel ma joya..Hu to bolish,neutral,negative,0.0567,0.8865
Nice Diu ❤ame diu na che pan hamna London ma chiye,neutral,positive,0.0568,0.8865
Jay dev mangal murtiy,positive,neutral,0.0568,0.8865
Jay Ram Ram,negative,neutral,0.0568,0.8864
From This Film Gujarati Cinema Changed,negative,positive,0.0568,0.8864
Rashmi Ko Dekh Kar Siddharth Shukla Ki Yaad Aa Jaati Hai 😢,negative,positive,0.0568,0.8864
"Nazar lagigai che, utarido. Mithu  ane rai sathe 7 time Jaydeep, Sarika and Sandya parthi, judi-judi staring ne juda juda paperna pieces ma padikuvadi gas par badido....try karo & asarjuvo...halku lagse... bless you all...",positive,negative,0.0568,0.8864
Hii jaydeep bhai genz ka 6-7 meaning matlab humara 19-20 hai matlab so so hota hai,positive,neutral,0.0568,0.8863
aakho thi aakho ma vat thava lagi haiiyee dhabkar vadi gya 👍👌👌👌,neutral,negative,0.0568,0.8863
Mast song moj karo yaar,positive,negative,0.0569,0.8863
Tu rangai jane rang ma full song tmara voice sambhadvu chhe,positive,negative,0.0569,0.8863
Jaideep your wording true' but Mumbai life very fast we are using metro it time saving mujhe bhi milna thaa but I don't have your mobile number I think you are going to start tv and Film shooting???,positive,negative,0.0569,0.8863
Mera din toh kitna pagal hai ye pyar toh app se kar ta hai 💖,positive,neutral,0.0569,0.8862
aawi rite na karay ben sandhya bhabhi ae paheli var ene kaik new banavyu tu saw manas boltu na hoi etle chadi na besvanu hoi tme potane bav smart na smjo etlu bdhu aawdtu hoi to jate kri levay ema su pchi bdha tamara par comment krse etle tmne ane jaydip bhai ne tarat chatko chadse ane pachi tame sandhya ne video ma dharar sarmavso ke bol amaro kai ewo matlab hto🙌🏻ame hater nthi ben pan je same che e kehsu j 🙌🏻🙏🏻,negative,neutral,0.0569,0.8862
jay 🙏 ma mogal 🙏,positive,neutral,0.0569,0.8862
Tamari film ni rah joia che ame dil jal e,negative,positive,0.0569,0.8861
"Tamari lavari tamara lidhe nahi but tamara show par aavnara guest na lidhe popular thai che , bcs tame to 10 years thi karta j hata ne youtube par kaam to pan kem popular na thya like bija channel ni jem bcs e bau j ordinary kaam hatu, aa ek chali nikdayu jem social media ma koi pan video viral thy che em and e j tamne ahiya sudhi lavyu che . No hates just bring practicality .....",negative,neutral,0.0569,0.8861
Haa vikram bhai ha Jitu bhai tamari moj,positive,negative,0.057,0.8861
Ha bhai fainal jisu Sh Privarsate 🙏Jay mataji mota bhai🙏 Full Spot...👆👆👆👌👌👌👌👍,negative,positive,0.057,0.886
Jay ranchhod makhan chhor,negative,neutral,0.0571,0.8859
Aap jisko galeli bolte ho hum tadgola bolte he,negative,neutral,0.0572,0.8857
Jay shree Krishna Masi ane kaka ne 🙏❤️kaka tamaro suvichar saras hato 👌🙏kaka vadi ye thi avya pan jaray thak nay amna modha par keva hasta hasta vato karta hata kaka tsmne kharekhar dhanyavad che tame bov mehantu cho 👏Jaydeepbhai Goregav gaya tya film city che atle Jaydeepbhai pakku movie ke koy show karvana che saras amne khub khushi thase ❤❤Heju ye bov saras vlog b  as nayo beta ❤❤Heju khub smart girl che ❤️👍Sarika pelu bird Eagle hatu samdi . Heju kanu ne maro lad 🥰🥰Kanu ye nice cute 🥰 dance karyo 👏❤️👍badha ne mara jay shree Krishna 🙏❤️,negative,neutral,0.0572,0.8857
Iss view ka pata nahi par jis insaan ki video hai woh mujhe bohot pasand hai 😌😛,positive,neutral,0.0572,0.8857
Jay dwarkadish jay radhe Krishna jay bholenath jay mataji jay ganpati bapa moriya uncle 🙏🙏🙏🙏🙏🙏🙏🚩🚩🚩🚩🚩🚩🚩🚩🚩🚩🚩🚩🚩🚩🚩,neutral,positive,0.0572,0.8856
Jai duwarika dhis 🙏🙏,neutral,positive,0.0572,0.8856
Ha moj kirtidan bhai ni super hit,neutral,positive,0.0572,0.8856
"Sarika vandho nahi video tu banav vlog ,dhire dhire practice thy jai ,kam ma busy hoy etle  thodu atavay javay i can   fully understand ❤❤❤",positive,neutral,0.0573,0.8855
Waah. <3 <3 <3. Khub j saras.,positive,negative,0.0573,0.8854
Mast song chhe jigarbhai,positive,negative,0.0573,0.8854
Confidence nahi bhai...*confident*,positive,neutral,0.0573,0.8854
Kakdi na pan bhajiya bane che pudla pan bane che chokha  na aata nakhi banavay kakdi ne chhini ne pani kadhi nakhvu bau saras testy bane che try karjo sandya ben,positive,negative,0.0573,0.8854
Jay jay mahadev,neutral,positive,0.0573,0.8853
Jay Ho Kirtidanbhai Jay Ho,neutral,negative,0.0573,0.8853
Adbhut Kaviraj.......Jay maa mogal 👌🙏,neutral,negative,0.0574,0.8852
So healthy recipe 😋 my daughter wants something healthy no Oil-free free kam oil use hua hai vegetables bhi add karenge to pata bhi nahi chalega weight loss me ise use kar sakte hain,positive,neutral,0.0574,0.8852
"Om it’s getting annoying ke hath dhovanu bhulta nahi, tu bhuli jai che ema badha ne Kem tara jeva samje che😀😀",positive,neutral,0.0575,0.8851
Saheb Gujarat aa song to frevet se,neutral,negative,0.0575,0.885
Ek no song chhe bhai full moj ❤,positive,negative,0.0575,0.885
Mam kon sa Tawa use kare?,neutral,negative,0.0575,0.885
Mast sukhdi chhe,positive,negative,0.0575,0.885
Jd bhai bhagwane badhi vastu khava mate aapiyu che to sah praman khavuj joea bhai🎉❤,positive,neutral,0.0576,0.8849
Aa song supar hit se ❤ full seaport❤,positive,negative,0.0576,0.8849
"પહેલા mp3 સાંભળ્યુ પછી મને થયું કે આને જોવી પડશે કોન બોલે છે 👧👧👧👧👧 """"""""મને ફુલ નથી ગમતા """""""""" 🥀🥀🥀🥀🥀🥀",negative,positive,0.0576,0.8848
Ha jignes kaviraj,negative,neutral,0.0576,0.8848
"When Jaydeep bhai said Abhi aara aya nhi h 
My mom started laughing so loud and is still not stopping 😂😂😂 
The conversation 😂😂😂",positive,negative,0.0576,0.8847
Jignesh bhai tame kiya riyo cho please comment karajo,negative,neutral,0.0577,0.8847
Tame akla gaya hot to vadhu saru Lagat but nice song,neutral,positive,0.0577,0.8846
saans to Lene do ek ke baad dusra blockbuster la rahe ho.. Superb krishna bhajan..,neutral,positive,0.0577,0.8846
"Aapda samanya jagat ma 1 naam naa ketla loko hoy che, ahiya 1 naam nilkanth par mahadev n nilkanth-varni nu naam naa hoi shake??? , nilkanth naam mahadev nu che, to nilkanth naam, swaminarayan bhagwane diksha lidhi n ena kishor vay ma hata tyare, e naam hatu, n nilkanth naa naam pae, emni kishor avastha ni murti nu poojan thay che, aama su jer pidhu n su ladudi khadhi, aapdo dharm bau j badha alag alag gyan thi bharelo che, jetla jaso andat toy adhura j rehso, n rahi vaat mataji na naa nam ni, to swaminarayan sampraday(not dharm) ma 18+ alag alag gaadi thai padi chhe, alag panth thaya che, kaya saadhu su bole, naam pramukh swami mahant swami nu aawe che, jyare pramukh swami e j, khodal dham ma pran pratistha ke ambaji mandir ma gold coat ma khub moto faado che, gold coat ne ek rite chalu karava ni vaat na j africa na aapda gujarati ne agrah karelo k tame daan karo tya to dhire dhire aa gold coat no sankalp chalu thay, to kaya sant bolya, kai gaadi naa che, e vaat ne saheb sej jovo, karan etlu j ke tame moti vyakti keway n jo khabar naa reh to fari lagni dubhase koi ni ne koi ni",negative,neutral,0.0577,0.8846
"crus🤣🤣🤣 nathi mem crush che, please pronounce saari reete karo.",positive,negative,0.0577,0.8846
Rolla mara bhai na,positive,neutral,0.0577,0.8846
Pani .na badale .milk. J. Saru.lage & chana. Ma. Tomatoes ke. Beshan. Joi ye to testy lage,negative,neutral,0.0577,0.8845
Ha kavi raj ha,positive,negative,0.0578,0.8844
Waah jiga bhai waah🕺🏼🕺🏼🕺🏼,neutral,negative,0.0578,0.8844
Congratulations Jigarbhai Ane Tamara jigrraa ne,positive,negative,0.0578,0.8844
Jay mogal ma Jay somnath,neutral,negative,0.0578,0.8843
Gaman bhuvaji nu kem nathi aavtu bhai,negative,neutral,0.0579,0.8842
Eme koy divas nathi banayvu😅😂,negative,neutral,0.0579,0.8842
શીતલ ઠેચા કેવાય થેચા ન કેવાય સરસ છે माहाराष्ट मा આને ઠેસા અટલે લસણની ચટણી,positive,negative,0.0579,0.8842
Jorr vikram bhai,negative,neutral,0.0579,0.8842
E green dekhay chhe evu kem ?,negative,neutral,0.0579,0.8841
Bhavsu pls insta reels idhar bhi daldo😙..we know aap extra mehnat karte hu hum yt fans ko entertain karne ke liye but kafi log insta reels nhi dekh pate hai aur is vajah se fake channels vo reels daal kar apne subscribe badhate hai🤕,neutral,positive,0.0579,0.8841
Pehle island par banaya aur chimney ke time gas diwar se chipak gaya. Kaise ?,negative,neutral,0.058,0.884
I miiss you માં 🥹,positive,neutral,0.058,0.884
Sarsav tel ma j talya che???,negative,neutral,0.0581,0.8839
Navratri ma વગાડય એવુ song 🎵 banavjo,neutral,negative,0.0581,0.8838
Ao kanuda gudla tara hu gavu 🫀🥹,negative,neutral,0.0581,0.8838
"Ek dam jabrjst song che.. 💚
Aa song navaratri ma amne ghela krse...🥳🥳",positive,negative,0.0581,0.8838
badhu barobar chhe... fakt emne gava nu na kaheso.....,positive,negative,0.0582,0.8837
Kale nom che to useful Recipe Batavi,neutral,positive,0.0582,0.8837
અઢી કરોડ ઠાકોરો નો વિસ્તાર છે અને આજે જોવુ છે કે આપરા ગુજરાત ના સુપર સ્ટાર વિક્રમ ઠાકોર ને કેટલા ઠાકોરો સ્પોર્ટ્સ કરે છે બધા લોકો સ્પોર્ટ્સ કરો આપરા ઠાકોર સમાજ ના કલાકારો ને SUPER ❤️💥💥👌👌👌👌👌👌👌👌 જય માતાજી 🙏🚩 DUPER 👍🤩🌹 NICE 👍🤩 SONGS... Jay Ramapir 🙏🙏🙏🙏🙏🙏🙏🙏🙏🙏🙏,positive,negative,0.0582,0.8836
Banana mitha hoy chhe to sugar ni jarur nathi.,negative,neutral,0.0582,0.8836
Hello !!! Is winter ghar na jaane ki wjhn se main mother ke haath ka halwa nhi khaaa paaya tha and bht miss kar raha tha . Aapki video dekh ke maine first time banaya and it came out heavenly....itna jyada tasty ki poucho mt... Aisa lag raha tha jaise chef hin hun main 😂😂 thanks to you ❤️,positive,negative,0.0582,0.8836
Jay hind jay bharat👍 Jay garvi gujrat👍,negative,positive,0.0582,0.8836
Santha supar che,neutral,positive,0.0582,0.8836
Jay Shree Krishna sairam Jay Shree nathaji,positive,neutral,0.0582,0.8836
Agr slurry me corn flour nhi daale to koi problem to nhi hai na?,negative,neutral,0.0583,0.8835
Actually  she have to turn downwards when she turned the phone first but she turned at same time with phone ...😅,positive,negative,0.0583,0.8834
kevo che tuuu😂,positive,neutral,0.0583,0.8834
મારાં કલેજા જોરદાર song બનાવ્યું છે આજે તારો એક ફેન વધી ગયો પ્રેમ કર્યો હોય અને ખબર પડે સુ વીતે છે આપડી ઉપર song સાંભળી તો ખુશ થાય ગયો મારાં ભાઈ માતાજી હંમેશા ખુશ રાખે તમારા કંઠે માઁ સરસ્વતી બેથા છે ભાઈ વાહ જીગુ ભાઈ વાહ i love you so much mara bhai jigu,positive,negative,0.0583,0.8834
Calories count and nutrition fact pan batavo to ઘણી મહેરબાની,neutral,positive,0.0583,0.8834
1.leik.ganget થી ❤❤❤,positive,neutral,0.0583,0.8833
Khub saras hindola decoration 🎉  jai shree krishna,neutral,positive,0.0583,0.8833
Khp sunder ma'am ❤,positive,neutral,0.0584,0.8833
Hello ma'am..mere to niche chipk gye,negative,positive,0.0584,0.8832
"bov mota loko down to earth j hoi, niche j besi jai ee to...",positive,neutral,0.0584,0.8832
Aap to apni 1-2 video se hi le lo kabita mam.... Tension to hamei h aam insan ko. Kese le?,negative,neutral,0.0584,0.8832
Unadkat nathi aa to laalo movie no karan joshi che 😂😂,neutral,negative,0.0584,0.8832
Saras lyrics chhe,negative,neutral,0.0585,0.8831
Jignesh barot hu tamaro moto fan chu,positive,neutral,0.0585,0.8831
"the rain is falling and so i am...
Miss u radhudi😘",positive,negative,0.0585,0.883
Tamaari recipe boh fine che! Tame je ghee vaapairu che aa recipe maate ae kya made che?,negative,neutral,0.0585,0.883
"RADHE,RADHE,JAI SHRI RADHEGOVIND. HAJARON SAAL TAK AAP AISE HI GAATE RAHE SIR BAHUT HI ALAUKIK AWAZ HAI .AAP TO SANGEET KE SAMRAT HO.",negative,positive,0.0585,0.883
Puri move kab rilij hogi bhai,neutral,negative,0.0585,0.883
Aa movie kya thi malse,negative,neutral,0.0585,0.883
Taarak Mehta na Goli nu episode kyare aavse .?,positive,neutral,0.0586,0.8829
Kiridan hoy pchi kai no ghate,negative,neutral,0.0586,0.8829
30:13 Sunny Bhavsar lavoo aju ketli vaar ✌️,positive,neutral,0.0586,0.8828
Sandya to Kayam  kkhata.j joi che. Sarika  ney to khavda vo😂,neutral,positive,0.0586,0.8828
"This was one of the finest video I have seen of vlogging. Again, You guys don't need script and jyare screen par aatla badha talented super star ek sathe hoy tyare bas camero start kari ne muki do ej enough che.. 🥰",negative,positive,0.0586,0.8827
Moj Padavi Didhi.Ho...🔥,neutral,positive,0.0587,0.8827
Jay ho...** Jay Ambe Ma #,negative,neutral,0.0587,0.8826
Hu tamara all video dekhu 6u,negative,positive,0.0588,0.8824
Sona ane steam etle su,positive,neutral,0.0588,0.8824
Sound lavo thodu bajet vadharo show mate bahu saru lagase,neutral,negative,0.0588,0.8823
Jai shree krishna Bhut hi shandar recipe mene banaya tha mam apko dekh k aapse bhut sikh rhe hai,negative,neutral,0.0588,0.8823
Wow Mari favourite Che Ghod doad ni sabudana khichdi,neutral,positive,0.0589,0.8822
Mast idea hai our color bhi acha aaya hai...dekhta hu jamta hai ki nahi ...,negative,neutral,0.0589,0.8822
Thoda sa kuleeth paka hua pis kar add kare esame to thickness aayegi,neutral,negative,0.0589,0.8821
🎉❤🎉❤🎉❤Ma Amba sat koti vandan 🎉❤🎉❤🎉❤,positive,neutral,0.0589,0.8821
The paresh rawal episode was really disappointing.  He is just not meant for lavari type shows. So full of himself,positive,negative,0.059,0.8821
Jd bhai trump pn India ma bhavishy jovdave chhe 😊,neutral,positive,0.0591,0.8819
"There is no seven star hotel in India, as a matter of fact anywhere in the world.",positive,negative,0.0591,0.8819
Krishna bhagwan na bhakto aa geet jojo,positive,neutral,0.0591,0.8819
Bhaio aa song 10 var jojo,positive,negative,0.0591,0.8818
Manan bhai tame gta V taxi par ek vaar video banvo ne. Jordar maj avse.,positive,neutral,0.0591,0.8817
Ha havj ha,neutral,negative,0.0592,0.8816
awa gandiya friends amne nai malta❤,positive,neutral,0.0592,0.8816
Vadhare to Kai kevu nahi Pan atyar no maniraj barot....se bhai Ha jiga ha...... I love you bhai.. Mara bhai nu song hoy etle boom j hoy bajar ma...,negative,positive,0.0592,0.8816
🙏જય માં સોનલ માં 🙏 હા મોજ હા મોજ. માંય બેસ્ટ kirtidhan ghdavi,positive,negative,0.0592,0.8815
Supper song jignesh bhai,positive,neutral,0.0593,0.8815
"First like apdi ho😂
Mananbhai thugesh bhai ne bolavo ne🙏🙏",neutral,positive,0.0593,0.8814
Finally jignesh kaviraj in house...chella 1 year thi comment krto. Aaje aavi gya.,neutral,positive,0.0593,0.8814
Katil nigahen to aap ki h🔥🔥,positive,negative,0.0593,0.8813
Pacify રમો ને,neutral,negative,0.0594,0.8813
સાબુ થી હાથ ધોઈ પછી માખણ ઉતારવું તો હાથ ma માખણ નહિ cote,positive,negative,0.0594,0.8813
Panjiri ma paach vastu hoy. Tame bahu aad kari didhu. Jem panchamrut ma panch vastu hoy tem,negative,neutral,0.0594,0.8813
Khub j saru song banavyu che👌👌👌,positive,negative,0.0594,0.8812
Have ghare j banavisu pizza,positive,neutral,0.0594,0.8812
Hi jaydeep bhai maro ek question hato mai hamna 12th ni board exam aapi che to mare lawyer banvu hoy to kevi rite banay kemke tamara Ghar ma j  ત્રણ lawyer che atle puchu chu kemke mane pan thodo interest che ane tamara father kaya lawer che ?? Please jaydeep bhai mane reply aapjo kemke hu atiyaare bau confuse chu ke have aagad su karvu joia . Read my comment and answer me.,negative,neutral,0.0594,0.8812
5:56 Gujarati thai ne avu bolo Cho khotu che hon always follow truth,neutral,positive,0.0594,0.8811
Mam aap khana bhot achha banati hai jisne b banker se aapko YouTube ber banaya hai hamare jaise viewers k liye to ekdm sahi kiya hai..I dnt know about you..but wo descision ekdm sahi hai ..👌🏻 You are great and irreplaceable 💛,negative,positive,0.0595,0.881
Main aise moong daal dosa n daal dose banati hun ..kale chane ke kabab roll banati hun ..now I have one more healthy recipe. Thankyou Kabita ji ❤😊,negative,positive,0.0595,0.8809
Jaydip bhai Move na hiro banavana che evu lage se ❤,positive,neutral,0.0596,0.8809
Ha moj haaa,positive,negative,0.0596,0.8809
Atli bakvas movie me Mari life ma kyare pan nathi joi,positive,neutral,0.0596,0.8809
Khub saras bnau,positive,neutral,0.0596,0.8809
Rashmi was running the show today !,neutral,positive,0.0596,0.8808
Jay Jay Jay Sonal mna,neutral,positive,0.0596,0.8808
Sarika ben tame seyaseeds pivanu chalu karo emna thi thandak malse😊,negative,neutral,0.0596,0.8807
"Married loko nay saambhrta , depression ma jata reso",negative,neutral,0.0597,0.8807
"જય હો....jigabhai..... કિરણ બારોટ સિંગર બનાસ કાંઠા ના જય માતાજી..,👍👍👍👍👍",negative,positive,0.0597,0.8807
Jay ho mogal mataji,neutral,negative,0.0597,0.8806
ha bhai moj ha,negative,positive,0.0597,0.8806
Maa ni tole koy na aave Karan ke maa to ek sakshat devi nu Swaroop che ane bhagwan thi pan moti maa hoy che om shanti 🙏😭sarla baa😭🙏,negative,neutral,0.0597,0.8806
"Happy Janmashtami. Jay Dwarkadhish. Kanuda na Birthday ni khub khub Shubhechchhao. Jay Kathiyawad. I miss rajkot no lok medo, rath yatra, choke choke lagavela januda na floats. Kathiyawad miss kru 6u.. 😭😢😵",negative,positive,0.0597,0.8806
"https://youtu.be/vW0hUKYhQdQ 

SHAKTI 
Non - stop garba out now ! 

ત્રિશૂળ તડાકા કરત કડાકા 
હોત ભડાકા ભેંકારા 
કિલકાર કરંતી દાનવ દળતી 
જોર જગવતી જયકારા 
ખાંડા ખખડાવે ભૂત ભગાવે, 
દુઃખ હટાવે દાઢાળી 
પાવાગઢવાળી લાલધજાળી 
મંગળકારી મહાકાળી 🙏🏻

આખી સૃષ્ટિ જાણે કોઈ શક્તિના સંચારથી જ સતત જીવતી છે ! 
એ શક્તિ એ જ આપણી નવદુર્ગા છે ! આજે એ પ્રચંડ શક્તિ જેનો કોઈ જ પાર પામી શકે એમ નથી એ સ્ત્રીત્વ, એ ભગવતી ને આપણો માતૃભાવ અર્પણ કરીયે ! 
હે જગતજનની તારો આશરો, 
તારો આધાર 🙏🏻 

My Humble Attempt To Present Your Favourite Garbas In The Most Purest Form Possible 🙏🏻😇 
I would like to thanks each and every musicians and visual team who have poured their soul into this mega project. 
Happy Navratri to all my fans over the glob ❤️ Aap Sau ne mara Jaymataji 🙏🏻

Singer @Jigrra 
Music production and arrangements @mirdesai16 

Flute @ninadbansuri 
Shehnai and clarinet @bhosle.durgesh 
Traditional Banjo @soyanterr 
Rhythms @bhavikdave_ and Lovekesh 
Mix and Master @rakeshmunjariya at Shine wave studio Ahemdabad 
Vocals and rhythms recorded at Even Harmony Studio by @pranav_yangik_1980
Shehnai and clarinet recorded at Euphony Studios mumbai

Backing vocals and harmonies @kavyalimaye17 and @mirdesai16 
Chorus @jaysince1999  @richa_barot & @m.o.x.i.t 

Style By @style_with_neha.264
Outfits By @asopalav 
Production Designs @anup_24 
Photography @kahaniyabymax 

Special Thanks 
@hardiktrivedi01 
@nimisha_tushar_gadhavi 

It is out exclusively on @zenmusicgujarati 

#Shakti #JigardanGadhavi #zenmusicgujarati",positive,negative,0.0597,0.8805
"when I listened - ""khnn khnn"" in Akh lad jaave.. reminds me of this song again and again. After reading comments I can say I am not the only one who came back here to listen d original song ✌️😉",negative,positive,0.0598,0.8805
"Em to tumara malpua boj surus che, pun malpua ma mun, moin - tail ke ghee tumai na muku cho? Chevar na thai jai mun, moin vugur thunda purai puchi? Humana anu puv pramanai , mun - moin vugur chevar lagai che. Baki ni rit tumari burabur che..gurai humara malpua evaj dekhaw ma buneche.",negative,neutral,0.0598,0.8805
Ham dhoti hai. Makhan,positive,neutral,0.0598,0.8804
Jay shree Somnath mahadev parvati ma mahakal Ujjain mahakali ma kedarnath kailash parvati shankar bhagvan jay shree amarnath barfani baba shiv baba jay mogal ma aaval ma kuldevi chamunda ma higlaj ma meldi ma jay shree radhe syam jay siya ram hanuman ji jay tirupati balaji jay sai baba jay bhutnath jay ma sonal jay સિકોતર ma,neutral,negative,0.0598,0.8803
Manan bhai pant pr color dhodayo lage che .,neutral,positive,0.0599,0.8803
",આ song પસંદ હોય તો લાઈક કરો અને જીજ્ઞેશ કવિરાજ",neutral,negative,0.0599,0.8803
India's latent ma koi ae dialogues nathi apya ke su...ke mungu revanu vrat lidhu che,neutral,negative,0.0599,0.8802
Ha Jitu bagda ustad,positive,negative,0.06,0.8801
Aaj no video bahuj mast che,positive,negative,0.06,0.8801
Masi sacha che 😂😂😂,neutral,positive,0.06,0.88
Jignesh kaviraj vaaro episode kyare aave........nayana rani varu bole ke nay e joyu chhe bhai😂😂😂,neutral,positive,0.06,0.88
Rit nathi sari Tamare sikhvu hoy to gamade javu pade,neutral,negative,0.06,0.88
"Hu ane Mari patni banne dieting par chhie. Amara dietician e amne Ghau temaj maido khavani strictly naa paadi chhe. Khabar nai Kem pan Mari patni ne to bhavta j nathi. Pan hu to Khaaja no moto fan chhu. Have mari surti jeebh dukhi thae gayi chhe. Koi evo idea aapo, jethi vagar maido ke ghau no lot vaprye pan khaja khaai shakay. Likhi tang : Ek lachaar Surti 😒",negative,neutral,0.06,0.88
Jaggery powder na ho to desi gud use kar sakte hai,negative,neutral,0.0601,0.8799
First' comment bhai,positive,neutral,0.0601,0.8799
Wahh dixitbhai tamaro concept,negative,positive,0.0601,0.8798
Hamare Yahan 23 temperature hai Ham Asam Se Hain,positive,neutral,0.0601,0.8798
"Aa being a #Surati; #ghari is always been my favorite #sweet and was eating on every #ChandaniPadwa; since my childhood. The shape and taste of the ghari was always seems mystrical to me. Today I saw your marvelous, even by presentation, video at the age of 65. Now I decide to prepare ghari myself for my family and neghbours. I am going to save and download yoyr fantastic video. Wish you great success on the tube. Thanks!👍",positive,negative,0.0601,0.8798
plz ek vaar again saree pin bharavi ne kevi rite pack karo 6o tame pahela bataveli 6 but hu bhuli gai 6u and hu USA ma 6u to mare sakhat need 6 to plz batavo ne mari humble request 6 . me e vlog pn bau j sodhyo jema tame batavelu 6 but mane maltu j nathi plz plz plz plz,neutral,negative,0.0601,0.8798
aa git nu status aapdi channal ma 6 koi a jroor hoy to jovo,negative,neutral,0.0602,0.8797
Jyare nasib hoi l*do to khabhe laine daudo… epic🤣🤌🏻🙌🏻,neutral,negative,0.0602,0.8796
Dil dar co bhai tame to,neutral,positive,0.0603,0.8794
Ha bhi ha supar,neutral,negative,0.0603,0.8793
football par movies na chale 😂,positive,neutral,0.0604,0.8793
Mujhe bhi reply karo,negative,neutral,0.0604,0.8793
"Hi... Superb.. Delicious recipe. ❤
But stuffing banavyu che ae hanvda na better ma mix kari ne banavie to chale?? Please ans.. Me",neutral,positive,0.0604,0.8792
khub agal vadho,negative,neutral,0.0604,0.8792
Meri bhi yahi wish hai ke har pal aapke pass rahu😇😘.,neutral,negative,0.0604,0.8792
"Bhai badha evu kee che guest etc,, na proude button butt bolaava vaada j vadodara na che e jovo ne je badha ne bolaai sake che 😅😅",neutral,positive,0.0604,0.8792
Bk2 ki tarap se kataranak,negative,neutral,0.0604,0.8792
Simple recipes but aapki hath se sab kuchh khubsurat hota Hai 😍 Always support ma'am 🤗,neutral,positive,0.0604,0.8791
su vaat Che program toh bumo padave about Che sacu ho ke,negative,neutral,0.0605,0.879
"Fir se daaru pi ke aya mast hatu. 
Have natukaka no pagar vadhe na vadhe elvis no vadhvo joie!
#giveelvisraise",neutral,negative,0.0605,0.879
#dilip joshi in the show bhaio  vote kro😊,neutral,positive,0.0605,0.879
Hu sure try karish...mne vadapav jay bhavani na athva ghare j bnavel bhave...,negative,neutral,0.0605,0.8789
Rashan rice su che?,neutral,negative,0.0605,0.8789
Bakwas movie che,positive,neutral,0.0606,0.8789
Biju muvi banavo to fani banavjo Stori to aa pan sari hati Aaje badhane fani joye,positive,negative,0.0606,0.8788
Ek Ratha ek Mira movie uplod karo vikarm Bhai,neutral,negative,0.0606,0.8787
Jay ma mogal bhai🙏🙏🙏Nice song👌👌✌✌,positive,neutral,0.0607,0.8786
"Last je hatu manan ni therapy e jordar hatu ho 
Keep moving forward ❤️👍",negative,positive,0.0607,0.8785
Bhai vikam majamne,negative,neutral,0.0608,0.8783
"We’re Gujaratis too, but we don’t add sugar at all! You guys seem to put sugar in absolutely everything. At that point, what’s the difference between dessert and regular food if everything is sweet?",negative,positive,0.0609,0.8783
"Jay Shree Krishna jaydeepbhai Aram karo to jaldi saru thi jay 
Very Nice Vlog",neutral,positive,0.0609,0.8783
Tablets aapva karta Bhavna masi ne mahasudarshn faki athva teni teblet aapo..je fever ne jadmul mathi naash kare chhe ne koi side effect nathi..,negative,neutral,0.0609,0.8781
"જય મોગલ બાપ. તમારા ગરબા , માતાજી નો ભાવ, જે કયે ઍ. એની રાહ જોય રહ્યા છે. જલદી upload કરો બાપ.",negative,positive,0.061,0.878
Didi surat kem aavi. Jay che,neutral,negative,0.061,0.8779
Jivo1000ro Sal bhai,positive,negative,0.0611,0.8779
Venila ice Cream nakho kdi ma saras lagse,positive,neutral,0.0611,0.8779
Instead of eno what to use,neutral,positive,0.0611,0.8778
Ha maru gj ૨ ha.. Moje dariya,neutral,negative,0.0611,0.8778
Koi Word Nathi........ 😍,positive,neutral,0.0611,0.8778
"appe pan me batter fill karne k baad, jo batter bach gaya he use kitni der baad tak dubara appe banane ke liye use kar sakte he?",neutral,negative,0.0611,0.8778
Aaa kon che ana git nay sambadiya original kirtidan ne bolavo,neutral,negative,0.0611,0.8778
Dislike karne waloko sangit ki samaz nahi he. pagal he vo jo dislike karte he vo Jay ma saraswati Jay ho kirtidan gadhvi Aava nava nava garba lavta rejo,neutral,negative,0.0611,0.8777
😢😢juni yado avi gai vala...❤❤❤,neutral,positive,0.0612,0.8777
Bhai mane pan saport aapavo ne gujrati singer banvu che mara song joi lo ne jarak,positive,negative,0.0612,0.8776
Amba Jagdamba aavo ne garbe ramva aavo ne 🌻🌹🌻🌼🌻,negative,neutral,0.0612,0.8776
"Aa director sir ne jokes leta ne jokes pr reciprocate krta nthi aavdtu lagtu...
Jokes pchi clarification aape Che 😅",neutral,negative,0.0612,0.8776
Maa to maa che,neutral,negative,0.0612,0.8776
Aa To siriyal Nu Pramotion Episode karva Aavya Hoy Evoo Laage Che 😅😅😅😅😅,negative,neutral,0.0612,0.8776
Driver nu sosan thay che tyare koi kem avaj nathi uthavta.,negative,neutral,0.0614,0.8773
Avi rite kapada na sukavo stand lai aao saru nai lagtu ava bunglow ma nd video ma,neutral,negative,0.0614,0.8773
પૈસા malshe ke nai,negative,neutral,0.0614,0.8772
Vah kaviraj Jay maldhari,neutral,negative,0.0614,0.8771
KOOCH TO GARBAD HAI AAJ KAL BAHOOT FAKE CHAL RAHA HAI 29-12-2025,negative,neutral,0.0614,0.8771
Aano swad Kevo hoy Che mane janavo ne mare banavu che,negative,neutral,0.0614,0.8771
Very bad didi 🙄🥸par aap ek kar sakti ho... Jisse aapki consistency maintain ho... Aur Hamare jaise fitness freak ko bhi fayda ho....Healthy... Tasty... High protien recipes upload kijiye😊👍🏾,negative,positive,0.0614,0.8771
Su .....bhai km aaje bhula padya?,neutral,negative,0.0614,0.8771
"koi b enemy dekhai to h ani same L2 dabavanu aim karva toh automatically aim thai jase
agar bau hase toh ghadi ghadi dabavanu L2 ak mari ne bija uper L2 and baju ma R2 dabavanu ho FIRE karva",neutral,negative,0.0615,0.8771
Maro b nature jaydeep bhai jevu j chhe bov takleef pade innerside but it's ok 🥰,negative,neutral,0.0615,0.8771
""""" khataro"" 😂bahot salon k bad ye suna😂kya kehne maza aa gya. barish dekh k maza aa gya hamare bhi kaleje m thand pye gyi ji. bombye se surat laye ab yaha pr bhi bhej do bahot zyada jarurat h tap gye bhun gye h garmi me patel paaji , thik h,? hanji❤",positive,negative,0.0615,0.877
"Hu pan Rajkot no j 6u ne mane nathi khabar k aa kon 6 😅😅😅😅

Kem k Shahrukh khan to nathi 

Ne mota Rajkot tara karta educated 6",negative,neutral,0.0615,0.877
😂😂 mam aaram se,positive,neutral,0.0615,0.877
"Manan bhai fari chalu karvi padi, te pn starting thi😅😅",positive,neutral,0.0615,0.8769
Supar Bhai gamyu mane bovaj gamyu,negative,neutral,0.0616,0.8769
I was the person who commented first and also have membership,negative,positive,0.0616,0.8769
"Tamare su kai jhadgo thayo che ABHINAY BANKER jode?

Emne kem nathi bolavta?

Bhram ma a pan che toh mitra gadhvi ne bolaya abhinay banker ne na bolaya

Agar tamne emna vishe khabar na hoy toh google kari lo ek vaar, khali famous loko ne bolavi lo cho! Ketla loko ne 2 vaar bolavo cho pan bija loko pan che je bau talented ane mehenati hai.

Ave Kadaknath jevi adbhut film aai che toh pan ABHINAY sir ne nathi bolavi rahya!!!!!

Kaik mathakut chali rahi che comedy factory ni abhinay sir jode toh evu kahi do toh hope chhodi dau ke tame kyarek emne invite karso🙏",negative,neutral,0.0616,0.8768
Pasta khud maida se bana hain😂😂😂,negative,neutral,0.0616,0.8768
Krishna kamod chokha surat ma kya male che?,negative,neutral,0.0616,0.8768
Jay Ma Mogal ❤️ Jay Ma Sonal ❤️,neutral,positive,0.0616,0.8767
Tame classes chalavo cho,positive,neutral,0.0616,0.8767
Ame biji rite banaviye chiye pad pan gana thy che surat jeva banaviye chiye,negative,neutral,0.0617,0.8767
Boom.... bhai..... boom..... jordar... song ❤️❤️❤️❤️ bhai,negative,positive,0.0617,0.8767
Jigar sir old is gold but aa gazal ne ek navi j rite raju kari loko sudhi pohchadi che tena mate heads off to you ..🙏,positive,neutral,0.0617,0.8766
Ha jignes Bhai ha,negative,neutral,0.0617,0.8765
Naic song Jay babari,negative,neutral,0.0617,0.8765
Video saru se,negative,neutral,0.0618,0.8765
Amara porbandar ma to varsad no chanto pan nathi ame vaat jovi ne betha toy nathi aavto,negative,neutral,0.0618,0.8765
Majbot song jignesh bhai,negative,neutral,0.0618,0.8765
Greva kansara . Only best artist. Maja nathi aawtu. Biji badhi artist ne na leso . Only greva kansara.only,negative,positive,0.0618,0.8764
Ha mara thakro ha Mr. Ser vala,neutral,positive,0.0618,0.8764
Congratulations 💐🎉🎉 bahut bahut Aashirwad. ❤️ se. 😊,negative,positive,0.0618,0.8763
Ha Barot ji ha,positive,neutral,0.0618,0.8763
Bhagwan tmne and tmara mummy pappa ne hamesha khush rakhe,negative,positive,0.0619,0.8762
Haayeee🤩🤩🤩full video kab ayega??? 🥲🥲🥲,positive,neutral,0.0619,0.8762
Sndhya  good news chhe 🎉🎉aje  khbar padi gye🎉,neutral,positive,0.0619,0.8762
chuk chuk gadi we shared the same brain cell😂😂,neutral,positive,0.0619,0.8762
Ha mara havaj Ha Tamari moj ha,positive,negative,0.0619,0.8762
Are waaaaa thugesh ni gujrati Ane ena vdo ma je bole e ketlu diffrent chhe,neutral,positive,0.0619,0.8761
Bharat mata ki jay,negative,neutral,0.0619,0.8761
Sachi vat chhe dubeji ni,positive,neutral,0.062,0.8761
tame loko badha ne guajrati banawi ne manso 🤣🤣🤣,positive,negative,0.062,0.876
"Congratulations to whole tcf wishing this show does not stop ever
And one day I will be also on stage with you guys doing the lavari show ❤❤",negative,positive,0.062,0.876
Jignesh kaviraj ભાઈ બઘી જ વાત મારા માટે સાચીજ હોય કેમ કે તેઓ બઘા જ ગીતો બનાવે છે મારા માટે બઘાજ લાગુ પડે છે હો યાર,neutral,positive,0.062,0.8759
Gujrati stano ni mains kyare Aave che bhai gsssb ni ???,negative,neutral,0.0621,0.8759
Chhipkali ghar mein aati Hai to Shubh Mana jata hai aur aapke ghar per sab Shubh Shubh hoga,neutral,positive,0.0621,0.8759
"Kala matka me pani bahot thanda hota hai ,matke ko hath dalke saf nahi karne ka ,matka andar se aur bahar se namak se saf karo pani thanda hota hai",neutral,negative,0.0621,0.8759
Vikram Bhai Tamru Navu film Kyare Aavse,neutral,negative,0.0621,0.8758
Gujarati picture na Jaykant Sikhre che 🔥,positive,neutral,0.0621,0.8758
Khoob saras Vikram Bhai,positive,neutral,0.0621,0.8757
Shu mal che yaar 😒 😅😅,neutral,negative,0.0621,0.8757
Sorry everyone but tme je kahyu ne whach men vishe ke tene fakt 2 kam j hoy chhe e comedy ma lai lidhu but ek whach men kyarey ena parivar sathe besi ne jami nathi shakta ne jyare badha tehvaro manave tyare te pote on job par hoy chhe ene kyarey koi tevar celebrate nathi karya hota emne Sunday ni raja bi nathi hoti . Aa badhu me feel karyu chhe kem k mara pap wach men chhe.,neutral,negative,0.0621,0.8757
🙏🏻 jay ma magal 🙏🏻 🙏🏻 jay ma sonbai 🙏🏻,positive,neutral,0.0621,0.8757
Gujarati filim Mast che ❤aa,neutral,positive,0.0622,0.8757
Jay ho kirtidan bhai. Hu tamne always sambhlu cchhu.sada vijayate🙏🏻🙏🏻,negative,positive,0.0622,0.8757
Jay ho maa sonbai 🙏,negative,neutral,0.0622,0.8757
Achaa lga aapko aise dekh kar 😊,negative,neutral,0.0622,0.8756
ગ્રીન સ્ક્રીન સ્ટેટસ જોવા માટે Mr.khodal officail ને સસ્ક્રાઇબ કરો,neutral,positive,0.0622,0.8756
1.50 kg keri par ketli sugar nakhvi,negative,neutral,0.0622,0.8755
Too many interruptions. Please let the guest speak,neutral,negative,0.0622,0.8755
Jakasss Hardik Bhai,negative,neutral,0.0623,0.8755
ohh jigar bhai tame to aatif aslam gujrat na,positive,negative,0.0623,0.8754
❤Jay sonal maa Jay mataji ❤,positive,negative,0.0623,0.8754
Bhu sadas.....ben😂,neutral,negative,0.0623,0.8754
Jay hoooo jay mataji,positive,neutral,0.0623,0.8754
Bovaj saras . Jay maa મોગલ,positive,negative,0.0623,0.8754
Gret job bhai,positive,neutral,0.0623,0.8753
Aap janbujkar shandhya  mango khati hi tabhi dikhate ho jese sarika hava khake jinda he,negative,neutral,0.0623,0.8753
"have ek favour tamaro joiye che, 
subscribe karjo channel so jevu navu kaik aave channel ma
 e tamara phone aavi jai!  bas aatlu j return ma mangu chu!  
i want k real manaso feel kare music rather than hu subscribers buy karu. 
bau mehnat and paisa invest thai che ek project bahar lavta! 
thank you mara vhalidao ❤️❤️❤️",positive,negative,0.0624,0.8753
supar songs vikram bhai,positive,neutral,0.0624,0.8753
Vaah Bhai Moj kardi,positive,negative,0.0624,0.8753
"It's weird as well as unfair ke koiae Karan Joshi &  Shruhad goswami na kaam ni taarif na kari,
What a brilliant performance they have given",negative,positive,0.0624,0.8752
Manan bhai tame ava funny highlights ni crisp clips pun as shorts banavi ne upload karo. Channel 100%vadhare spread thase. And definetly funny to che j,neutral,negative,0.0624,0.8752
Kai movie che,positive,neutral,0.0624,0.8752
Jai garvi gujarat,positive,neutral,0.0624,0.8751
This would have been different if manan didn't stop chirayu on his roast with that KAPLI or CHITHTHI,neutral,negative,0.0625,0.8751
Beta....Mummy kaisi hai😂,neutral,positive,0.0625,0.8751
Hot water se gund sakte hai plz tell,neutral,negative,0.0625,0.8751
Mem amne to kishor sarasiya khaja na j bhave che surti na nai😋😋,positive,negative,0.0625,0.875
Davayad khevad aav to nthi to naam le che khali,neutral,negative,0.0625,0.875
"We want our old Bhavin back!! Bhavin who is known for his content!! Bhavin who knows how to twist a trend and make it a new trend!! We want the reels which you post on Instagram on YouTube too!! Let you upload it at rarest but we want the creative Bhavin on YouTube too!! 

I am sorry if you feel hurt but your uniqueness is the thing which has attracted millions of people towards you❤❤🙂😊 #youareunique #bhavsena ❤❤",positive,negative,0.0625,0.875
Va thakor ha,positive,neutral,0.0625,0.875
He was good in Sapta padi with Swaroop Sampath❤ and in short film which I don't remember the name,negative,positive,0.0625,0.8749
Maro jiv jay❤,positive,negative,0.0625,0.8749
મારી beby ni beby 2 manth એ પણ rv joy,positive,negative,0.0626,0.8749
Kona Kuldevi mata Verai chhe e loko like to banta he.❤,positive,neutral,0.0626,0.8748
Jay jay jay ma sonalmat,negative,neutral,0.0626,0.8748
jay hoo thakor samajno,positive,neutral,0.0626,0.8748
Abhi bana leti hu 👍,neutral,negative,0.0626,0.8748
"Sarikaji, please tell which cooker was that which Bhumika has bought or carrying with her. I liked it. Please tell the brand name. Thks",negative,positive,0.0626,0.8748
"ટ્યારબાદ નહિં ત્યારબાદ ,nice recipe",neutral,positive,0.0626,0.8748
Jay Mahakal..jay shree krishna🙏,neutral,positive,0.0626,0.8748
Jaydeep bhai tame amne 2 bila apso?,positive,neutral,0.0626,0.8747
Bahut badhiya recipe mam jai mata di 🙏🏻🙏🏻,positive,negative,0.0626,0.8747
"Sarika ગેસ chhodti hi nai😅matlab किचन nahi chhodti kabhi pura kichan sandhya  ji ko bhi dedo pura khana pakate😂 nahi dekha vo said ka hi kam sop deti he sarika.. lekin me aapki siriyal dekhti hu to mere muh se hlki si smile 😊nahi jati pura vblog,.siriyal dekhte time rahti he😊😊😊😊",neutral,positive,0.0626,0.8747
"Baap eva beta.. AE KHAREKHAR KEHVA NI VAAT CHE.. 

REAL KEHVAT CHE.. 
Ma eva Beta 🤏👍🏻

Proven Really 👍🏻",positive,neutral,0.0627,0.8747
Om ne kem sideline karo cho bae?,negative,neutral,0.0627,0.8747
ha Mara Vikram Bhai ha,neutral,positive,0.0627,0.8747
ha Tiger ha,neutral,positive,0.0628,0.8744
French beans na hoy to eni jagya e su lai sakay?,negative,neutral,0.0628,0.8744
Bhai Sache ma Lagan kari lidha 😂,neutral,negative,0.0628,0.8744
Didi momos recipe asani se please please please please please please please,neutral,negative,0.0628,0.8744
Actually sari recipe chhe...pan aa kansar naa kahevay......Jada lot no shiro kahevay............,negative,neutral,0.0628,0.8744
Aadi na hair already saras j hata. He doesn't need any hair cut.,positive,negative,0.0628,0.8744
"Hamare ghar mai dhup nahi ata ,to mango sukhne ke liye kya ker sakati hu",negative,neutral,0.0629,0.8742
1var nak upar hoi ne bija khabha upar mitar kevai di di,neutral,negative,0.0629,0.8741
Masi chinta na karo. Atyare koi na thi bija nu sukh jovatu nathi. Ignor mar ne ka(jaydeep bhai ) bole che ne. I love your bonding. From U S A❤️❤️❤️❤️❤️❤️❤️❤️❤️,positive,negative,0.063,0.874
*Are are ruko jra Bhai akele akele 😏* #vishalians *aur* #samkesitaro *ko koun khilayega ham bhi to kab se wait kar rhe hai cake😋 ka😂*,neutral,negative,0.063,0.8739
gujarati channel and hindi or english ma podcast,neutral,positive,0.0631,0.8739
Ha photo janu taro,positive,negative,0.0631,0.8738
Aunty n faral nu khai n health bagde chey last ekadashi ma bhumi ben hata tyare b vayu walu khai n tabiyat bagdi hati bp high Thai chey stop doing upvas n aunty tame sari j pero u look soo elegant ni sari,negative,positive,0.0631,0.8738
ha moj 🙏 mari cenal subscribe karidejo🙏 jay ma sonal🙏,positive,negative,0.0631,0.8738
Kokam ma gor ni nakhvano,neutral,negative,0.0631,0.8738
Bhavin Dil vich kab ayega,positive,neutral,0.0631,0.8737
Gor na karta sugar vaparvi Ena thi ek dam-crispy bane,negative,neutral,0.0632,0.8737
Jorrr song che vikram bhai,neutral,negative,0.0632,0.8736
"Khub saras, Australia thi 👍👍💐💐",neutral,positive,0.0632,0.8736
Boom padshe navratri ma,negative,neutral,0.0632,0.8736
Jaydip bhai pela j sara lagta handsome atiyare kuposhit ne hadka j dekhay,negative,positive,0.0632,0.8736
Aa git sabhadine mara bhanej na vedanani Aashu Avigaya bhai bahu saru song che,neutral,negative,0.0633,0.8735
Tame picture na hero bano ❤❤,positive,neutral,0.0633,0.8734
Banne vahune sarkhi rakhay banne vahu shant chhe 1nu j nam na levay,positive,negative,0.0633,0.8734
Chicken me itna paani kaha se aa gya?,negative,neutral,0.0633,0.8734
"waah zabardast recipe , maa to maa hoti hai guruo ki guru ❤❤❤",positive,negative,0.0633,0.8734
Tamari jodi na koy ni najr na lage🧿🧿🧿🧿❤❤❤,neutral,negative,0.0633,0.8734
વાત કરવા માટે કોઈને ફોર્સ ન કરો એમની life માં તમારું કંઇક મહત્વ હશે તો એ સામેથી messages કરશે kalu..🥺🥀,negative,positive,0.0633,0.8733
.mara bhai supar,neutral,positive,0.0633,0.8733
Ketlo wait kriyo ave maja padi jase bapuuu ❤❤❤,negative,neutral,0.0633,0.8733
Kai no ghate👌👌,negative,neutral,0.0634,0.8732
Kinna sona tussi gatai ho❤️❤️,positive,neutral,0.0634,0.8732
Yammy chana dal lauki sabji recipe me bhi ishi tarike se manati hu,negative,neutral,0.0634,0.8732
Kbhal bhati khoti kro so aem  na hoy,neutral,negative,0.0634,0.8731
Murabbo vadhere stove par mukva thi vadhere kadak thai gayo che Teni chas kadak thai gai che Tene dhilo karva shu karvu.,negative,neutral,0.0634,0.8731
Har Har Mahadev 🚩 JAY MAA CHAMUNDA 🚩,negative,positive,0.0635,0.873
Chhelo divas change completely to Gujarati film industry..,negative,positive,0.0635,0.873
Rava ne Gujarati ma su kevay,neutral,negative,0.0635,0.8729
Ha thakor tamari Dosti,negative,neutral,0.0635,0.8729
Jignesh bhai bhu motu fan chu bhai tamaro,neutral,positive,0.0636,0.8729
Waha mast bent❤,negative,positive,0.0636,0.8729
મારી જોગણી માઁ ને પ્રાથના કરી શ કે આ ફિલ્મ Supar Supar record tode,negative,positive,0.0636,0.8728
Bahu Saras comedy Kare chedi bhai,positive,neutral,0.0636,0.8728
Comedy Factory ni shann che lavari🫡🫡🫡,positive,neutral,0.0636,0.8728
Jignesh bhai i have kindly request to you can you make a song that dado suraj re uge ne hinglaj sambhade re.. please please,negative,positive,0.0636,0.8727
"Khub sars bhai,  jay mataji, jay ma mogal",positive,negative,0.0636,0.8727
Sandya ji ko kbhi kha na banate huve nhi dekha kya bana nhi ata,neutral,negative,0.0637,0.8727
"તને મને જુદા કરી કુદરત રડ્યો,,,😭 વાહ👌 1 number",positive,negative,0.0637,0.8726
Lajavab jigabhai khub saras song,negative,neutral,0.0637,0.8726
Jay MA son,positive,neutral,0.0637,0.8726
Ha Amara ગઢવી હા. અભિનંદન.તમારા માટે અમારી પાસે કોઈ શબ્દો નથી.,negative,positive,0.0637,0.8726
Soyabean rice ni recipe share kro ne ma’am,negative,neutral,0.0637,0.8725
Om su khaine betho che bhaii sahabb!!!!!!!!!! GREAT JOB❤,positive,neutral,0.0637,0.8725
Kya chutiyappa h yaar..,neutral,negative,0.0638,0.8725
Wah su pari var che,neutral,positive,0.0638,0.8724
Manan bhai...tamne gadi chalvta joi ne have chakkar ave chhe...😂😂😂,neutral,positive,0.0638,0.8723
Mereg lkhy Jay phaci na karay mereg thy gaya che vahndho  nay pan vdilo m kaheta hoy ke merg khata thy Jay enu rijan ey che,neutral,negative,0.0639,0.8723
"Aapne bhagvane aapli vastu ni kimat j nathi…. Karodo rupiya karta sharir ni kimat vadhre che bhai,,,, get well soon bhai",negative,neutral,0.0639,0.8723
ખૂબ સરસ ભાવ આઈ સોનલ માં નો સુર સમ્રાટ શ્રી કિર્તીદાન જી ને વંદન ❤ સાગરદાન ખૂબ અદભુત કવિ કે દાન ધવલ ભાઈ કાપડિયા ના Music દિપકભાઈ મકવાણા DOP અને આખી ટીમ ને શુભેચ્છા માં સોનબાઈ કાયમ ચડતી રાખે જય સોનલ માં Congratulations 🎉 Kirtibhai ❤,negative,positive,0.0639,0.8722
બીજુ movie બરાબર નથી. 21 મુ ટિફિન નો જ વિડિયો બનાવો. વચ્ચે આવતી બધી advertisement જોઈશું.,negative,positive,0.0639,0.8722
Ha Bhai mara jem,negative,neutral,0.0639,0.8721
Bhai tumari voice bahut achhi he vikram tame sabse khubsurat dekhavo che,negative,positive,0.0639,0.8721
Bhut khub bhai,positive,negative,0.0639,0.8721
"In Andhra Pradesh we do differently, only red chilli powder,salt, Rai powder, add methi seeds, black chana, mustard oil as per ratio of how much Mango pieces you use mix with clean hands,store it in dry porcelain pots,close the lid with cloth tightly,third day remix to see if you need to add salt extra, hands should be clean and dry and whatever you are using for mixing, it will stay fresh for years",positive,negative,0.0639,0.8721
"કરસન બનેગા કરોડપતિ ખુબ જ જોરદાર હતું. મેં ઘણી વાર ઓનલાઈન ખૂબ જ શોધ્યું પણ નિરાશ થયો.

કોઈ મને જણાવી શકે કે આ audio ક્યાંથી મળી શકે?",positive,negative,0.064,0.8721
Jai shree Krishna 🙏 😊 mama bohot achey hay 🙏 😂😂,neutral,positive,0.064,0.8721
Discription box ma pani nu maap add karsho to saru.,neutral,negative,0.0641,0.8719
India's got latent ma comedy Kem nathi thati..,negative,neutral,0.0641,0.8718
Jay Ganpati Bappa 🙏,neutral,positive,0.0642,0.8717
Waah bapu કિર્તીદાન,neutral,negative,0.0642,0.8717
Morbi barish nathi,negative,neutral,0.0642,0.8717
Pura muvie dalo na bhai please ❤,positive,neutral,0.0642,0.8717
એક નંબર ફેમિલી ❤❤❤❤parulben ne fai ne ઓળખું છું,positive,neutral,0.0642,0.8717
Vah saheb avu banavta rho samaj upar upkar che...,positive,negative,0.0642,0.8716
Sandhya ne em che ke kam Bv kare to saru but dear sometime rest liya karo that’s ok ghar hai to thoda bigde ga . Enjoy your life as well,negative,neutral,0.0642,0.8716
Surat ma badha jain banave che,positive,neutral,0.0642,0.8716
Mari habhad lenari jati re Rahi 😫🥺😭,positive,negative,0.0642,0.8716
Hello jaydeep bhai sandhya ji se questions kab puchoge,neutral,positive,0.0642,0.8716
Ame pan lokdown thi vd joea chia hardik bhai na hair long kgf jeva hata,positive,neutral,0.0642,0.8715
Hardik bhai aap Gangtok ghumne jaaiye,positive,neutral,0.0643,0.8715
pls sir aje radha hu pukaru sairam bhai ni rachana,neutral,negative,0.0643,0.8715
"2:57 Road Rash is such an iconic game. Those days... Aa audio saambhdine game nu Menu thi lai ne gameplay, badhu yaad aavi gayu 🤩",neutral,positive,0.0643,0.8714
Nice receipe 👌👌 milkmaid nu biju kai option che? Milk masala powder ni receipe aapjo please 🙏,positive,neutral,0.0643,0.8714
Unche kalas par deep jale,negative,neutral,0.0643,0.8714
Sat suro ka behta darya sir plz Raag Sa the Ni re ga ma pa,negative,neutral,0.0643,0.8714
"Jay shree Krishna Masi ane Kaka ne 🙏❤️aje to bhai cute 🥰 vloger ye vlog chalu karyo mast mast so sweet Kanu ❤️❤️🥰Sarika nice line boli ke Kaka jagya banave che Ane Jaydeepbhai Jagya explore kare che 👍Jaydeepbhai ye ghar betha betha amne china batayu ane canton fair no
Najaro batayo bhai
Ketla badha manso hata . Saras Jaydeepbhai jovani maja avi 👏Hardikbhai ne pan hasta joya vat karta joya maja avi . Saras nice vlog 👌❤️Heju Kanu ne maro lad ❤️❤️🥰🥰badha ne mara jay shree Krishna 🙏❤️",positive,neutral,0.0643,0.8714
Ha jiga bhai maja aavi gy,negative,neutral,0.0643,0.8713
Jiga bhai.... JaaN chr tu mari😍,negative,positive,0.0643,0.8713
Ha ThAkoR ha,neutral,negative,0.0643,0.8713
Yrrr au song 6 yrrrr bauuuu j mast mast ketli vaar sambhyu yrrr ❤❤❤🫶🏻🫶🏻🫶🏻🫶🏻🫶🏻,positive,negative,0.0644,0.8713
કોઈ ની ગીર ગાય નું ઘી લેવું હોઈ તો કોમેન્ટ કરજો 1 k.g નો ભાવ સે 2100 કુરિયર થાય જસે,neutral,negative,0.0644,0.8713
Full song name su se,neutral,positive,0.0644,0.8712
અજી એક dj આલ્બમ બનાવો ને ભાઈ plzzzz Plzz Plzz Plzz plzzz plzz plzzz plzz plzzz plzz plzzz,negative,positive,0.0644,0.8712
Kitna cute yrr 🙈👅,neutral,positive,0.0645,0.8711
Panchayt aavi Rahi 6 tamne bhi game 6 ne jojo 23 june,neutral,negative,0.0645,0.8711
Gay ae gay pachi aavi nay miss you ❤️ Sonu 💕 .....,neutral,negative,0.0645,0.8711
Ha Jigabhai Tamara Song,neutral,positive,0.0645,0.8711
અરે ભાઈ MP 3 song,neutral,positive,0.0645,0.8711
Khub khub saras Vikram thako & jitu bhai,neutral,positive,0.0645,0.8711
Love ni Bhavai aa banne ni story chhe have khabar padi yaar 😂😂,positive,neutral,0.0645,0.871
Ha Mari Rama Lakhanani Jodi,negative,neutral,0.0645,0.871
Jay Jay son Bai 🙏🙏🙏🙏🙏🙏🙏🙏🙏🙏🙏🙏🙏,neutral,positive,0.0645,0.8709
"Dhunki nu title song bollywood ma che a rakhi do,dhunki dhunki lage",positive,negative,0.0645,0.8709
Jaidev Gaye Ham Jamnagar se bol re Bhoomika didi achcha Ho Gaya a gaye aur bhumika didi ka Pati nahin Aaye aadi Shiv bahut super unka hair cutting ka super Ho Gaye,neutral,positive,0.0645,0.8709
Please bhai lavari ma Sara Sara selibreti aave chhe to bas khali shofa badli nakho mari aatlij request chhe,positive,negative,0.0645,0.8709
Jay Sonal ma madhda Vali ma 🙏🙏🏼🙏,negative,neutral,0.0647,0.8707
Shardama ae rang batavi didho hve samjai che k chhokrio km nthi aavti end aave che pn vimlamasi hta tevo mahol nthi hoto .tme jeva hta tevu tme kale video ma vastvikta batavi didhi.mans ne ek var ma j olkhai jai .Sarika no nature Saro na hoi to te sasriya ma aavi rite na raheti hoi .hu koi var comment nthi karti bt .tme j bolya sardamasi te bilkul yogy na hti .k.k dikriyo tme Manta hoi to aavu koi divs na bolo .kadach bhul hoi to pn dhankvano prayas karai .koi mate kryu hoi te ganavvanu na hoi.,neutral,negative,0.0647,0.8707
હા મોજ હા #PUDIGITAL,neutral,positive,0.0647,0.8706
Ham ko bhi juda honese dar tha lekin majburi ne juda kar Diya,negative,neutral,0.0647,0.8706
Khub j mst chat bnavi SHEETALBEN…su tme airfryer use kro cho to eni pn recipe share krjo ne nd ha me tmari recipe joi ne panipuri sathe khavato masalo bnavyo hto je bdha ne bahu j gmyo hto tyare mara family vada bdha lai pn gya hta mara pase thi bt hve hu a recipe sodhu chu ketlay time thi bt mdti j nthi tmara koi pn pani puri ni recipe ma toh su tme plzz share krso k❤❤,neutral,negative,0.0647,0.8706
Mare pn singer banvu che,negative,neutral,0.0648,0.8705
Kyu tumhe chahe ❤️❤️,positive,neutral,0.0648,0.8704
44:30 mineet par vicky su bolyo khabar naa padi😂😂,negative,neutral,0.0648,0.8704
Manan bhai koi pan jaanvaar bani ne ek vaar los santos custom javanau try karo su thay che aae jovanu che.,positive,neutral,0.0649,0.8703
Tamari movie preet janmo janmni bhulase nai kyare re realse thase i am waiting for your move 😊,negative,positive,0.0649,0.8702
28 Feburary ae kon shabde che....❤❤❤,negative,neutral,0.0649,0.8702
Tame kay brand ni kadhai vapro so please share karo ne,neutral,negative,0.0649,0.8701
"He said the truth.. Aashiqui, written from A Star is Born...This myth of music cd first and movie later is B. S. The story was ready.. script written for Indian audience..songs ready...Dil Hai Ke Manta Nahin is C.C. of ""It happened one night""...The genius is in adaptation and dialogues.",negative,positive,0.065,0.87
Bhai tame videsh raho choo🥰🥰🥰,neutral,negative,0.065,0.87
Ha Mon ha,positive,neutral,0.065,0.87
Ishita nai Englishaa medam.....,neutral,negative,0.065,0.87
Ma'am ❤ Very tasty 😋😋 Pls Ma'am kha ke dikhaya karo,neutral,negative,0.065,0.8699
Sarika bov premal che balkonu ketlu dhyan rkhe che🎉,neutral,positive,0.0651,0.8699
VIDYAKUL GUJARATI ni Team EXAM pachhi PLEASE PLEASE PLEASE PLEASE 🙏🙏🙏🙏🙏🙏,neutral,positive,0.0651,0.8698
Khub saras jaydev gosai ❤,neutral,positive,0.0651,0.8698
Such me bhut hi achha bnaya h dii ❤❤❤❤ Jai mata di 🙏,positive,negative,0.0651,0.8698
Sinagar. Mare. Banavu. Se.,neutral,negative,0.0652,0.8697
Tamaru bili nu zad ne aena chhayda ma hinchko bahu mast,positive,negative,0.0652,0.8697
Ma mogal tamaro Adhar,neutral,negative,0.0652,0.8697
Men tamari recipe khoob saras 6e.pan mem palstik per garam chiki mukvathi chiki ma plastik nu camical n Jay?,neutral,negative,0.0652,0.8696
"The receipies is very nice, but.I don't know why all are using plastic containers and hand tools ( Chamacha/ Tavetha etc. It is carcinogenic when હીટર or used in હોત receipies. You can use wooden /steel hand tools along with steel kadai.",neutral,positive,0.0653,0.8694
kavi k dan ji wah rachna jay sonal ma,neutral,negative,0.0654,0.8693
Bhabhiji ghar pe hai   aa pan movie banyu se,positive,neutral,0.0654,0.8692
Surti Thai...gajab...😂😂😂👌🏻👌🏻👍🏻,positive,neutral,0.0654,0.8691
Phele garebe apne des che hathavo bad me vekas kare,negative,neutral,0.0654,0.8691
Hi mare pn Sparsh ma chaluu che treatment...for deesa Gujrat...❤,positive,neutral,0.0654,0.8691
Warning: Paani peeta video jovo nai... Maara jevi bhool kripya tame bi naa karta,neutral,negative,0.0655,0.8691
Kya song he ❤❤❤,positive,neutral,0.0655,0.8691
Kirtidan bhai tmne joi ne dil ma moj pdi jay che ho 😄❤️,neutral,negative,0.0655,0.869
So sorry hum kisi ek ko nhi de sakte ham dono ko denge vot,neutral,negative,0.0655,0.869
Diet ho to aise 😂🌝,neutral,positive,0.0655,0.8689
Wow di super tasty aap to Banaras ki chat se bhi achcha banaa leti Hain main bhi Banaras Se Hi hun,negative,positive,0.0656,0.8689
Mast akadam mast.....,positive,negative,0.0656,0.8687
"Jai Shree Krushna Everyone 🙏❤️
Fajito Old Recipe Che . Bhavnaben Happy Journey & Jai Shree Krushna 🙏",neutral,positive,0.0656,0.8687
Ha tamari bhai bandhi ha,neutral,negative,0.0657,0.8687
Tamara lidhe varsad bhagi jai che,neutral,positive,0.0657,0.8687
Ek like dahod thi ❤,positive,neutral,0.0657,0.8686
Maaro Bhai aavo j che same ❤❤,negative,neutral,0.0657,0.8686
Itni si bat hai mujhe tum se pyarr hai 🤭🤭🙈🙈❤,positive,negative,0.0657,0.8686
"so so tasty mouthwatering ab goa toh nhi ja skte par wahan ki dish jarur try krungi chef kabita ma,am",neutral,negative,0.0657,0.8686
Schools just open thai chhe to KG vala chhokrao mate saras content banayo chhe😂👏🏻,neutral,positive,0.0657,0.8686
Mara ghare thi keta ta pn mne nth favtu,negative,neutral,0.0658,0.8684
Va va su vat che bhai bhai,neutral,negative,0.0658,0.8684
Su nil. Katara,negative,neutral,0.0659,0.8683
Jignesh barot ne saru lagyu hoy to like karo bhai,neutral,negative,0.0659,0.8682
Sarikaji no face water melon jevo che,positive,neutral,0.066,0.8681
Atyare Tara Salman bhai Ney kok gote che....😅😅😅,neutral,positive,0.066,0.8681
Jay Mataji 🙏 kera kutchh,neutral,positive,0.066,0.868
Mor na  enda ne chitarva  na pade e hezu e prove kari batavyu 6.. khub  j progress karshe tamari dikri..   mara khub khub aashirvad.. badha ne Mahal.❤😊,positive,negative,0.066,0.868
Jamnagar vaado saaro che bhai. Shodhi khaado ene. ❤️❤️,positive,neutral,0.066,0.868
Sorry lawari team but aa show mane porsonoly na gamyo kem ke aama aaje mane khabar padi ke mara favourite singer je hata kirtidan gadhvi e have nathi rahya kem aa show na madhyam thi mane khabar padi ke amna ma abhiman bau che.😢,neutral,negative,0.0661,0.8679
Jay ma sonal...Jay ma sonal...Jay ma sonal...,neutral,negative,0.0661,0.8679
Ha vikram bhai jorrr,neutral,negative,0.0661,0.8679
VAH CHAARAN VAH...EK MATRA CHARAN EJ GUJARATI LOKGEETO  ANE BHAJANO NI ASMITA JEM HTI TEM J JADVI RAKHI CHHE...DHANYA DHARA SORATH BHALIYAMNI JYA RATAN PAKTA AAVA...🙏🙏🙏,positive,negative,0.0661,0.8679
💕💕💖Nice Story Bhai 💖💕💕,neutral,positive,0.0661,0.8679
Uncle ne joi motivation made chhe aa age ma pan bahu j mahenat kare chhe 😊,positive,neutral,0.0661,0.8678
Sir muje gta v free me mil sakati hai kya ?,neutral,negative,0.0661,0.8678
Consistency thi video aave chhe,positive,neutral,0.0662,0.8676
Jigarstudeo ma song lavo ❤❤❤,neutral,positive,0.0662,0.8676
Tharmes. .very. .સ્માર્ટ,neutral,positive,0.0662,0.8676
Supar song. vikaram bhai,positive,neutral,0.0662,0.8675
LSG ne pela tha🤪🤪🤪🤪🤣🤣🤣😂😂😂 2 baar Ghanta no1 team 😂😂😂😂😂😂,neutral,positive,0.0662,0.8675
Jay sanatan dharm,positive,neutral,0.0663,0.8675
Maa e to maaa j che,negative,neutral,0.0663,0.8674
Jigardan tame kasbara na cho ne,positive,neutral,0.0663,0.8674
Sorry about the audio guys but there was a malfunction in our lapel mics which we did not realise till the end of the shoot. We tried our best to refine the audio. Will take care moving further.,positive,negative,0.0663,0.8673
Mahenat pan 250 thi 300 rs jevij che ho...,negative,neutral,0.0664,0.8672
jaydeep tumhara naya look nahi achcha lag raha hai,positive,neutral,0.0664,0.8671
"Ac lagavi dyo evu kai nathi k bahar na rehvay ,thodi var ac chalu kari ne pachi bandh karo fan chalu kari dyo,easy lai j lyo jaydeep bhai 😊,leso pachi badha ice jeva thanda thai jase",negative,neutral,0.0664,0.8671
movie apalod koi રજવાડી છીએ અમે માનપુર રહીયે,positive,neutral,0.0665,0.8671
Mane fari thi aa movie Jovi chhe free ma kya jou,negative,neutral,0.0665,0.867
bov vat joi ho kirti bhai,neutral,negative,0.0665,0.867
VHA MARA JIGARA JAAN JIGA MARI JAAN VHA 🥰🤨😝,neutral,negative,0.0665,0.867
Video kye aavse aano,positive,neutral,0.0665,0.867
"Jamnagar, Jamnagar ho",neutral,positive,0.0665,0.867
Jay thakor shamaj,positive,neutral,0.0665,0.8669
Nahi pata sorry 🙅,neutral,negative,0.0665,0.8669
Ma'am maine soya sauce ko pan mei dala toh wo chipak gya😢? Kyu,neutral,negative,0.0665,0.8669
Jaydeep bhai tamara videojovani bovmaja ave che mumbai thyi viral  rathod ni ben,positive,neutral,0.0666,0.8669
Jaydeep bhai tamey Hair style ni su haalat kari che,negative,neutral,0.0666,0.8669
jay ma sonal aaai mdhda vari,neutral,negative,0.0666,0.8668
Tamara thi bhul thi video ni anadar gajjar ni rabdi lakhi che 0.12 ma,negative,positive,0.0666,0.8668
Bahu j saras muthiya ni receipe.... Hu jarur thi try karis,positive,negative,0.0666,0.8667
Meri bhu gai thi bhut achi tarah se darsan thai gaya,positive,negative,0.0666,0.8667
Tamaro moto dost singer gadhvi Jay mataji,neutral,negative,0.0667,0.8666
Ha jiga ye hachvi evi tane koun hachav se 💯💯💯💯,neutral,negative,0.0667,0.8666
Is Dinkar bhai Anavil Bhraman che.I am Ab. Amari jat  mo par badhun kahi daie..,neutral,positive,0.0667,0.8666
jorrrrrrrrrrrr bhai nice thakor ni moj bhai good,neutral,positive,0.0667,0.8666
Bhuj Sara bani chhe,positive,neutral,0.0667,0.8666
Tamara song mane bahu game,negative,positive,0.0667,0.8665
Vahh shu song che dj 😂😂,neutral,negative,0.0667,0.8665
A bhai kay ay song he,negative,positive,0.0668,0.8665
Hindola bauj mast banaviyo che❤❤❤krishna kaniya lal ki jai😊,neutral,positive,0.0668,0.8664
Sahi h mai bhi karti hu❤❤,negative,neutral,0.0668,0.8664
Bolavi lidha pachi khabar pdi hase ke aama funny kai natu,negative,neutral,0.0668,0.8664
"Koe jo potanu hoy to duniya 
Nice antra ,,,,,,",neutral,positive,0.0668,0.8663
Maido na nakhvo hoy to mam optional ma su use kri sakay?,neutral,negative,0.0668,0.8663
Vikram bhai tamaru navu song kai tarikhe aave che,neutral,negative,0.0668,0.8663
Prafulbhai tame madhusudan vyas sir ne olakho sho?,neutral,negative,0.0668,0.8663
Ha moj maara bhai jiga...,negative,positive,0.0669,0.8663
Tme kaka bapa na mama masi na bhaii nai ek be chokra chee to aatla badhaa handsome koii ke be chokra na baap che aatla handsome beautiful man choo aema pn Jaydeep bhaii too tip top kapda shoes phone watch BMW❤ jordarrr😂❤❤sarika Ben dhyan rakhjo 😂😂,neutral,positive,0.0669,0.8663
ahhhhhhhhaaaaaaaa wahhhhhhh su avaj chhe ahhhaaa wahhhh,neutral,negative,0.0669,0.8663
I m the one to comment first jd bhai plz dhyan rakhjo,neutral,positive,0.0669,0.8662
Saru lagyu sunny bhai ne,neutral,negative,0.0669,0.8662
Amerikan makay no dakho banavo bov mast bane che tamne bhavshej,positive,negative,0.0669,0.8661
Jay ho ma madhda vali,neutral,negative,0.0669,0.8661
Jay son bai,positive,neutral,0.0669,0.8661
Bhai bahu badha singer che guj ma pan a thakor talented Lagya. Baki badha nasib thi chale che,neutral,positive,0.0669,0.8661
Jay Sonal i,neutral,positive,0.067,0.8661
Khodana થી મહેશ ઠાકોર તરફથી ફૂલ સપોર્ટ ❤,positive,negative,0.067,0.8661
I have noticed that Jaydeep shows Hardik and Sandhiya when either they are eating or relaxing together. He shows Sarika only when she is cooking or cleaning her room. He should capture all the activities of all the family members,positive,negative,0.067,0.8661
Joradar Song bhai,negative,neutral,0.067,0.8661
Jy ho Gadhvidaan,positive,neutral,0.067,0.866
Maru naam bi sandhya j che ane mare bi 10th ma 60% ane 12th ma 56% aya haji aaj varshe 12th kryu 😅😅 we are same ❤❤ love from Ahmedabad,neutral,positive,0.067,0.866
"Khoti rit chhe aa,desai vada nahi aa",negative,neutral,0.067,0.8659
Jay ho jignesh kaviraj Bhai super song જીગ્નેશ કવિરાજ ના ફેન એક લાઈક તો કરો Subscribe my chenal AB bhatvasiya please,positive,negative,0.0671,0.8659
Ha mara bhagwan Jay mogal Jay kirtidan,negative,positive,0.0671,0.8658
Jay Mataji Haa Mojj Haa #Pramod_Gohil_Official,positive,negative,0.0671,0.8658
Jay Mogal  aave hoy Charan ne dekareyu Jay mogal,neutral,negative,0.0671,0.8658
Dada vadi sachve che and baa ghr sachve che koi ne alg revu na gmtu hoi but baa dada emni faraj nibhave che ane bnne emna family mate mehnat kre che family bdha potani faraj nibhavi ne chale che ek bija nu dhyan rakhe j che aaj comments vachi ne personally hurt thayu ❤❤,positive,neutral,0.0671,0.8657
Mara Mummy Aaj Rite Ladu Banave Che Super Tasty Pan ame Besan ni Jagya Par Ghav No Lot Laye Chiye Baki Test Etle Lajawab ❤😊,neutral,positive,0.0672,0.8655
The name Rabari is enough ❤🔥,neutral,positive,0.0673,0.8655
Jay mogal kirtidan ji,positive,neutral,0.0673,0.8654
Tigar to Tigar j che,neutral,positive,0.0674,0.8653
Oyy manan me pelo aayo chu like kari ddhu ch ave mari comment ne like kar samjyo,positive,neutral,0.0674,0.8652
JAy Jay jay Mogal,positive,neutral,0.0674,0.8651
Congratulations 🎉 kabita ji. At top point of food ninjas on YouTube still you are so humble❤. . My go to recipe channel. Now my husband also follows ur recipes only. For any cravings he have😂. Btw he is trying dieting.,negative,positive,0.0674,0.8651
Jay maa sonbal,negative,neutral,0.0675,0.8649
Aaj sanivaar 6 so Hanumanchalia ya chopai voljoजै जै जै हनुमान गोसाईं । कृपा करहु गुरु देव की नाईं ।।શ્રીરામ જય રામ જય જય રામ,negative,positive,0.0676,0.8649
"Kitna sundar episode tha, watching it from rajasthan. Understood some of the jokes but maza aaya dekh ke hardik bhai and family ko . Congratulations hardik bhai ❤❤",positive,negative,0.0676,0.8648
Mein odisha se hun mam ❤ aur ye humare fav dish h pakhala bhat❤,positive,negative,0.0676,0.8648
Kad na chokha ne english ma su kehvai,negative,neutral,0.0676,0.8647
Bhagavan tame badhane sukhi rakhe,positive,neutral,0.0676,0.8647
Wah su mithas chhe dost,positive,neutral,0.0677,0.8646
"Yaar Tamara aa badha geet music app ma add karavo ne 
Wynk vagere vagere",positive,negative,0.0677,0.8646
n.kઘાયલ 💔,negative,neutral,0.0677,0.8645
"Hello TCF guys tamne Loko ne atlo bdho self doubt Kem chhe , ke lavari na bdha video na promo poster ma matha upar potana name lkhavo chho. Don't worry atla bdha video pchhi public tmne odkhej chhe.",neutral,negative,0.0677,0.8645
Saras pan lasan nakhyu hot to vadhare testy lagat.,neutral,negative,0.0678,0.8644
ટૂંકી આ સફર માં જીવન ના ઘણા રૂપ જોયા છે... તમે એકલા શાને રડો છો સાથી તો અમેય ખોયા છે....😭😭😭😭 Misss you sis...😭😭,neutral,negative,0.0678,0.8644
jordaar jiga bhai,neutral,negative,0.0679,0.8643
Adah sharma ne ketli vapri e puchvu tu ne yaar,neutral,negative,0.0679,0.8643
Jay. Mogal ma,neutral,negative,0.0679,0.8642
Jaydeep bhai sav bayu jevu modhu lage chhe bhai nathi saru lagyu jarai,negative,positive,0.0679,0.8641
Bhailu.. repeat mode ma chale che aa song... on loop,positive,negative,0.068,0.864
😂😂ka to bdhu English bolo ka bdhu Gujarati bolo,negative,positive,0.068,0.864
Jai Ganapati dada,positive,neutral,0.0681,0.8639
Oil vali tuvar dal to doi ne vaparata shikhavo,negative,neutral,0.0681,0.8638
bhai no tention 10 divasma 100000 thi vadhu lovo sub. karse jiyo bhai mojj mojj,positive,negative,0.0681,0.8638
Team07 bhii he puri or vo eshan masih bhi jo in sbme sabse ganda hai 😅😅😅,neutral,positive,0.0681,0.8637
Bhai to Bhai chhe Yarr ❤😊 vikram on fire 🔥,positive,negative,0.0682,0.8637
Mane to 2018 nu best....mogal ma nu song lage se yrr...........jay mogal. .,positive,negative,0.0682,0.8637
"Mai bhi banti hu yeh recipe but steam wale tarike se, mere husband ki bahut favourite hai, aapne UP ki bahut traditional recipe share ki hai that's great 👍🏻",neutral,positive,0.0682,0.8636
Whaa kirtibhai khub saras rachna saras Rag gai ❤,neutral,negative,0.0682,0.8636
Khub Khub abhindan,negative,neutral,0.0682,0.8636
Desai vadama ghau ane juvar no lot Lebanon hoy che,negative,neutral,0.0682,0.8635
Ha Bia hol moj ha,negative,positive,0.0683,0.8635
Sab par gannu bhaiya kripa kareinm,negative,neutral,0.0683,0.8634
Sandya ae kale hidola banya ta aunty kuch na bola aej sarika na banya ta bhavana ben nae vakan kiya kuy ase. Sandya nae bhee bhuout achha banya tha. Bhavana ben or jaydeep only sarika ka jayada vakan kerta hae. Viwer sab notice kerta hae. Bhavana ben vlog mae sandya ko itana tak tak kerta hae ta pure din ase hi kerta ho. Sandya sanskari perent nae dikri chha ka kay bolete nathe. Thode limit rakho nahi ta jase kerne vasee bherne.,neutral,positive,0.0683,0.8634
ha moj ha moj ha baaki ha tamari moj mara bhaina rolapahobaaki,negative,positive,0.0683,0.8633
I wish ki Mam aap sab kuch achieve kare jo aap chahte ho kyuki apki sadgi aur apki sweet smile dil ko khush kar deti hai 😊❤,positive,neutral,0.0684,0.8632
Bhai mardaani 2 me kya  acting ki 😮😮🎉🎉 maja aa gaya,positive,neutral,0.0684,0.8632
Hardik bhai e dhime thi laffo  maryo to pan bhabhi e toh jordar laffo maryo,positive,neutral,0.0684,0.8632
Jay son bai 🙏,neutral,positive,0.0684,0.8632
Apada des ma garib pabalic che ye loko kyathi bharat texi yuj kare bichara garib pabalic Jay hind,negative,neutral,0.0684,0.8631
"Kirtidan Gadhvi sir and jignesh kaviraj sir(Tamara mate 1 line lakhvi hoi to) JYA""Gujarati mare entry to dole aakhi country""",negative,positive,0.0685,0.8631
Ha joga ha,positive,neutral,0.0685,0.863
Ha. Moj. Vikram. Thakor,positive,negative,0.0685,0.863
Sir fee mara friend ae aena phone ma qr code scan kari pay kri didhi to have mare form ma fee bharva nu aave chhe aema su karvu friend ni id nakhi dav,negative,neutral,0.0686,0.8629
Aaje khabar padi Ajju bhai b Gujarati che😂,neutral,positive,0.0686,0.8628
Aap aisi nazaro se dekh lete ho ki sharm aa hi jaati h 🙈,neutral,negative,0.0686,0.8628
"Load aavi gyo bhai. Hasu to aavyuj nai aa show ma. Hase...bija episodes bau saras rahya che but.👌
Ek be vaar lagyu ke kirtidanbhai e uncomfortable kari didhi team ne And they covered up somehow.😅",positive,negative,0.0686,0.8628
"ગુજરાતી હું છું.....❤️ ઓહ માય ગોડ.....આમ સાંભળીને મજા પડી જાય બોસ....એમાંય વિજયવિલાસ પેલેસ , રણ આ બધું જોઇને તો આમ ગજબ નો ગર્વ અનુભવ થાય.....તું ને હું મળીને બને ગુજરાત....Love It ❤️",positive,negative,0.0686,0.8628
"Agr zindagi mai sabkuch accha hona chalu ho jaye,to hame zindagi bura lag jati hai❤️ 
So zindagi se kabhi shikayat mat karna or dimotivate to bilkul mat hona,just khulk jiyo aapne life ko and don’t forget we fans are always there for you😊❤️❤️",positive,negative,0.0686,0.8627
Mast che ben☝👌👌👌,negative,positive,0.0687,0.8627
"Please ek mahadev na bhajan nu mushup banavo ...
Srawan mahino aave chhe   . ..
Mahadev har",positive,negative,0.0687,0.8626
Saru.che tamare varsad che.aamara.Aamdavad.ma.to.varsad..j.nte,positive,neutral,0.0687,0.8626
Hollywood જેવીજ filling આવેછે હો ♥️♥️♥️♥️♥️♥️♥️♥️♥️♥️♥️♥️,neutral,positive,0.0687,0.8626
Wah jigabhai wah shu git chhe,neutral,positive,0.0687,0.8626
બહુજ j બહુજ મજા આવી,negative,positive,0.0687,0.8625
Jay chhathi Maiya ki Jay chhathi Maiya ki,positive,neutral,0.0687,0.8625
Jay Sonal ma Kirti dan bhai gadhavi,positive,neutral,0.0687,0.8625
Saras Vikaram Bhai Jordar Sog,neutral,negative,0.0688,0.8625
Jay Shree Ram .❤❤❤❤❤🎉🎉🎉🎉🎉,positive,negative,0.0688,0.8624
Gujrati ma avuj bolae,negative,neutral,0.0688,0.8624
Ha moj ha wala,negative,positive,0.0688,0.8623
Khub j mast cbanavi che🎉,positive,negative,0.0688,0.8623
Aap teeno kuch toh #shoot kar rahe ho...sam  bhi waha pe hi h..uske reels may wahi background h..,neutral,positive,0.0689,0.8623
Hello Jaydeep bhai aam loko UAE ma shajarh ma stay karya che we all are safe here and tmaro video joyo am ne dubai ma gama che..😁😁😁,neutral,positive,0.0689,0.8623
Surat ma to khub j pade che khub saras😊,positive,negative,0.0689,0.8622
"Hu comment kari dau pahela,aa Live joyu hatu ❤.
Chhelle dance chhe.",negative,positive,0.0689,0.8621
Bhai hun canada thi jovu chhu plz jene invite kariya hoy ane thodu bolva do please request mane jovu game chhe but a ek vat chhe je thodu vichitra lage chhe over thavani jarur nathi ❤,negative,neutral,0.069,0.862
Su Vat Che,positive,neutral,0.069,0.862
🙏Jay ranchodray har har mhadev jay mataji🙏,positive,negative,0.069,0.862
Sandhya kam bahut kam karti hai kamvali bai sa kam karo,neutral,positive,0.069,0.862
"Dinesh masa - Lion because wo ghar k head hai or pure chidiya Ghar ka dhyan rakhte hai 

Bhavana masi - Koyal because wo achhe achhe bhajan gate hai or mitha mitha bolte hai 

Jaydeep bhai - Peacock because wo achha achha bolte hai vlog dekhne me maja ata hai (tahuka krya kre akha ghar ma)

Sarika didi - Cow because didi ka nature bahot dayalu hai or sab ko pyare lagte hai

Hardik bhai - Duck because wo apne zone me enjoy krte hai shant beth kr

Sandhya didi - Sparrow because apne time me wo kam kr ke thoda thoda khate rakhte hai (chanya kre thodu thodu)

Both children - Cute Rabbit because dono bahot pyare pyare hai",neutral,positive,0.0691,0.8618
Lage che deep and abhishek  vache kaik 36 no akdo  che,positive,neutral,0.0691,0.8617
Unknown fact :- after the video all of them took 10 mins to find the single coin  :),positive,negative,0.0692,0.8617
"Dada - lion ,bhavna ben - lioness n koyal, jaydeep  bhai - monkey ( in good way ahiya thi tya travel kare sarika- cow pun ane lioness pun , Hardik bhai - elephant badhu kam kare ghar nu bahar nu ,sandhya-  ostrich  ahi thi tya kudya kare I mean kam kare😊, hezal - peacock  ,Kanishk - parrot n monkey 😊 sorry if u all hurt 😅",neutral,positive,0.0692,0.8616
Amaro Mahesh SAVANI a 4000 dikri ne sasre valavi chhe ho. Kok to nondh lejo🙏,negative,neutral,0.0692,0.8616
Mataji tamari badhi manokaamna puri karein🙌,neutral,positive,0.0692,0.8616
Have bommmmm padshe ho baki 👌,negative,neutral,0.0692,0.8615
"Aje sandhya bau saras lage che 

Jay shree Krishna",neutral,positive,0.0693,0.8615
Jay mogal ma Jay somanath,neutral,negative,0.0693,0.8614
Aaraskeasessan hai to dab Gujarati gharana Mai Banta hai,positive,neutral,0.0693,0.8614
"ખજૂર પાક માટે ખજૂર કયુ સારૂ , તેના માટે એક કિલો ખજૂર હોય તો કાજુ , બદામ કેટલા gm લેવા ?",neutral,negative,0.0694,0.8613
Aa kayo award che samaroh ?,negative,neutral,0.0694,0.8612
Khane ka mann kar raha hai 👍😋,negative,neutral,0.0694,0.8612
The legendary role of shree krishnadevray by manav gohil in tenali rama,neutral,positive,0.0694,0.8612
Jiska intezar tha aa gya❤️❤️❤️❤️,positive,neutral,0.0694,0.8612
Saras natak che,neutral,positive,0.0694,0.8612
Tame sarika didi ni j vlog ni clip batavo amne e bov game che amne em thay che ame khud tya gya chiye please tame Sarika didi ni vadhu clip batavo,neutral,positive,0.0694,0.8611
બેવફા song ના બેતાજ બાદશાહ... King Jignesh Barot 😎,neutral,positive,0.0695,0.8611
Ketlu vavetar na aakda chhe pan shti ti su chhe e khabar nathi,negative,neutral,0.0695,0.8611
Jay babari 8401769790 vikram bhai voadkaro,positive,neutral,0.0695,0.8609
tamara gameplay+commentary jevu relaxation kyany nathi yaar,negative,positive,0.0696,0.8609
Ye log aj bhi tiktok ki duniya se bhr nh aaparhe hai chapri k chapri hi reh gye 😂😂😂,neutral,negative,0.0696,0.8608
Gitaben soni Kalakar Ahmedabad thi Jay mataji 🙏 Jay bholenath 🙏,positive,neutral,0.0696,0.8607
Lage che k Manav e pehla j kahi didhu htu k... mne bolva dejo.....😅,negative,positive,0.0696,0.8607
Masi Moj karo bija na ja lagwu hoi ta laga 🙏,negative,neutral,0.0696,0.8607
Me bhi gai thi aaj pink run marathon 5km❤,neutral,positive,0.0697,0.8607
"Ohh hoo, kya galti kar di dilne Mr. handsome 😂",neutral,positive,0.0697,0.8606
Kiyare aave6 vikram bhai,neutral,negative,0.0697,0.8606
"When I listened to this song
I remember one of my best school moment that in school our break time interval is 20 minute and I have completed me and my friends have completed our tiffin in 10 minute so we are roaming here and there and my crush was passing by and my friends started singing this song..and I was like he will know today that crush on him...😅😅😅",negative,positive,0.0697,0.8606
Maine kalonji ko kala jeera bol diya hai yaha galti se .. maaf kijiyega 🙏 description me maine kalonji (nigella seeds ) he likha hai .. aap bhi kalonji he use kare,negative,neutral,0.0698,0.8605
Bhavish and Faizu apna alag Magan hai😂,neutral,positive,0.0698,0.8605
B 12 ki kami puri karane ke liye phale ke jamane me atahana khate the tab kuch b 12 vitamin ki kami kabhi nahi hoti hal koi khate koi nai khate atahana ... Jaydeep bhai jo  mari comment gami hoy to maru nam lejo ..kajal rajput ...,neutral,negative,0.0698,0.8604
Kitne din store kar sakte hai didi pls reply,neutral,negative,0.0698,0.8603
HADAR MITHA vada KERI na TUKADA ne PANI THI DHOVAY ?PANI thi DHOVATHI jo PANI  rahi jay to ATHANU gau SAMJO AKHA VARSH ni MAHENAT PANI MA,neutral,negative,0.0699,0.8602
Jordar song banaviyu che bhale view ocha hoy pn jene joyu che ne e ek var to radyo j hase,negative,positive,0.0699,0.8602
Bollywood ma gava kyare javu chhe bhai.,neutral,negative,0.07,0.8601
jignesh bhai tame haji khub sara amara vishnav na shree dwarikadhish na song banavo,neutral,negative,0.07,0.86
Ham chote the to bakhai aamli bolte the☺️,neutral,negative,0.07,0.8599
Bahuj Saras ho bhai,positive,negative,0.07,0.8599
Ha mara vikaram thakor ha,neutral,positive,0.0701,0.8599
Maja aane wala hai 🤩🤩,positive,neutral,0.0701,0.8599
Mari beby 2 year ni 6e to bi krushna mantr aavde 6e kanu sikhija je ho,positive,neutral,0.0701,0.8599
"Mistry..... Te haji ghanu badhu nathi sambhalyu.... 😅😂  aaj sudhi... 
MC... Su samje cho bhai... Potane  !!!!?",positive,negative,0.0701,0.8597
dariya choru e moti kaka mare tari hare thodi var karvi se ho😅,neutral,negative,0.0701,0.8597
Concept thik che pan casting for the heroin role could be the better ...,neutral,positive,0.0702,0.8597
Jay jay shree dwarika dhish,neutral,negative,0.0702,0.8597
Jordar comedy che,positive,neutral,0.0702,0.8597
જય માં સોનલ.... જીયો ⭐ Dan,negative,neutral,0.0702,0.8597
jay ma bhavani jay ma bhaguda vali mogal,neutral,negative,0.0702,0.8596
jay ho sardar,neutral,negative,0.0702,0.8596
Didi itne din AP kaha thi.,neutral,negative,0.0702,0.8596
Mane aaje kabar padhi ke thugesh  bhai ne Gujarati bolts aavre,neutral,negative,0.0702,0.8596
"I hate to say this

But recently the interruptions by the 4 of you are ruining the Lavari with the main guest. 

It is a talent in itself to keep quiet when the guest is speaking.",negative,positive,0.0702,0.8595
Jaydeepuncle hu diya butani chu maru name tame vlog ma bolo hu hizu ni friend chu and hu rajkot thi chu tame rajkot aavo tayare mari ghare aavjo,neutral,positive,0.0702,0.8595
Mast mast mast,neutral,positive,0.0702,0.8595
Tc Bhavsu snow hai bhut✨,positive,neutral,0.0702,0.8595
Wow...bov j mast,negative,positive,0.0703,0.8595
Nice song Ha Rahul bhai ni moj Ha,neutral,positive,0.0703,0.8594
"Mane billa bahuj bhave but hydrabad ma billa sara nathi malta,  60rs na male pan sara nathi malta",neutral,negative,0.0703,0.8593
Kobi નીચોવીને ભેળવો જુવો કે...,positive,neutral,0.0703,0.8593
Me Tamari receipe thi khaja banavya ? This is third attempt …and aa vakhate bahuj must thaya thanks 🙏,negative,positive,0.0703,0.8593
vikram bhai dhantetas na divase hu mari 2 dikri na jamna pag ni puja karine pani pivu chu avo ek sin lejo super hit song jay ho...,negative,positive,0.0704,0.8593
"Hezu is also in blue frock same pinch Sandhya kaki jode.Jay bhai, tame pehla jeva dekhav cho, good to see.Masa na suvichar aaj no inspire amne kare che.🙏😍",negative,positive,0.0704,0.8593
"Bas Bhai aa example saras set karyu. Aava guest nai lavvana.

Nai to tame 4 jana game etla punch marvana try karso futva j nai de.

Bhai akho episode joyo tamara 4 mate.

Guest aava nai lavvana.",negative,positive,0.0704,0.8593
Aa kam khubaj hard kevay,negative,neutral,0.0704,0.8592
Jay SitaRam Anand paramanand,positive,neutral,0.0704,0.8592
People say women are gold diggers but have you noticed how Men behave in the presence of a Rich Person.,positive,negative,0.0704,0.8591
Side me music chalu kar dena tha... Rain dance ho jata,negative,neutral,0.0704,0.8591
Aamra VALSAD ni rajapuri bo mast hoi paku,positive,negative,0.0705,0.8589
"Ma'am your recipe looks very mouth watering but I want to know exactly how much sabudana you put. The video shows 1/3 cup and the recipe in description shows 1/4 cup. Even the dahi, video caption in english shows different measure than the video caption in hindi. Will be of great help if you clarify.",neutral,positive,0.0705,0.8589
Jaydeep bhai a ECG report kevay mane pan kaale same jagya pain tatu hatu pan pain culer thi saru tae gyu..😊😊,negative,neutral,0.0706,0.8589
Mara dosha to bantaj nathi,neutral,negative,0.0706,0.8589
Jay mogal bap,neutral,negative,0.0706,0.8589
Aap hi khwaab leke jaa rhe ho 😭🙆🏻‍♀️😂❤️,positive,neutral,0.0706,0.8588
Saras bhai,positive,neutral,0.0706,0.8587
"Hello Mam, aaj to aapne mere bachpan ki yaad bhi taza kar di, aisi chaat ko hum bhai bahan bahut enjoy Kiya karte the...yummy recipe ❤❤❤❤❤❤❤.",positive,negative,0.0706,0.8587
Hello hu muslim chu ne ચાવંડ અમરેલી ase aayvi tyathi bolu chu aaj vakhte to repley aapo bhai Kem cho majama ne,neutral,negative,0.0707,0.8587
saras ....... khub sundar geet 6e,positive,negative,0.0707,0.8587
100% right ma'am😊❤,positive,neutral,0.0707,0.8586
va jiga bhai,negative,neutral,0.0707,0.8586
Maida is healthy? 🤔🙄 Kab se 😂😂,neutral,negative,0.0707,0.8585
Jay man Sonal... 🙏🙏🙏,positive,neutral,0.0707,0.8585
Ame hezu na vidiyo jsvata atle vlog chalu kariyata amne lage che hezu na vidiyo have vadhu jova malse sachi vat che mor na inda chitarva no pade,negative,neutral,0.0708,0.8585
jay ho bhagudavadi,neutral,negative,0.0708,0.8585
Ha કીર્તિદાન Ha ખૂબ ખૂબ સુંદર ગરબાનો બેતાજ બાદશાહ,neutral,positive,0.0708,0.8585
Public ne pull niche kharab road upar mokalvama aave chhe tya aetla kharab road upar mokle chhe to koi ne kay thase to teni javabdari sarkar ni rehse,negative,neutral,0.0708,0.8584
Isme to namakh dala hi nehi😂,positive,negative,0.0709,0.8582
Sach me kanjoos hai ye,positive,neutral,0.0709,0.8582
Kirtidan ji jai ho,neutral,negative,0.0709,0.8582
Aakho bandh karine aa lavari sambhdso to kedarbhai no awaj tamne pratik gandhi jevo lagse,positive,negative,0.0709,0.8581
Sarika ji ne jo dress paheni hai vo mane same design aj hi bani,neutral,positive,0.071,0.858
supar hit BHAI song,neutral,positive,0.071,0.858
2019 ni super duper hit movie che mara thakor ni,negative,positive,0.071,0.858
😍bhu tasty recipe che .hu jarur try karis,neutral,positive,0.071,0.8579
Sunil Thakor NE baby mate one sngh,negative,positive,0.0711,0.8577
❤Heloo jay shree swaminarayan km cho jaydeep bhai ( ba n hindi bau mst aval che ane kejo hindi ma jja vat kar 😊  hu Daliy tamr volgs jo avu chu bhai 😊,negative,neutral,0.0711,0.8577
Colour dye se bhi headache ho sakta hai,positive,neutral,0.0711,0.8577
Tamare lokone ek j ben ne tamare ghar ma  pise tke saru chhe  mameru lakh rupya to krvu jpde,neutral,negative,0.0711,0.8577
Ekdum Sara's👌👌👌,negative,positive,0.0712,0.8577
Mem mast che,positive,negative,0.0712,0.8576
Kar diye na add,neutral,negative,0.0712,0.8576
Jordaar editting che,positive,neutral,0.0712,0.8575
Ben tme tal ni khridi kyan thi kro chho? Boj sars sfed ane mota hoy 6 jnavsho plz,neutral,negative,0.0712,0.8575
Film me acting suri ho gyi 😂😂😂,positive,neutral,0.0713,0.8575
Ha tamara bane ni jodi super hit chhe bhai hu aa j video ni rah joto hato,positive,negative,0.0713,0.8575
Ha Daan ha,neutral,negative,0.0713,0.8574
Khade Khade duniya ladai se,neutral,negative,0.0713,0.8574
Sandya a and hardik bhai a Saru kam Kariu Vadim time e uncle ne nasty ne rotla day a yea Juarez uncle ne Jarur hati Tuareg j gya,neutral,positive,0.0713,0.8574
Mare to bnne fingures touch thay chhe 2:40,positive,neutral,0.0713,0.8573
"sir tame sathe ramadva mate reply na karyo maru discord id @HMV#1300 chhe jara aavo kyarek discord par
vat kariye multiplayer game ramiye",neutral,negative,0.0713,0.8573
Pass kaha se milega,negative,neutral,0.0714,0.8573
Morning ma vahela bhaji banavani hoi to bataka raat thi bafi shakai,negative,neutral,0.0714,0.8572
Ben vadi banavani best session kai kehvay?,positive,neutral,0.0715,0.8571
wah vishhal bhai wah,positive,neutral,0.0715,0.857
kaem cho aa to 👍👌 biji sadi bickit jae aaprae 👊thi toreyae please tae btawo,negative,neutral,0.0715,0.857
"Vote for the following veteran actors:
1. Supriya Pathak
2. Rajiv Mehta
3. Swati Shah
4. Rupal Patel
5. Pranoti Pradhan
6. Pallavi Pradhan
7. Muni Jha
8. Sejal Shah
9. Anang Desai
10. Ratna Pathak Shah",neutral,positive,0.0716,0.8569
Me banavi khub j srs bni chhe 🙏🙏,neutral,positive,0.0716,0.8569
Didi agr badi elaychi nhi ho to,negative,neutral,0.0716,0.8568
Sam ko bahot Acha hota he,positive,neutral,0.0716,0.8568
*Mane pan khabar nthi 😂😃*,negative,neutral,0.0716,0.8568
Hu Raji chu have Mari life ma tu Raji cho tari wife manjari sathe raho Raji ne maja karo tari life tari wife manjari che,neutral,positive,0.0716,0.8567
Ha aame pn aa kachri try kari chhe,neutral,negative,0.0717,0.8567
Sarika Ben Mari Sathe pan ek vaar aavu thyu hatu maro ek ne ek Bhai chhe mne Emma marriage karva nata malya Hu pan bahu j excited hati Bhai na Lagan ma pan karva nata malya...😢,neutral,positive,0.0717,0.8566
Saras greet bhai,negative,neutral,0.0717,0.8566
"*Main 13 saal ki age se cooking kar raha hu...maine soch lia hu ki abb mujhe Chef hi banna hai but mere parents bolte hai ki Bawarchi ban ke kuch nahi kr paoge yeh sab faltu chiz hai... wo chahte the main bhi engineering karu apne bade bhai ki trah... mere bade bhai ne mujhe samjhaya and usi ne mujhe suggest kia ki apni skill dikhana hai to abhi se start ho jaao... To maine soch lia tha ki main Youtube channel khol kar apni recipe logo ko dikhaunga hi and then 9th class me maine ek channel channel start kia tha but mmy papa mana kr die the ki abhi pdhai me dhyaan do ye sb mat kro 12th ke bad krna jo krna hai...but mne 10th board ke khtm hote hi maine apna new youtube channel ""Cooking Beast Ayaz"" start kiya... Aur uske baad se regular recipe videos upload kr raha hu ... But likes aur views naa ke barabar aate hai fir b main upload rehta hu mujhe bas logo ko apni skill dikhana hai....* u8778",positive,negative,0.0717,0.8566
Ha Bablu Bhai Ha,neutral,negative,0.0718,0.8565
Bnavata aavadatu nathi,negative,neutral,0.0718,0.8564
Tamari ne bapada ustad ni fitting ek number che ghadhvi saheb💓,negative,positive,0.0718,0.8564
Ghar mand lidhu ne bunglow 😂,negative,positive,0.0718,0.8563
Kharek su bhav chhe tamare tya? reply apjo,neutral,negative,0.0719,0.8562
"Valorant try karo toh pachi… Deep bhai saathe…
👍🙏👌",neutral,positive,0.0719,0.8562
Jay ma vihat,negative,neutral,0.0719,0.8561
"કિર્તીદાન ભાઈ તમારો Rise થતો જોયો છે , તે સમય ની પ્રસ્તુતિ અને અત્યારની પ્રસ્તુતિ ની સરખામણી કરીએ તો થોડું દુઃખ થાય.... અને ટીકાઓ ને સકારાત્મક લેશો કારણકે અમે તમારા જૂના ચાહનારાઓ માના છીએ...",negative,positive,0.072,0.8561
Ha..Tiger..ha...Vikram..Bhai.viry.nice......song.. Me.lalit.Raval.Harij.7698165110,neutral,positive,0.072,0.8561
Jay ho Jay swaminarayan,negative,positive,0.072,0.856
Nu Africa thi jovu chu.tamaro vidio.,positive,neutral,0.0721,0.8558
"Rajkot Outskirts ❎
રાજકોટ ગ્રામ્ય ✅

😂😂",neutral,positive,0.0721,0.8558
Aaj thi jova nu j bandh lavari,positive,neutral,0.0721,0.8558
Sache jignesh bhai aa tamaru song jyare sambhalu tyare akho bhini thay Jay ho,neutral,negative,0.0721,0.8557
1.Like Jignesh kaviraj mate 1.Like geetkar Mate 1.Like Direction Mate 1.Like jiga na partner mate 1.Like bajariya mate😊🎵🙋🚩,positive,negative,0.0722,0.8557
jay mogal ma mi jay,neutral,negative,0.0722,0.8556
Medam tame totlu bolo cho totlu 😂,positive,negative,0.0722,0.8556
Jigrra Kem dhun nu naam na raakyu,neutral,negative,0.0722,0.8556
Shree Krishna સમુદ્ર મંથન,neutral,positive,0.0722,0.8556
Hindi me bna deti video....ab hmko smjh nhi aa rha language to aapki video ko dekhne ka kya mtlb,negative,neutral,0.0722,0.8555
Ok..try karta hu ...pehli baar dekh raha hu new achar ...likin khane ke baad need achi aa jayegi ....❤...,neutral,negative,0.0723,0.8555
"Ela koi aane puchho, ola Gas na bhaav na andolan nu su thayu? 😂😂",neutral,negative,0.0723,0.8555
Jaydeep bhai total bed rest karo sarika nu ksm vadhi  canada thi Ghevaria Harshad,neutral,positive,0.0723,0.8554
Jay Maa Sonabi 🙏🙏,positive,neutral,0.0723,0.8554
majha nai aavi na tamne na Amne,negative,neutral,0.0723,0.8553
Dinesh bhai ne skin cleaning karavo. Aakho divas aatli heat ma farm ma rahe che. Tanning thai gayu hoy. Bhavna Ben ni to skin sari j che.,positive,neutral,0.0724,0.8552
Ha Havaj Ha Gujrat na king 👑,negative,positive,0.0724,0.8552
IPL nu final side ma mukine aa jou chhu. ❤,positive,neutral,0.0724,0.8551
Kirtidan Gadhavi ane Umesh Barot bne sathe hoy psi su Kai kevanu hoy Jay Rajal Dham Nanuda,neutral,negative,0.0725,0.855
Gadvi bhai fantastic,positive,neutral,0.0725,0.8549
Million ma pohochvaana chho bhai tame...❣,neutral,negative,0.0725,0.8549
Tadke ke sath Swadisht khichdi Amazing. .. Chatni ghi ne guni😋 Jai mata di 🙏🏽 khub bhalo🎉🎉,positive,negative,0.0725,0.8549
Aam to ame nana aetle mota ne ki kehvay nhi pan prune che mota bhai aetle chup to rhevay nhi jojo ho bhai na lganma aavanu kyak bhulay nhi 🎉❤,negative,neutral,0.0726,0.8549
Are wah shitalben mst che ne kai,neutral,positive,0.0726,0.8549
❤ for Vishal Jethva. Shu perform karyu che bhai!,neutral,positive,0.0726,0.8549
Next  મોદી સાહેબ લાવરી શો મા,positive,neutral,0.0726,0.8548
Jd bhai have comment delete karva manda che,negative,neutral,0.0726,0.8548
@aditiraval ne lavooo have,positive,negative,0.0727,0.8547
Mogal ma sakshat hajar che,neutral,negative,0.0727,0.8547
Esa khana mil jaye to or kya chahiye maja hi aagya,negative,neutral,0.0727,0.8547
Saras dhecha bhat,positive,neutral,0.0727,0.8547
"RJ Devki was being serious most of the time, probably she doesn't know the format of the show. She can let loose and crack a few jokes here and there. And Lawari team can also sometimes have serious talks with the guests. Seems like a mismatch somehow.",positive,negative,0.0727,0.8546
હમણાં સુધી નો બેસ્ટ એપિસોડ ઓસ્માન મીર સાહેબ નો હતો... પણ આજે પ્રફુલ દવે સાહેબ ને માની ગયા બોસ... જોર હો બાકી... સૌરાષ્ટ્ર નું પાણી એટલે કઈ ના કેવાય... પ્રફુલ સાહેબ નો સ્ટેન્ડ અપ સ્પેશ્યલ જોઈએ જલ્દી થી  જ... હાસ્ય અને સંગીત બંને જોડે 🤩 Happy Anniversary to the Lavaari Show. You really connected all of us to Gujarati Industry... Old Mid Latest... Hats off!! Thank you. Honto ni Arigatou Gozaimasu... Love from Japan 😇,positive,negative,0.0728,0.8544
ચોળા ની દાળ skip કરીએ ચાલશે,positive,negative,0.0728,0.8544
વાહ શું અદભૂત લાગણી વ્યક્ત કરી ભાઈ બહેન નું ગીત ગાયું છે કઈ ઘટે નહીં  આંખ મા આંસુ આવી જાય એવું ગીત miss you benba 😭,positive,negative,0.0728,0.8544
Jaydeep bhai ap alshoo hi ho,neutral,positive,0.0729,0.8542
Sarika ji tamari passe sewing machine kai company nu che nd ketla year thi chhe sari chale chhe bcz mare pan levu chhe,neutral,positive,0.0729,0.8542
💐💐 yess ma'am tasty 🎉🎉,neutral,positive,0.0729,0.8541
"Kinjal dave e sikhvu joie vikram
Jode thi singing",positive,negative,0.0729,0.8541
Kale manepan sap dekhayo to mane pan sap thi bik lage 6a ❤😊,positive,neutral,0.073,0.8541
editing kya baat hai wachaka boom,neutral,positive,0.073,0.8541
મારી બાબે ને અકાનું ટકા આ vayach,positive,negative,0.073,0.8541
Dhar bhego tha bhai😄😄😄😄🤟🤟🤟,positive,neutral,0.073,0.854
Tamara je bhajan mashup ma je bhajan lidhela che te full bhajan banavva vinanti,positive,negative,0.073,0.854
Etle j unfollow karyu 😂,negative,neutral,0.073,0.8539
Jorr Vikram Mota Bhai,negative,neutral,0.0731,0.8537
તમારી ગાયકી નો દીવાનો છું ગામ આડેસર dB chauhan તમારી પાસે મારે મારું સોંગ ગવડાવું છે હું તમને મળવા આઈતો તમે હાજર નતા સુપર ❤❤❤❤❤❤❤❤,neutral,negative,0.0732,0.8536
Kutch 2 avu joiye,negative,positive,0.0732,0.8536
Mma fight wala adnan tiktok wala 🤡 hi tha 😂,neutral,positive,0.0732,0.8535
"Jaydeepbhai i  hope tame badha j majama haso
Weather khub j kharab hatu ne?",negative,positive,0.0733,0.8535
Aapk ghar jaisa positive atmosphere sabk ghar may ho.bhavnaba jaise sasu sabko mile .👌😊♥️,neutral,positive,0.0733,0.8535
Godi Media મુર્દાબાદ? અફવા ને ભાવ વધારા ને શું લેવા દેવા ??,negative,positive,0.0733,0.8534
Njoy Dear with kids. Bhavnaben ni chah etli saras hoy ekla dudh ni pivanu mann  thai jay👌❤️vacation ma vadi ni moj 👌 Kadvu salad n khaway poisonous hoy.,neutral,positive,0.0733,0.8534
jay mogal ma kirtidanbhai,neutral,negative,0.0733,0.8534
♥Jordaar Voice ♥ Em thay sambhanta j rahiye ♥🙏🏻✨ Jay Mogal 🙏🏻,negative,positive,0.0733,0.8534
"Jaydeep bhai and Hardik bhai. I live in Mumbai and I had faced a similar problem of water logging in car. Water will never go away from the carpet how much ever you dry in sun or anything because there are so many layers. 

The mechanic removed the seats and gave us the carpet to dry at home. The seats were without the carpet below. It took 3-4 days for the carpet to dry at home. 

Otherwise you can try using hair dryer. Might be it will dry to some extent",positive,negative,0.0733,0.8533
Jay ma mogal 🙏 Jay ma mogal 🙏,negative,neutral,0.0734,0.8533
"Bhai Jordar...
Jal kamal allag thi aave to moj aave..",positive,negative,0.0734,0.8532
Bhai mare to watchman sathe aana mate khub jaghda thayela chhe,positive,negative,0.0734,0.8532
A મોવી નું શૂટિંગ પાવઘડ માં પણ ઠાયું છે ફાઇટ શૂટિંગ થયું છે,negative,positive,0.0735,0.8531
HA JIGABHAI hA,neutral,negative,0.0735,0.853
Ha Kshatriyo Ha,positive,neutral,0.0735,0.853
Ame banavi ye chhe pan mango ma j banavano chhas nai nakhvani  nai to kadi bani jay aa m to છાસ ના બદલે કેરી નો રસ જ લેવાનો તો સરસ બનશે એમ બનાવી જો જો,neutral,negative,0.0735,0.853
Itne dino se skin colour se angrez tha Bhavin 🙂 aab light ke wajah se hair colour se bhi angrez bann gaya banda 😀😭🙂,positive,neutral,0.0736,0.8528
"First comment ho 
Jay Dwarkadhish",neutral,positive,0.0736,0.8527
"Jay shree Khodiyer Maa 🙏🏻 
Jaydeep bhai tamro video roj jov chu 5 year thi Bhomi ben no Darshak .Rinkal bada na video jov chu Tamri family bov saras samp che .Ane Hezu Ane Kana ni masti bov game che .
Hezu ni School nu naam su che sarika ben .
Hu surat mara mama ne taya aavi hati tayare mane tamra ghare aavu hatu pan time no malyou Ane maro nano chokro bimer padi gayou hato atle 3 yera phela savi hati.
Jaydeep bhai tame mari comment Kem nathi vachta",negative,positive,0.0736,0.8527
Jaydeep bhai sabke tont sunkar and ye sab protein ka knowledge de ke sab k mind ko bit karke aap gym jate ho ..appreciate because India me ye sab karna bahot kathin he…,neutral,positive,0.0737,0.8527
😂 Pay And Use કટરિના નઈ હો😂,positive,neutral,0.0737,0.8526
OK bhai the,neutral,positive,0.0737,0.8526
Aamli  na bij che tene sekela che lage ke pachi kay biju che plz aansar aapjo,neutral,negative,0.0738,0.8525
Bht hi zehar lagti ho or hr dfa tumhari bkwas reel sub say phly dekhanay ko milti ha,positive,negative,0.0738,0.8524
Boliwood actress nilam kothari ne lavo je palanpuri jain family ni dijari che. Tenna father dimond Marchant che,positive,neutral,0.0738,0.8524
Chhas ma jeeru 😂😂😂,negative,neutral,0.0738,0.8523
"Ben, Saras che pan Oil required more than you will find a good test. Although test will be good by the looks of recipe.",neutral,positive,0.0738,0.8523
Ye acchi technique hai lyrics bhul Gaye to expression se Kam chla Lena😂👌👌👌❤️❤️❤️😍😍😘😘😁😁😁😃😃😃,positive,neutral,0.0739,0.8523
Boom boom bajar ma bhAi,negative,positive,0.0739,0.8522
Chirayu ne creative banava mate podcast hato evi lavari lagi waste time to join the devki in the Lavarishow.,positive,negative,0.0739,0.8522
I used to love lavari pan aa episode mai kai pan maja no avi. Guest mare unknown lagya jene khabar nahin kya chhe,neutral,negative,0.0739,0.8522
Mai v bihari hu ❤mai v banati hu mam 😊but testy,neutral,negative,0.074,0.8521
આ વીડિયો ઉતારવામાં હું હતો YADGAR STUDIO borda,positive,negative,0.074,0.852
Bhai have khechae rau 6e... Chirayu ak ni ak vastu o ak time pa6i boring lagva lage... Tu protest na video muk ama vadhare views laes. Bhai lavari bandh kar. Gujarat ane lokone promote karva mate joea 6e baki have had thay 6e. Aaj to 4ev samethi marava bolaya hy avu lage 6e.,negative,positive,0.074,0.852
"Kirtidan Gadhvi - wah kub Sars gayu Jay Jay Moga🙏🙏l _Moj = Hemang Pandya,P.Nagar",neutral,negative,0.0741,0.8519
Vishal kya mast dikh rahe ho 🌺🌻🌹🌷 swarg se utri kokil kanthi apsara lag rahe ho😭😂🤣( sorry),positive,negative,0.0741,0.8518
jordar bhai moj aavi gayi Trailer joi...,negative,positive,0.0741,0.8517
Congratulations jigarra and yati.ma sandhray.ma khodal Ane ma Mogalma na aashirwad khub varstarhe.khub khub abhinandan jigar.sau parivar kasbara jaymataji.,positive,negative,0.0741,0.8517
Navratri ma pan Muslim musician!!! Pranam che Sanatan dharam ne.... Wish same is neighborhoods and worldwide so that Terrorism can be put to end! ||Jay Ambe||,negative,positive,0.0742,0.8517
Samlaji mandir che ne,positive,neutral,0.0742,0.8516
Aap varanasi se ho?? Kaha se❤,negative,neutral,0.0742,0.8516
Aa Vipul Amrutlal Shah ej chhe je badhi South Indian movie start thay ena pela name aave chhe....,neutral,negative,0.0742,0.8515
"Aap ne isko fry kiye hain, agar chulhe me rakhke ke karenge, uska flavour v alag hota hai. Baddhia ekdum 😊😊try kijiyegaa",negative,neutral,0.0743,0.8514
Only sonu nigam saheb ji ❤❤❤❤,neutral,positive,0.0743,0.8514
Madam Rice flour kub se unhealthy ho gaya😂starch se fully packed aap Aloo use kar rahey ho wo unhealthy hai,negative,positive,0.0743,0.8514
Bhai sad song lavo ava romantic to kumar sanu na bahu sambhalya che😛😛😛,neutral,positive,0.0743,0.8513
Hu Bharat Prajapati  shu hal army  ma shu tamaro program  bau saro se,positive,negative,0.0743,0.8513
Ek number bhai song jignesh bhai,negative,neutral,0.0744,0.8513
"14:00 bhai banavo banavo, script tame chaar lakhjo khaali acting nai",positive,negative,0.0744,0.8512
How mummy has made the ladoo show the recipe lplss,neutral,positive,0.0744,0.8512
Aj kal yt chacha ki bohutt yadd a raha hai apko🤓,neutral,positive,0.0744,0.8511
Jack&jonse nu t shirts peryu che manan ee,positive,neutral,0.0745,0.8511
Antry to Mara THAKOR nij pade bhai,neutral,negative,0.0745,0.851
Shor mach gaya hai.. bunty aa raha hai.. 😍😍❤️,positive,neutral,0.0745,0.851
Mara tya  mummy papa  mane pachi fari bolavi.  ...na. evu kai nathi.   Faltu  dimag kharab vato.  And bakvas show,negative,neutral,0.0745,0.8509
"Fajeto kehvay
A recipe khoti 6e 
Keri ras ma thodu pani nakhvanu eni under routine masala nakhva na mithu,marchu,haldi,dhaniya powder and gud,kokam and main ingredient suth pawder and vaghar kari deva no vaghar ma main methi ,taj,long,rai ,hing
This is actuall recipe and every jain people have it",neutral,negative,0.0746,0.8509
Ekdam sahi kha 🎉🎉🎉🎉,positive,neutral,0.0746,0.8508
haa tamaru song vikram bhai,negative,neutral,0.0747,0.8506
Tame bane sathe hov cho tyre Sandya kem nathi hoti,negative,neutral,0.0747,0.8506
Lakho na diwana❤ bhai 🔥,positive,negative,0.0747,0.8506
tu Raji aema hu bau rani 💔💔🙏,positive,negative,0.0747,0.8505
jay ho jagdamba...........,neutral,negative,0.0748,0.8504
Tamari singing kala saday jivti rakhe🙌,positive,neutral,0.0749,0.8503
Hamare ghar faujito Nahin banaa,neutral,positive,0.0749,0.8501
Jignesh Bhai tadko chhayo Amaru yuva group chhe aa sabdo geet mathi kadhi nakho😂😂,positive,neutral,0.075,0.8501
Mera dil bhi meko bhoka deta hai jab aapko dekhta hai tb💕😘. Aapko itne dino baad dekh ke bhot achaa laga😇😘,neutral,positive,0.075,0.8501
Mare pass pan,negative,neutral,0.075,0.85
Jay hind Bharat mata ki jay 🙏🙏🙏,positive,negative,0.075,0.8499
Aa iron cotten kapda mate nu nathi,neutral,negative,0.0751,0.8498
Kirati dan ne mask Peru nathi,neutral,negative,0.0751,0.8498
Bhai Bhai jay mogal,negative,neutral,0.0751,0.8498
Aum Namo Shivaya Pita Jai Parvati Mata Jai Ganesh Bhai Jai Kartikay Bhai Jai Nandi Ji🙏🙏🙏,neutral,negative,0.0751,0.8497
"10:13 ----->>> Alya aa toh Sun Temple of Modhera chhe... UNESCO world heritage site... 
Aa 108 nana-nana mandir che kund ni baju ma...  November ma j tya gayo hato farva... 😎🙌😅",positive,neutral,0.0753,0.8494
"Bahu fine Ben. Ama Rai, jeeru, hing thi vaghaar nathi karyo",positive,negative,0.0753,0.8494
Navi soch sathe rajkoat vara vah bhai congratulations,negative,positive,0.0753,0.8494
"Hyyy mai marjava meri jaan 💘💘💘
Hum dil de chuke sanam teri kasam ki kasam hum tumhare ha sanam 💝💝💝",neutral,positive,0.0753,0.8493
Jignesh Bhai supar,positive,neutral,0.0754,0.8493
Sab look butter dhove chhe 24:06,positive,neutral,0.0754,0.8492
Mast Mukhvash Banavyo 😊,neutral,negative,0.0754,0.8492
Sari Ane saheli rit che.,negative,positive,0.0754,0.8492
Ha vikram.bhai ha,neutral,negative,0.0754,0.8492
Maja j aavene vala Jignesh bhai na song sunvani Maja aavi,neutral,negative,0.0754,0.8491
Jay mataji 🙏🙌🌺 Jay Ma Shakti 🙏🙌❤️ Jay Maa Bhawani 🙏🙌🌹🚩,positive,negative,0.0754,0.8491
મારી પાસે પણ આવા ઘણા song લખેલા ✍️છે પણ નાનો માણસ અટલે મારા song મારી પાસેજ પડ્યા સે✍️✍️✍️✍️😢😢😢,negative,positive,0.0754,0.8491
Jay dwarika dhish Radhe Radhe Jay Ho,negative,neutral,0.0755,0.8491
Evi shu majburi hati ke aane bolavo padyo? Ravan ne pan ena Ahankare j marelo Kirtidan Modi,neutral,negative,0.0755,0.849
Jay HoO Charan,positive,neutral,0.0755,0.849
I think jaggu dada ka abtak ka sabse jabardast lavari tha👌👌👍,neutral,positive,0.0755,0.849
Bhavna masi sreat forward che pan sarika bhahi ni biji mummy che ma jevu rakhe che ❤️🫶🏻sharika ben dikari ni jem re che,positive,neutral,0.0755,0.8489
"CUP HAI HAMARA
RAKABI RAKHI LE TUU 🔥🔥🔥",positive,neutral,0.0756,0.8489
"Jai shree krishna 🙏 
Jaydeepbhai tamaro vlog ek no che👌👌👌👌👌
I m watching from Melbourne Australia.",neutral,positive,0.0756,0.8488
Me to aise hi bnati ai hu dudh ka pasta 😅,negative,neutral,0.0756,0.8488
Like comment Kro chho Pal Bhai ni chanle NE Subscribe To Kro Yar😎😎😉😉,negative,neutral,0.0756,0.8488
"Jay mataji
બાપાં નોંકુવો?એવુરાખોંબાપાયેં
બોવંમેનતં.કરીછેં
એનાદીકરાવ
માટેં.તમેગુજરાતીમા
વાતકરો",positive,negative,0.0756,0.8488
કાઠિયાવાડી બોલી ને नो લાગે હો...,positive,negative,0.0756,0.8488
Pizza to srus bnavyo pan loya ma ke cooker ma pan bnavi ne btavvo jove ne btha na ghar me oven na hoy bija btha Loko beu ma bnavi ne btave che personally joie to j pakki khber pade tame to bus kahi dithu ke aam karay aama maja na aave baki overall tmari bthy receipe sari hoy che dhyan rakhjo tmaro awaaz Bahu srus che ane explan pan Bahu srus rite karo cho,negative,neutral,0.0756,0.8488
Thakor jamana gya have Tu rabari Gujarat bap kevay,negative,neutral,0.0756,0.8488
Surat thi kon juve chhe,negative,neutral,0.0757,0.8486
"Jay shree krishna 🙏
Aap sabhi ko Ramnavmi ki hardik shubhkamnaye 🙏
Hezu bahut mast cake banaya he Aur bahut hi ache se enjoy kar rahi he. Bahut badi society me bacho k liye activity summer holidays me hoti rehti he. Lot's of love to all kid's ❤🥰
Jaydeepji kamyabi k kadam buss thode hi durr he. 🤞🙏🧿👍👌✅",positive,neutral,0.0757,0.8486
Humare padoos mein banta hai,neutral,positive,0.0757,0.8486
Bhavsu normal wala nhi lofi wale song se karo wo zyada additive hai😍,positive,neutral,0.0757,0.8486
Have maja aavse,positive,neutral,0.0758,0.8485
😂😂😂😂 gujarat. Darudiyu... Bjp police 😂😂😂😂,neutral,positive,0.0758,0.8485
Dines bhai Tamara talabahu  Sars se wa,positive,neutral,0.0759,0.8482
"Sandhya su bole che e j samjatu nathi 
Bahu j slow bole che",negative,positive,0.0759,0.8482
Mara taraf thi tamne god bless you 👍👍👍,positive,negative,0.0759,0.8482
Mena rani karta ana ben pani sara che 😇😇😇,negative,positive,0.0759,0.8481
Fridge mein pehle se hi ready krke rakh sakte hain kya....aap kh rehe the ki custard patla ho jayega fruits daalne se,negative,neutral,0.076,0.848
Pin this comment because pinning comments is better than pinning ppl against the wall,positive,negative,0.076,0.848
Wah jigamesh bhai,negative,neutral,0.0761,0.8478
Khub j saras bhai👌🙏,positive,neutral,0.0761,0.8477
Ha ho bhi,neutral,negative,0.0762,0.8477
Maro Juno pyar mane yad aavi gayo jignesh bhai,neutral,negative,0.0762,0.8477
Last me aisa laga chalo koi ne to muvi ko seriously liya,negative,neutral,0.0762,0.8476
South film star Gujarati movie ek actor se sem 🎉😂,positive,neutral,0.0762,0.8476
Can’t afford disposable plates? Who eats in newspapers and on the floor 😢😮,neutral,positive,0.0763,0.8475
"The ""6-7"" (or ""six-seven"") meme is a nonsensical viral phrase popular among Generation Z and Generation Alpha. The joke is that it essentially means nothing. It is considered pure internet ""brainrot""—an absurd inside joke where repeating the numbers becomes the punchline itself, used playfully to confuse adults.",positive,negative,0.0763,0.8475
Nice vlog  Sarika  Jaipur  no vlog javani maja aave che  . Jai shree Krishna from California,positive,neutral,0.0763,0.8475
જીત જાયેગે હમ જીત જાયેગે હમ Jindgi હમ Shfar ઇકનયા જંગ હે,neutral,negative,0.0763,0.8474
"Bhai sahab Vishal ka """"aye aye aye""""😂🤗🤗.. hum bhi karte the bachpan mein diwali ke time Diya jalane ke baad 😂😘😀",neutral,positive,0.0763,0.8474
Ha jiga bahi ha tamri mojj,negative,positive,0.0763,0.8473
Vikram Bhai bavu saras kaam kare se God bless you 🙏🙏,negative,positive,0.0764,0.8473
"Jay hind , Jay mataji",neutral,positive,0.0764,0.8473
Borda ma boom padavi didhi bhai a 🎉❤,negative,neutral,0.0764,0.8473
Bhavna baa Bhumi ben najar utari avjo Ghar jav tyre tame....,positive,neutral,0.0764,0.8473
Jai shree ranchhod rai jai shree krishna❤❤❤❤❤,positive,negative,0.0764,0.8472
Jay Mataji Navratri ni subhkamna,negative,neutral,0.0764,0.8472
Ye ek aisa rista hai....theek hai toh ghar swarg hai....aur theek nahi hui toh beta ya pati ko hi sabse takleef hoti hai....😊 per kabita ji aap itne achchi hain... aap se koi bhi bad behavior nahi kar sakte...❤😊,negative,neutral,0.0764,0.8472
Inception thayi gayu pehle vaakhi juki wadu episode aaivo Anne pachi Puja joshi nu😂😂😂,positive,neutral,0.0764,0.8471
Apne Bhaut acche se samjaya mam,neutral,negative,0.0765,0.8471
Jaydeepbhai sajan bani gaya chhe,positive,neutral,0.0765,0.847
"Kabita Didi, Aap toh 12 km ki Marathon daud rahe ho. Morning me running kar rahe ho, Weight loss kar liya hai zabardast. Ekdum fit ho gaye ho aap. Aur hamare liye Parathon ke videos bata rahe ho. Hum kaise fir weight loss karenge.😂😂😂😅😅😅",negative,positive,0.0765,0.8469
Lalo movie na hero jeva lage che jd bhai,neutral,positive,0.0765,0.8469
Garam masalo kai brand no che pls tell me,negative,neutral,0.0766,0.8469
Wah kirtibhai wah MATAJI BLESS U JAY MOGAL,negative,positive,0.0766,0.8468
Murrabo thodo khato mitho thay gayo chhe aave shu kariye kai suggestion,negative,neutral,0.0766,0.8467
Jeevan sri ram,positive,neutral,0.0767,0.8467
"It's okay , ke badhu mle che and maltu rehshe , but may be war ne lidhe petrol, gas, grocery ni price ma vadhro thy shke so that aeni vyavasthaa karvi jaruri che!! Badhu j mali rehse ae vaat sachi j che pan pachi bhav ma pan vadhro thy shke ne",neutral,negative,0.0767,0.8466
Kitchen Bahu nanu che,positive,neutral,0.0767,0.8466
Kale tamara papa ne me joyela amreli district court ma. Hu pn court staff ma j 6u. But kam na lidhe hu temne mali nai dur thi j joyela...next time hu temne malva ni try karis.,neutral,negative,0.0768,0.8465
Vikram Bhai Thakor Jay mataji,positive,neutral,0.0768,0.8465
Keri no rash sathe jordar lage,neutral,negative,0.0768,0.8464
Supper aamari jevu tamare aa maja or che rupiya deta. Na male maja,positive,neutral,0.0768,0.8463
Sarika ben shoot karyu hoy toy avu nahi nakho tamej khula pado cho pachi rado cho ane bhawana ben su elchi vadu kyrey pan jindgi ma nathi kadhu thodu to samjo pachi bolso key mane badha boley chey mota cho to moai maj raho khotu karo cho tamey,negative,neutral,0.0769,0.8462
"Damn it!!!

She is soo fluent in Gujarati !!!

Killed it completely!!!

There are few jargons even Gujjus may not know!!",neutral,positive,0.0769,0.8462
MUSCEL REALTED ISSUE HOY PANI OCCHU PIVYE AETLA MATE,neutral,positive,0.0769,0.8461
Jaydeep bhai drone shoot  bov saras hatu 😊👍and tame je kai pan work karo ema success achieve karo evi wishes 🎉 and aa vakhte tame full family sathe London javana chho ke nai? Last time 2024 year ma gya ta bov maja aavi ti vlog jovani✨☺️,negative,positive,0.077,0.8461
"Mujhe to methi paratha ke alawa kuch aata hi nahi, lekin thanks to you Mam ki aapki wajah se kuch naya sikhne ko mil gaya 😊😊",neutral,negative,0.077,0.8459
JAY SHREE KRISHNA,positive,neutral,0.077,0.8459
Jd bhai pata chal gaya ki aap apni life mein new kya kar rahe ho..,neutral,positive,0.0771,0.8459
"Hamesha,Only HathJ  Dekhay Che  DharmiS Kichan,Neha Kitchen. Full Face Sathe Full Rashoi Batave Che. Tame Bavta Hoy Toh  Tamara Full Face Sathe Batavo  Nahi toh Tamari Halper No Face  Batavo Javab Aapso Soon 🎉🎉🎉🎉🎉🎉🎉🎉",positive,negative,0.0771,0.8459
"Thumbnail change kro, rasmi desai ne badle koi aunty jevi dekhay che.....😁😅😂",neutral,negative,0.0771,0.8458
Aa duniya ma bdha bewafa che koi sacho prem kartu nthi...e mne have samjayu Bdho swarth j hoy che e khbr pdi have Km bhgvan km mari aavi jindgi kri te kem me koi nu su bagadyu che su....😭😭😭😭😭😭😭😭😭😭,negative,neutral,0.0771,0.8458
Thou aavo yog ma ek aasan aave che vrushashana thodu madatu aave che 😊,neutral,negative,0.0771,0.8457
Ha jignesh bhi,negative,neutral,0.0772,0.8456
Mast song che jigar bhai ❤,positive,negative,0.0772,0.8456
Subah suhani kardi aapne aaj to,positive,neutral,0.0772,0.8456
"9:00 that's the power of lord shree krishna, trust him, he will come and take you where you want to go ☺️🙏

Jai shree radhe krishna ☺️🙌",neutral,positive,0.0772,0.8455
Wah jiga bhai wah,positive,neutral,0.0772,0.8455
Sahi h ma'am last wala hack try kare😂,negative,positive,0.0773,0.8454
Benjo master Vishal hoy to or Mza aave,positive,neutral,0.0773,0.8454
"Ma'am sorry but Sir to nahi thake hue lag-rahe hain per aap thak-chukni hain❤😂,🙏 I think hamare Sir ke liye 100km is nothing, so relaxed, enjoying👍💥",neutral,negative,0.0773,0.8454
Mara motherin low ki dheth ho gai he mera joint family he mera beta 1/1’2 sal ka tha tabse akle gher ki responblity sabhalti hu do nanad he uske bacho ki sadi ki asa nahi he city ki ladki bhi sab karti he bas sasural apna gher family members apne he asa samjker karti he to ho jata he apka joint family he muje apke vlog ache lagte he,positive,neutral,0.0774,0.8452
kayre aav Che Bhai,negative,neutral,0.0774,0.8451
Golden beach resort.. humne last year yahi room me stay kiya tha,neutral,positive,0.0774,0.8451
KABITA JI MUJHE EK BAT KHNI H M TOH PHLE SE HI CHATI THI K AP MASTER CHIEF SHOW JITE KYUKI AP BHOT ACHEE CHEIF H LEKIN UNHONE GOURAV KO JITAYA JO BILKUL UNFAIR THA US WAQT TOH HUM SAMJH GAE LEKIN BIGG BOSS M USKI ASLIYAT SAMNE AAA GAI USKO COOKING NHI ATI USNE KHUD BOLA K MUJHE INDIAN FOOD NHI ATA BNANA JBKI SHOW KA NAM THA MASTER CHEF INDIA 😢😢😢Y MARKERS KITNA UNFAIR KRTE H ARCHANA OR DIPIKA BHI ACHHA KHANA BNANA JANTI H,negative,neutral,0.0775,0.8451
This sweatshirt has so many memories 🥺🙈 Mai to aapko kabhi nahi chhodne wali hu 🙈🙈😅,neutral,positive,0.0775,0.845
Beja koini Chanel ma komant nhi karu 1 ma karis Jiganes,negative,neutral,0.0775,0.845
Garba ane love song mix na karo to saaru....,neutral,positive,0.0775,0.845
Khub Khub Abhar KIRTIDAN Bhai DJ Ma Full Hal Se,neutral,negative,0.0775,0.845
Public ne to su che amne to mafat ma farvu che amne driver koi chinta nathi ke e anu ghar kevi rite chalavshe aajni moghvari pramane per km vyavastit bhadu to madvu joiye ke nai 🙏,negative,neutral,0.0775,0.845
I want surati idada reciepe with exact measurements &which rice we have to use in idada?,neutral,negative,0.0776,0.8449
Jay maa moral 🙏🙏🙏,negative,neutral,0.0776,0.8448
Aaj sudhi aa chaman nu naam nathi saambhdyu,neutral,negative,0.0777,0.8447
Hve samajayu dada ne km ghare nathi gamtu😂 god bless u dada❤,neutral,negative,0.0777,0.8446
"Guys, one small feedback from a viewer who genuinely enjoys the show and has even attended a live Lavari episode. First of all, thank you for all the fun and entertainment, you guys are naturally hilarious and the chemistry between all of you is amazing.

But honestly, I would really like if guests were allowed to speak more during the episodes. Even in this episode, there were a lot of interruptions, and if you look at the comment section, many viewers seem to feel the same way. I understand the original live recordings are much longer, but while editing, it would be great if more meaningful conversations from the guests could be included.

For example, in the Devaki episode, it felt like she hardly got enough time to properly share her thoughts. On the other hand, Dharmesh sir’s episode was one of the best because he was given enough space to speak, and that made the episode feel more engaging and memorable.

You guys do not need to constantly prove how funny or entertaining you are, everyone already knows that and loves you for it. Your punches and reactions are great, but the guest should ideally have the highest talking time in their own episode.

No offense at all, just genuine feedback from someone who truly enjoys watching Lavari and wants the conversations to feel even better. Keep doing amazing work.",positive,negative,0.0777,0.8446
મજા આવી ગઈ@ smriti irani,positive,negative,0.0778,0.8445
Bov hard song,neutral,negative,0.0778,0.8444
Finally ap ka update aa gya kal sam se wait kr rahe the video ka,neutral,positive,0.0778,0.8444
Saper hit bhai,positive,neutral,0.0778,0.8443
Sarika western kurti and saree bau mast hoy 6 hu...surat ma e kyathi le e bi batavo ne,positive,neutral,0.0779,0.8442
Ek hi batter se tin tarah ka dosha very nice ma'am mere bachon ko cripsy dosa bahut hi pasand hai masur ki dal se dosha lajawab ma'am try karungi ❤❤❤❤❤,negative,neutral,0.0779,0.8442
Vah Yogesh purbiya nu music 🎧🎶👍 ha Moj ha,positive,negative,0.0779,0.8442
jay girnari jay ho,neutral,positive,0.078,0.8441
Nice recipe ma'am... Agar milk powder ke bina banana ho to kya karen,positive,neutral,0.078,0.844
Amara thakor samaj nu ratan che,neutral,positive,0.078,0.8439
Gujarati Not hard 2 understand ❤,neutral,negative,0.0781,0.8439
"વર્ષો પહેલા જયારે "" લાડકી "" ગીત ની તૈયારીઓ કરતા હતા ત્યારે જીગર ભાઈ એ કહ્યુ હતી કે "" કીર્તી ભાઈ ગુજરાતી લોક ગીત ની ડિક્શનરી છે"" એ વાત નુ Result અત્યારે જોવા મળ્યુ. ધન્યવાદ કીર્તન ભાઈ અને પ્રિયા સરૈયા બહેન અને તેમની Team ને❤👍🙏",negative,positive,0.0781,0.8438
"Aa Bollywood ni bakchodi thi dur rehjo, bau time pachi gujarati movies saru perform kari rahi che. Green chadar wali bakwas bandh karyo tya koi datayelu nathi hotu.😂😂",neutral,negative,0.0781,0.8438
Jay ma sonal Jay mogal,negative,neutral,0.0782,0.8437
Athana no masalo banavani recipe apjo masi and God kyo vaprvo te pan kejo masi Bahu j mast colour avyo che athana no,positive,neutral,0.0782,0.8436
Nice 👌 last ma red red Su che shaak ma ?,neutral,positive,0.0782,0.8436
"Auntyji aapne ghughra banaya hai bahot achchha, magar TYPICAL AUTHENTIC GUJARATI GHUGHRA me besan kabhi nahi padta. Mai saurashtra - Rajkot se Gujarati family se hoon.... hamare yaha ghughra me filling me maawa ya no khoya daala jaata hai, aur khoya me kaju, badam, pishta, kishmish daali jaati hai, aur kai baar sirf dry fruits ke bhi ghughra bante hai, magar banaane ke 2 din baad wo andar se dry ho jaata hai is vajah se usme thoda sa khoya milaaya jaata hai...... kai log sooji ka filling bharkar bhi ghughra banaate hai...magar AUTHENTIC GUJARATI GHUGHRA to khoya aur dry fruits se hi bante hai.....",negative,positive,0.0782,0.8436
Sandhyaji tame tamaru aa ghare nakki thayu e pela vlog jota hata k khabar nahotiaa chenal ni plese reply,neutral,positive,0.0782,0.8436
"Hello JaydeepBhai ,
Hu Hmna J Tamaro pelo 2 Years old vlog joti hati jema tamara papa ee without oil mix khichadi banavi hati ee to please evu kaik banavo and video share karo bov mast maja avi and ame pn try kri hati ee khichdi banavi kharekhar bov j mast bani hati 😊",negative,positive,0.0782,0.8435
Tane yaad aave to yaad karjo,positive,neutral,0.0783,0.8435
"no one 
literally no one 
the guy in blue tshirt - FARI TU AAIVO NE TOH PHONE PHEKI DEIS",positive,negative,0.0783,0.8435
Boom Bajar ma Jignesh Bhai Kavi k Dan bhai,negative,positive,0.0783,0.8434
Star nu kooket kya male mare che.,neutral,negative,0.0783,0.8434
Chello divas thi naadidosh,negative,neutral,0.0783,0.8434
Jay sri vihotma jay sri havgatma jay sri sikotarma jay meladima jay sri mahisagarma🚩🚩🚩🚩🚩🚩🚩🚩🚩🚩🚩🚩🚩🚩🚩🚩🚩🙏🏻🙏🏻🙏🏻🙏🏻🙏🏻🙏🏻🙏🏻🙏🏻🙏🏻🙏🏻🙏🏻,positive,neutral,0.0784,0.8432
Bhav woh gown hai 😂,neutral,positive,0.0784,0.8432
Maa STUDIO સુનિલસિંહ ઠાકોર મહેસાણા . માઁ સધી ના આશીર્વાદ તમારી સાથે શે આખા વલ્ડ ના સુપર સ્ટાર સોં મારા ભાઈ વિક્રમભાઈ જય માઁ સધી,negative,positive,0.0784,0.8432
Bhagvan koi ne Fakchar na aape mari baby ne thyu hatu 4 mhina ma mare hju physiotherapist hnu chalu che haju tene hath saro nthi thyo 😢,negative,neutral,0.0784,0.8432
Jigar bhai aap singing karna kabhi mat chhodna aapki aavaj dil ko sukoon deti hai,neutral,positive,0.0784,0.8432
Mother amba ho ya mother marry he to mathor hi na.. 🚩jay ambe🚩,negative,neutral,0.0784,0.8431
"આંખો બંધ કરીને સાંભળીયે એટલે એવું જ લાગે વૃંદાવનમાં ક્રિષ્ના સામે જ છીએ.

I thought add this song in watch to later list, but when it's started i end up listening whole without skip and enjoyed as always☺️☺️",negative,positive,0.0784,0.8431
Neminath bhagwan ki jai justice hame jarur milega,negative,neutral,0.0785,0.8431
Bahuj saras.pan tame gujrati asal surati bhasha ma j bolya hota ne to vadhare maza aavti tamne sambhalvama .maru.bachapan surat ma vityu 6 ane mane surati.bhasha bahuj game 6❤❤.love you from amdawad,negative,positive,0.0785,0.843
આ સોંગ જીગ્નેશ કવિરાજ સોંગ ગમ્યું હોય તો like કોમેન્ટ શેર ભાઇ ની મોજ મોજનમોજ મોજ મોજ મોજ મોજ,neutral,negative,0.0785,0.8429
"You have successfully wasted mine and Anang Desai’s time! Could have talked about and learnt many things about his long lasting versatile career, rather then just sticking to ખીચડી!😂🙏🏽",positive,negative,0.0785,0.8429
jignesh barotnu song gamayu hoy to like karo dosto,negative,neutral,0.0785,0.8429
Hi Rajkot thi heju na bhathdey calala tiyar thi jov chu heppy family injoy 🎉,negative,positive,0.0786,0.8429
janu.Kem.Atli.Yad.Avi.parne jay.pushy.,neutral,negative,0.0787,0.8426
Mujhe to achha lga deep gate hue❤❤❤,positive,neutral,0.0787,0.8426
Haldi na pade aathana ma,negative,neutral,0.0788,0.8424
"Sir , new song kyare launch karo cho??",negative,neutral,0.0788,0.8424
Wow Yummy.Mene bhi Sita phal ki Kheer bnai thi or upload bhi kiya tha bhut yummy bni thi.❤❤❤❤,negative,positive,0.0788,0.8423
KEM cho badha and jsk 🙏,neutral,positive,0.0788,0.8423
Bhuj saras bniya chhe,positive,neutral,0.0789,0.8422
Jio mara Tigar Jio,positive,neutral,0.0789,0.8422
Jay hinglaj mane aa song khubaj gamyu,negative,neutral,0.079,0.842
Uttar Gujarat+Saurashtra= Garvi GUJARAT....,neutral,positive,0.079,0.842
"Apke pass nae nae kitchen setups kaha se aa rahe hai,😭😭😭",negative,neutral,0.0791,0.8419
"Now i m also in uae.....
JEVU NEWS MA DEKHADE CHE EVU NATHI....",positive,neutral,0.0791,0.8418
Supar Bai Bajan tamaro,negative,neutral,0.0791,0.8418
Jai shree Krishna 🙏 jd patel and family everyone  hezu ne kanu  ❤tamari vato bahu majja avey kanu mast gai chey chuha bola uiii😂😂❤bap sher beta savasher 😂😂❤,positive,neutral,0.0791,0.8417
Hu pan napa no 6u..,negative,neutral,0.0792,0.8416
Osm song jignesh bhai,neutral,positive,0.0792,0.8416
Ha Mari vihat ha,neutral,negative,0.0792,0.8416
dada boj weak thay gaya che please kev thodo rest kare,neutral,negative,0.0792,0.8416
Dal karela ma Gud hoi sugar nai,neutral,negative,0.0792,0.8415
mix master krva wada ne credit to aapo,negative,neutral,0.0792,0.8415
Tame gav uparrr muki doo,neutral,negative,0.0792,0.8415
Rann utsav ma thi ayo lage che golf cart laine.,positive,neutral,0.0793,0.8415
Chelo દિવસ અને frendo ૨ movies મસ્ત બાકી બેકાર ..,neutral,negative,0.0793,0.8413
That last when bhavsu is crowded with fans and he saw priyanka ma'am and just wanted to reach to her,negative,positive,0.0793,0.8413
"રાખ ના રમકડા
કર્મ નો સંગાથી
ઓધાજી
ધૂણી રે ધખાવી 
ભાઈ ફૂલ સોંગ અપલોડ કરો તમારા અવાજ માં.❤please❤",positive,negative,0.0793,0.8413
Ha...dan Jay kaliya thakkar,neutral,negative,0.0794,0.8413
Jay shree krish,neutral,positive,0.0794,0.8413
Bhai gujrati hu 1like to banta hai,positive,negative,0.0794,0.8412
"Jay shree Krishna Masi ane Kaka ne 🙏❤️vadi ni sundar taza taza hava sathe kaka no sundar suvichar 🙏👏kaka vadi tamari joy ne ame fresh thay jay che ketlu saras vatavaran jova male paxsi ono kalrav mora na tahuka vah mast najaro tamari vadi no joy ne dil khush thay jay Che ketlu. Bhavnamasi ni sari mast hati saras lagti hati masi tamne ❤Sarika te to aje maja karavi dhidhi Randal ma na darshan karaya ane mast vat karta karta badha ne bataya masi mami . Tara ma bolvani chsts saras che am mast sawal jawab observation kari ne fatafat vat karti jay . You are the best Sarika ❤❤👏mast yellow dress ma saras lagti hati ❤👌Masi ye pan Randal ma na bhajan gay ne ramjat bolavi
didhi masi no avaj pan surilo che 👏Garaba pan saras ramya 👌. Chaku ben bahu helping nature vala che ❤Lalabhai ne ghana divse joya amni comedy sambhli maja avi 👌👏Jaydeepbhai take care 🙏Heju kanu ne maro lad ❤❤badha ne mara jay shree Krishna 🙏❤️",positive,neutral,0.0795,0.8411
Mane vachi ne mesej karjo,neutral,negative,0.0795,0.8411
😂😂😂 mujhe to ek baat samajh nahin aati... 4 month garmi ke... 4 month winter ke... 4 month monsoon ke.... To barish to aaegi na😂😂😂😂😂😂 ab mehnat to kari hai dadaji ne..... Han yah baat to Hai Safal ho gaye😊😊.... Barish to aaegi lekin Pani jaane ka nikal hi nahin hai to usmein barish ki Kya galti😊😊 barish nahin aati hai to barish kitne log barish nahin a Rahi.... Barish aati Hai to log bolate barish kyon a rahi hai😂😂😂😂😂😂😂,neutral,negative,0.0795,0.8411
"Unsubscribe Botton ------->>>> 

આ તુલસી 2 લાખ મત હારેલી છે 

કોંગ્રેસ ના એક નાનકડા નોકર થી 😊",positive,negative,0.0795,0.841
"Jordar, jalso ho",positive,negative,0.0796,0.8409
Jay Thakar Jay mataji Jay Vadvala.....🙏,neutral,positive,0.0796,0.8408
25:07 this scene have it's separate fan base now😂.plus meme material,neutral,positive,0.0796,0.8408
Jay Ma Mogal Har Har Mahadev❤️🙏,positive,neutral,0.0796,0.8407
Jaydeep bhai tame roj mitig nu khali kyo cho tame film ke kaik bija shutig ma cho,negative,neutral,0.0797,0.8407
હા મારા ખેરાલુ ના સાવજ હા મોજ હા અમારું ખેરાલુ જીગનેશ કવિરાજ હા તમારી મોજ હા અમારું. JASHU thakor sundhiya,negative,positive,0.0797,0.8407
"Awareness lawo chho tena mate you are great,but saheb geet thodu set nathi thatu.Anyways You are great artist",neutral,positive,0.0797,0.8406
Mane tamara Badhay gito and fhilm gamese અમે.તમારી ફિલ્મ રખેવાળ જોવાગ્યા હતા અમને બહુ ગમી. જેટલી મજા સલમાન ખાન ની ફિલ્મ જોવાની આવેશે એનાથી વધુ તમારી ફિલ્મ જોવાની મજા આવેશે. હુ જહુ મા ને પ્રાથઁના કરૂશુ કે તમે jem dholywood na mota star so avi rite tame bolywood na mota star bani,negative,positive,0.0797,0.8406
"Masi Mango ni season ma bahut log banate hai
Gujarat  ma common  che",positive,neutral,0.0797,0.8406
Bhai khub srs me Tamara badhaj family video joya Raag bigbkrishna n sonalben khub Khushi raho Avi prbhu nashree chrno ma prathn,negative,positive,0.0798,0.8405
Maidam desai na vada vada alag hoi che tme aa mix dal na vada banavo cho,negative,neutral,0.0798,0.8404
Apde to athavdiye ek vaar to banej che Papadi only Surat Jillmaj male che,negative,neutral,0.0798,0.8404
બીજું કંઈ કેવું નથી પણ બાપ બાપ હોતા હૈ વિક્રમ is my fav hero singer voice બેસ્ટ,neutral,positive,0.0798,0.8404
"Looks yummy I have requested u about couple of times to make a video of kesar penda with only milk powder without using mawa or paneer,hope h can do that soon.Godbless 🤗🙏",positive,negative,0.0798,0.8403
Måst Søng Vikram Bhai,neutral,negative,0.0799,0.8402
Bhartiben sara singer che emne to bolva do,positive,negative,0.0799,0.8402
Mari chhanal milan dharjiya sascribe karo,neutral,negative,0.08,0.8401
editor bhai log kaha se yaad rehta hai tumko koi bhi movie ka koi bhi scene !!!!!!!!!! hats off !!!!!!,neutral,negative,0.08,0.84
Supar dupar thakor saheb,positive,neutral,0.0801,0.8399
Ala lavari kare eva guest lavo. Chella 3 ep bov boring che,negative,positive,0.0801,0.8398
Aapke Pati Bihar se honge isliye😂😂😂😂😂😂😂,negative,neutral,0.0801,0.8398
Jorr bhai Vikram thakor,neutral,negative,0.0801,0.8398
Vah vah mara Vikram Bhai Tamaro su અવાજ Chhe યાર .. જોરદાર અવાજ .જોરદાર એન્ટ્રી .,negative,positive,0.0801,0.8397
Ha aevu hoy jene pokhiyo hoy aene no banavay,neutral,negative,0.0801,0.8397
Hu kale j banavish,negative,neutral,0.0802,0.8396
"Kavithaji, for how many days we can keep the modaks? Have we to keep in refrigerator?",negative,positive,0.0802,0.8395
Ketla bane che,positive,neutral,0.0802,0.8395
Wah kiya dieting hai.🤣🤣🤣🤣🤣🤣🤣🤣🤣🤣🤣🤣🤣🤣🤣🤣🤣🤣🤣🤣🤣🤣,positive,neutral,0.0803,0.8394
Kirti bhai Mari ek request chhe ke tame lok gayak Gujarat 03 sharu karo please,neutral,negative,0.0803,0.8394
23:14 flex kare che bhai deep toh ❤,positive,neutral,0.0803,0.8394
Bhai nsp vs borasad ki video dal na bhai,negative,positive,0.0803,0.8394
Mane to khabar nati hati ke thugesh gujrati chhe,neutral,negative,0.0803,0.8393
Yummy ha na Kabita ❤,positive,negative,0.0804,0.8393
Kyu city chhe??,negative,neutral,0.0804,0.8392
Congratulations jay mogal ma mogal bless u RAAG.....♡♡♡,negative,positive,0.0804,0.8392
Vikram bhai tamari next film kai aavse,neutral,positive,0.0804,0.8392
Prem koi ne Naa karay ma bap shivay 😢😢😢,negative,neutral,0.0804,0.8391
Biju avu lavjo ho,negative,positive,0.0804,0.8391
Bahu saras ben hu aaj jarurthi banavis ane roza na iftar ma gharma badha mate mukesh thankyou ben,negative,positive,0.0805,0.8391
Räjä bähuchär Tufääni mëlädi mää 🙏 jay shree ram Raja khukhar meladi maa jay shree ram.. વિહેત tiger 🐯,positive,negative,0.0805,0.839
Mai to marathi hu par mujhe gujarati kaise samjh aa rahi hai😂,neutral,negative,0.0805,0.839
Paka gujarati ho Bhai,positive,neutral,0.0805,0.839
Wha kaviraj wha jay ma sonal,neutral,negative,0.0806,0.8389
એએએએએએએએએએએએ tigar,neutral,positive,0.0806,0.8388
Dahi na ho to kya dale,neutral,negative,0.0806,0.8388
Whah hardik bhai jay ho charan,negative,positive,0.0807,0.8386
Kyu risort se,neutral,negative,0.0807,0.8385
Kundli nikal ni chahiye meri beti ki bhi he jo kundli me likha he vohi ho rha he jaidip bhai mari kmet vachjo hu roj tmaro vlog jovu,positive,neutral,0.0807,0.8385
Wah.. chatti maiya ki kripa aap par bni rahe 🙏🌹❤️ hamare liye bhi chatti maiya sai prayer kar lijiyega.. Kavita ji 🙏,negative,positive,0.0808,0.8384
જય વિહત માં jay shree ram ❤❤ räjä bähuchär Tufääni mëlädi mää 🙏 jay shree ram ❤❤❤,positive,neutral,0.0808,0.8383
FF Ramesh chhe,neutral,positive,0.0809,0.8382
આપકા house no લક્કી હે. ઓર આપ સબ લક્કી હો.,positive,negative,0.0809,0.8381
સિરીઝ જોય ખુબ પસંદ આવી. કાઠિયાવાડ ની સુગંધ સિરીઝ ના દરેક શબ્દ માં આવે છે.એમાંય અમારા ગીર સોમનાથ નું ગૌરવ એવા. વિજયભાઈ સાગર ના નાનો પણ સરસ ગેસ્ટ રોલ ખૂબ ગમ્યું. આખી કજોડાં ટીમ ને All the best ❤,neutral,positive,0.0809,0.8381
Ye Bombay sandwich hai...main to adhiktar yah banati hu...,negative,positive,0.0809,0.8381
Wowwww…. Yummy recipe.. I tried too much time💕💕💕💕Tamari badhi recipe 3 yr thi hu follow karu chhu.. hu Saudi Arabia rahu chhu tya Aa salam pak no bdho saman nathi madto.. ek ek name net prthi joine translation krine herbal shop mathi laine hu banavu chhu..,negative,positive,0.081,0.838
Aa ful episode kyare aavse,positive,neutral,0.081,0.838
"My list is long manan bhai and the lavari team
Please try these celebs at the Lavari Show 
1. RJ meet (the prank guy)
Jethalal 
2. Hardik Pandya
3. Jignesh Barot
4. Kinjal Dave",neutral,positive,0.0811,0.8379
Wah bhai kya bat hai jordar,positive,negative,0.0811,0.8379
Please upload karo,negative,neutral,0.0811,0.8378
Very tasty hai didi ❤❤❤❤,positive,negative,0.0811,0.8378
Extremely rude guest. Beyond a point it was annoying. He didn’t even try to answer genuine questions. Unfortunate to learn AJ was part of bey yaar. Ruined the film for me at least,positive,negative,0.0811,0.8378
"Congratulations jaydeep bhai 🎉🎊💐tamari moovie nu name to ko please.............,. 🙏",positive,neutral,0.0811,0.8378
Topic saru che,neutral,positive,0.0812,0.8375
Aap sabko salah de rahe ho per hardik bhai kyun sab gadi full karvali sab ka dar sam hi hota hai bhai,neutral,positive,0.0813,0.8375
Tu ekwar em ke ke Sunny vergin che to mani lau Pan bhane che😅,negative,neutral,0.0813,0.8374
Bhai jordaar geet jordaar chhe,positive,negative,0.0813,0.8373
Pachi jovo apna dholiwood ni dhoom,negative,neutral,0.0813,0.8373
Koi ne kakko y nathi avadto ne Gujarati bhasha ne bachavvi chhe?,neutral,negative,0.0814,0.8371
Mari love story sem aavi chhe bhai thodi baaki chhe.😢😢😢,positive,neutral,0.0814,0.8371
Jabbar album chhe ho jyare sambhlo navo j ahesas thay chhe ho vala aa hu puro puro divas sambhali shaku vrindavan album karan k tamaro sur Ane krishna bhajan❤️😭👍,neutral,positive,0.0815,0.8371
"Chirayu bhai mood nai hato toh show nai karte. Amne lagyu j show ma avela tyare k kai off che. Paisa ame donate kari dete. Samay amaro kem waste karyo. Vandho nai. TCF good job for promoting our language. 

- Kabir from New Jersey.",positive,negative,0.0816,0.8369
AC BAHU NECESSITY CHE HALL MA LAGAD VANI,positive,neutral,0.0816,0.8369
jai chath maiyya,negative,neutral,0.0816,0.8368
Shivbaba. Hai. Sathi.,positive,neutral,0.0816,0.8367
Masi ne kam khutatuj nathi 😂😢😢,negative,neutral,0.0816,0.8367
આજે ખબર પડી કોમેન્ટ પર ડબલ tap કરવાથી લાઈક મળી જાય છે 😅,positive,negative,0.0817,0.8367
"Bhai log non stick pe banana,personal experience se bata raha hoon,also bahut minute dice karna😂",negative,positive,0.0817,0.8367
Jay mataji. Jay mogal,neutral,positive,0.0817,0.8366
Shree kirtidanbhai gadhvi.....jay adhya Shakti aarti sambhdvi chhe tamara madhur kanthe...🙏,neutral,positive,0.0817,0.8365
Swadishtttttt recipe chef kabita ma'am ❤❤,positive,neutral,0.0817,0.8365
jai mogal ma,neutral,negative,0.0818,0.8364
Bhumididu aave aetle badha j family vadi ae jajo tya pani puri nu program karjo pachi tamare jeno karvo hoibte pan buumididu jijaji ne aadi shivu tame badha family mane vadi no vlog bov j game che to tya jajo hooo plzzzz sarika didi & jaydipbhai...... From bhumiba jadeja,neutral,positive,0.0818,0.8364
Sonal maa ki jay ho,neutral,negative,0.0818,0.8364
mataji garba ocha ane prem na git vadhare che aa apdi sansuktri nathi,neutral,negative,0.0818,0.8364
Mast che mem👌👌👌,negative,positive,0.0818,0.8363
movie haji ott par nthi avyu... kyare avse?,neutral,negative,0.0818,0.8363
Bhai hu tamaro bav saro fan chi hu bi YouTube video's banavu 6i but subscribers nathi vadhta😂😂 pls help me,positive,negative,0.0819,0.8362
Ala bhai pan koi ne bolva to do har time tame 4 loko ni marava par tuliya hoy chho,neutral,negative,0.0819,0.8362
Tme jagrut cho kon ketla che su eche che te jani javcho atla mate ejat sachvani che,negative,neutral,0.0819,0.8362
Le bhai aatoh khbar j nati...k aa pan Gujju che,positive,neutral,0.0819,0.8361
Tamara ghare ovn che to kukar ma kem pafcon banavo cho ?,neutral,negative,0.0819,0.8361
Ha charan ha,positive,neutral,0.082,0.836
Male apsara?? Kalyug hai Bhai 😂😂😂,neutral,negative,0.082,0.836
daddy aa su vachma avu editing kryu che mainstream bnva na chakkar ma,neutral,negative,0.082,0.836
JAY hooooo gabhavi raj,neutral,positive,0.0821,0.8359
Mam khub khub khub j dhnyawad.ekdam perfect bnya khaja.ame try kri. Ave khajli bnavo ne pls pls pls,positive,negative,0.0821,0.8359
ane shu intro che manan bhai,positive,neutral,0.0821,0.8359
Ha bhai jignesh aave etale 100% boom padave yar Ghoghmba,positive,negative,0.0821,0.8359
Vah Mama Vah Dil Khus Thayi Gayu નગર મે જોગી આવ્યા.🙏,positive,negative,0.0822,0.8357
Movie making no plan hase may be aevu j  lage chhe 😀 lalo movie pachi nu 2nd Hit movie hase....  aavo plan no hoy to banavo  uncle 📸,positive,neutral,0.0822,0.8356
Bahu saras pudla with stuffing and samosas 🎉🎉🎉will try 😋 prabha from England UK 🎉,negative,positive,0.0822,0.8356
Hu pan roj tmara vidiya jovu  su.  Mari pase taim na hoy hu roya  bnav ta bnav ta jovu,neutral,negative,0.0823,0.8355
"Your voice is very bad,Gujarati ma thothdu boli cho",negative,positive,0.0823,0.8354
Aaj to aap aaina ban gai hai...mera bhi special day aise hi celebrate hota hai 😂😂,negative,neutral,0.0823,0.8353
Ye to mai kal hi banai thi how coincidence 😮😮😮😮,negative,neutral,0.0824,0.8352
💯 sachi vat che,neutral,positive,0.0824,0.8351
Jay ma mogal 🙏 Jay Aabe ma🙏,positive,neutral,0.0824,0.8351
Hu pan chu barot ⚔️⚔️,positive,neutral,0.0825,0.8351
"Next guest - the one and only legend and youngest singer --- Rajesh Ahir 💫😍❤️ 

Please manan bhaiii next episode ma  Rajesh Ahir ne bolavo yarrrr... 🫠🤌🏻 Atla nana gam mathi avi mota achievements malya che sp why not? 🙏🏻🙏🏻🙏🏻🙏🏻🙏🏻 Please please please please please please please please please please please 🥺🥺🥺 I want to see him on this legendary stage with you guyzzz...",neutral,negative,0.0825,0.8351
Kale to geeta ben Jetalpur Swaminarayan Mandir ma bhajan hava javana chhe bau maja aavshe. #BhajanClubing,positive,negative,0.0825,0.835
Bhai hoy to avo,negative,neutral,0.0825,0.835
Tamaru film kutumb jordar se,neutral,negative,0.0825,0.8349
Omg Maja avi gaee iron thi akhu ghar avi gayu masa chokrav n garu prem kare che ni ce vlog,neutral,positive,0.0826,0.8348
Tame loko surat vada aam road upar besi jav amne to saram ave,neutral,negative,0.0826,0.8347
Arre reee kitna cute face bnaya last mai 🙈😘,neutral,positive,0.0826,0.8347
Jaldi lavo saheb...,neutral,negative,0.0827,0.8347
Gelu karyu aa jodi e gujarat...,negative,positive,0.0827,0.8346
Supreb Hardik Bhai Jakaaaassssss ho,negative,neutral,0.0827,0.8346
Hu pn dang Jilla thi chu Maru piyar tya che from shamgahan😊,negative,neutral,0.0828,0.8344
Please કમઠાણ મૂવી ott પર લાવો,negative,neutral,0.0828,0.8344
Sach me apki kitchan se bahut kuch sikhne ko mil rha hai ab to ye hal hai ki kitchan me jate hi apki video chal jati hai ki khane me swad aa jaye Thank you for your cooking videos🙏🙏🙏🙏🙏,negative,positive,0.0828,0.8343
Mast lage che,neutral,positive,0.0829,0.8343
Waah Manan Bhai Waah Waah .... Tony kakkar ne have tame j sikhavdso Saro rap banavanu 😂,positive,negative,0.0829,0.8343
Aap ke podho ko kele ki chal kapani dalo podho gro karega,neutral,negative,0.0829,0.8342
Bhai ki jalak sabse alag,neutral,negative,0.0829,0.8341
Full spot chhe bhai ne,negative,positive,0.083,0.8341
Mere husband ne bola pehli baar tiffin saaf le aaye office se 😂😂 thanks!!,negative,positive,0.083,0.834
Hello.good morning. Sarikabhabhi tame 3 vlog kive riti banvo cho good morning kanishik.sarikabhabhi masi ni kijo kai Bihari  maa na bor ni manta mane pachi sarkhu bol se..maro bhai nano hato eitli kali ma ni jay ni jagiyai tari maa ni jay bolto hato.ane kanishik nano che eitli moto thi jasi pachi sarkhu bol se.jay shree krishna masi.sandiyabhabhi vager gar khali lagi che.masi ni ko nai dress pahiri eikvar.kem cho jaydeepbhai. Nice hotel hate.bhu Pablo k che.nice injoy karo cho jaydeepbhai ok by,negative,positive,0.083,0.8339
"Auto tune zindabad
Aane toh gaate a nathi avadtu",neutral,negative,0.083,0.8339
London thi joyu aje,positive,neutral,0.083,0.8339
"Ek america ni dikri aaveche, ane aakkhu gujarat halai ne jaay chhe😂😂❤❤❤🙏👑👑👑",negative,positive,0.083,0.8339
Supper Hit Song Dosti Mate,neutral,positive,0.083,0.8339
Aa Song 1M+ Deserve Kre Chhe ❤,positive,negative,0.0831,0.8339
Didi sugar nhi dalna hey kya,negative,neutral,0.0831,0.8338
Osman bhai avi gya to jivma jiv umeray gayo... 👏👏👏👏👏👍,negative,neutral,0.0831,0.8338
"Kanishk ne modha par agar white patches aavya hoy toh Hypo (photo wash karvanu paani / fish tank saaf karvanu chemical ) ene diwas ma 2 time cotton thi lagaya and 10 minutes rakho and 10 mins pachi normal water thi wash karavo. Tame hypo solution ni bottle fish tank wala shop ma malse. And one week sudhi ene khati wastu khava na aapo eg : limbu, Keri , athanu etc.",negative,neutral,0.0831,0.8338
Jay ma Sonal Jay Aai ma,neutral,negative,0.0831,0.8338
Jay shree ram Jay shree ram Jay shree ram Jay shree ram Jay shree ram Jay shree ram Jay shree ram Jay shree ram Jay shree ram Jay shree ram,positive,negative,0.0831,0.8337
Ha sagar dan,neutral,positive,0.0831,0.8337
Kya ap hm se bat kren ge?,neutral,negative,0.0832,0.8336
"Bhai gajab, tamne loko ne joi ne full day no stress remove this Jay che and mood fix thai jay che Jorrdar bhaio rocks 🎉✨",neutral,positive,0.0832,0.8336
Jay jay ramadevpir,neutral,negative,0.0832,0.8336
Wah juga bhai wahh,negative,positive,0.0832,0.8336
"Aala bhai mogvari bahu thi gai che yr!
Par manan bhai prem mafat ma che",neutral,positive,0.0833,0.8335
Bapu ne jay mataji ane happy birthday bapu ne ❤️,positive,negative,0.0833,0.8334
Not love Khush life jiga Bhai,negative,positive,0.0833,0.8334
Jay shree Krishna dakor na thakor,negative,neutral,0.0833,0.8333
Vikram bhai thakor samaj ni kahani goto ane ak chhenal bnavo ke live btave atle serial jem,negative,neutral,0.0833,0.8333
Somnath 1 nd haugh hour hi hain,neutral,negative,0.0834,0.8332
Resort  nu namaste su che,positive,neutral,0.0834,0.8332
The bhavish dance party gang wya?⚡⚡⚡⚡,positive,neutral,0.0835,0.8331
Homebound basically surat ma north India thi kamava aavata pravasi Majoor ni story chhe  jeo Covid ma ketla heran thaya ane chhele death sudhi ni safar chhe,positive,negative,0.0835,0.8331
Jordaar Hooo vikram bhai,neutral,negative,0.0835,0.833
Wah Jyoti Ben Bahuj Saras Rete Recipe Shikhwadi Gami Ben Bahuj Saras Recipe 👌👌 Chokkas Karsu Tamari Rete 👍🏻👍🏻🙏 U Ben 🙏🌹🌹,negative,positive,0.0835,0.8329
Jay Adhyashakti Ambe Maa,negative,neutral,0.0835,0.8329
Kamal dhamal bemisal prastuti bhai jai ho🚩🚩🚩🚩🚩,positive,neutral,0.0836,0.8329
Oh dil ni vat mara dil ♥️ maj ryigyi tari sgai to bijere thai gyi 🥺🥀,negative,positive,0.0836,0.8329
Wah...Jiga Bhai...Wah,negative,positive,0.0836,0.8329
Jay somnath dada🙏🙏🙏mahadev jay ujein jay aaval maa jay kedarnath jay someswar parvati maa jay som dev jay ambe maa jay dada somya iswar jay shiv baba jay ma mogal i bhaguda tanot ma higalaj ma psu pti nath mahadev sharan i hri dwar,negative,neutral,0.0836,0.8328
Torrento ma che?,neutral,negative,0.0836,0.8327
Hezu bhahuj  smart and  clever  👌  che. Kanishk  maja khare che jovani ne  maja  aave che. Jai shree Krishna from California,positive,neutral,0.0836,0.8327
manan bhai tamara videos na last ma among us nu je song hoye che Eni link madshe please?,positive,neutral,0.0836,0.8327
saambhalyo mast git chhe,neutral,negative,0.0837,0.8327
Ha mara jiga bhai...,negative,positive,0.0837,0.8327
Ma'am मै आपकी रेसिपीज 2018 से देख रही हूं तब से अभी तक अनगिनत कुकिंग चैनल्स बन चुके है लेकिन ma'm सच में आप सा कोई नहीं है इतनी सिम्पलसिटी के साथ आप बताते हो कि कठिन से कठिन रेसिपी भी सरल लगती हैं ❤ really you are awesome 👍,positive,negative,0.0837,0.8326
Bhavana been tamari vat shaci maru femily m j bagadiu have hu bhagavan ne prthana karu chu ke avta janam Tamara jevu femily made Mane asirvad dejo mavana been,neutral,positive,0.0837,0.8325
Magar ya roti chipak jare kyu boliye naa i have to make perfect roti,positive,neutral,0.0837,0.8325
Masi mara mummy pan gol keri nu achar season aave tyare banave...te amara badha nu fav che😊,positive,neutral,0.0838,0.8325
Ab youTube ki wajah se sbhi tarah k festivals dekhne ko mil jate h jinke bare me hm log jante bhi nhi the phle❤❤. Jai ho Maiya ki,negative,positive,0.0838,0.8324
Bav મજા આવી આજના વલોગ માં કોમડી hatu 😂😂haridik bhai ni vat mani papa e hardik bhai ek var kidhu jav ne to kaka gya 😄😄😄😂mast mins koi bhedbhav nathi pan video jovani maja ave che 5 vars yhya રેગ્યુલર જોઈ ઈ છેઃ એક બી વલોગ mis nathi karta❤️🧿💞best family &all family members  jaydeep bhai is very good vlog &you🧿❤️💞બા કેમેન્ટ વાચી સગે એટલે ગુજરાતી માં લખ્યું che,positive,negative,0.0838,0.8324
Aa sambhli man Bu sant thay she,negative,positive,0.0838,0.8323
Koi dieting walu dish share karo ne....,neutral,negative,0.0838,0.8323
❤️ Jay ho bhai jay jay 👍,positive,negative,0.0838,0.8323
16:18 exam ma aaj to karyu che and success pn madyu che 😂😂😂😂,neutral,positive,0.0839,0.8323
"My niece has had all the blood tests for vitamins and minerals deficiency which is normal,but you must get hezu's bloods checked as well.",neutral,negative,0.0839,0.8322
Khub sars😊,positive,neutral,0.084,0.832
😘 તમારું સોન્ગ સાંભળી ને ના રડું આવતું હોઈ તો પણ રડું આવીજાય છે 😘supar hit song che,neutral,positive,0.084,0.8319
Baa vare gadiye modha per haath fervi ne j kem vaat kare che amna haath sidha j nathi rehta,neutral,negative,0.084,0.8319
Bahuch saras Ane zatpat bani jay thanku,positive,negative,0.084,0.8319
Har har Mahadev...Jay jetbaimaa......Jay mogal.... kirtidanbhai,positive,negative,0.0841,0.8319
150 crore se 150/- rs Giveaway kardo hum subs ko😂😂😂,neutral,negative,0.0841,0.8318
Sarika ben babuchak nathi ee babupocha  kehvy,neutral,positive,0.0841,0.8318
Congratulations jd Bhai apko insta Me msg Kiya apki horses Ride dekh ke  ki ap koi movie ka sutting kar Rahe hai but Apne dekha nahi,positive,negative,0.0842,0.8315
Ek number no lukho se Paisa vagar vat nahi kare a bi rokda,neutral,negative,0.0843,0.8315
And marketing ma boom padav se,positive,neutral,0.0843,0.8314
Right 1000% Kuch words nahi hai kahene k Liye... Shadi k Baad bahut Kam log hote hai Jo apni biwi ko girlfriend ki Tarah gift de or har special day ko yaad kar k usse kitchen se aazad rakhe.... 😮😊,negative,neutral,0.0843,0.8314
Dhyana mari karta saru English bole 6 🥲,negative,positive,0.0843,0.8314
So tasty yummy tempting crispy market se bhi acha hai chef kabita ma'am ❤❤,neutral,positive,0.0843,0.8314
Ye suji ka nashta dekh kar bhook lag gayi 😍 Kabita ji aapki recipes hamesha simple aur perfect hoti hain. Aaj main bhi kitchen me kuch thoda hatke bana rahi thi… ghar walon ko bahut pasand aaya 😋,positive,negative,0.0843,0.8314
Jaldi aavva do Vikram Bhai song,positive,negative,0.0843,0.8314
Bhai garbama mataji na garba gavay Love songs na gavay bhai Jiga bhai next time garba ne love songs bhega na karta Gujarati garba ni vaat lagdi nakhi jiga bhai,negative,positive,0.0844,0.8313
મે પણ ખુબ યાદ કરૂ છુ મારિ મા ને i luv u mom😢,positive,negative,0.0844,0.8312
Mustard oil bhi jata hai,positive,neutral,0.0844,0.8312
Mere mami ne bahut gulgula banaya karte the bahut saalo se❤❤❤❤,negative,positive,0.0845,0.831
Mane bahu Maja avai mara bhai tamane jovani isha bahu she bhai,negative,positive,0.0845,0.831
Apde to Gujaratho bhai 🤣,positive,negative,0.0845,0.831
Aunty ji Ko dekhkar.. lagta hai ki unko apni beti Se pyar nahin lagta Hai.. sorry per mere Dil Se Maine yah notice Kiya Hai😊❤ Baki aapane ki family😊 Kitna pyar aunty ji Sarika bhabhi ko karte Hain.. itna pyar unki khud ki Beti per nahin dikhta Hai😊❤,positive,negative,0.0846,0.8309
Gur use nhi kar skte kya,neutral,negative,0.0846,0.8308
Ma apka bahut bada fan hu Apna Splistvilla ma Kam Kiya hai na Apna jo Bhavya Singh ka Jo majaka  udhya hai My God kya Maja aya Ma Has Has ka pagal ho Gaya tha please one reply please,neutral,negative,0.0846,0.8308
MANANBHAI jordan ni ketli pair che !!!!,neutral,negative,0.0846,0.8308
Amara gaam ma chalu 6e navaratri full mojj ave chhe yr ek to chhe aa aap nu favorite festival. Amara gaam ma hamna j ek round puro thyu 🙏😍😍😍,positive,neutral,0.0847,0.8307
Haave Khabar Padi  Ke BB ma crocodile tears kevi rite aavi Jata hata ane te pan on demand.,neutral,negative,0.0847,0.8306
કંપની ચલાવા કમિશન તો લે જ નહીં. Bharat taxi મોંઘી છે. આ ડ્રાઇવરો ને રાતોરાત આમિર બની જવું છે. આ લોકો પેસેન્જરો ને બહુ લુટે છે,negative,positive,0.0847,0.8305
Hazu ko vloging ke sath manaras bhi sikhao k sadhya ji se aise batamise se baat na kare achcha nahi lagta,positive,negative,0.0847,0.8305
Thoda sa aur record ho jata na yaarrr😩😌 kinta cute lag raha hai bhavsuuuu😌❤😂,positive,neutral,0.0848,0.8305
Ha Bahi ha,negative,neutral,0.0848,0.8305
Mast Biryani & kathi,neutral,negative,0.0848,0.8304
"જ્યોતી બેન, Eno, soda, Limbu ful વગર ખમણ કેવી રીતે બનાવાય? કારણ કે ત્રણે કિડનીને નુકસાન કરે છે મે સાંભળયુ છે કે મેથી દાણા થી આથો આવે છે , આ રીતની healthy recipe આપશો આભાર બેન",negative,positive,0.0849,0.8302
Jay mataji jay jadiyavirdada,negative,neutral,0.0849,0.8302
Jay Jay Jay Jay mogal m@@,negative,positive,0.085,0.8301
Kaka ane masi nni mahenat nu fal chokrav bhogvse bahu mmahent kre che kaka ane masi jaydeepbhai emni pase thi tamare sikhvu joiye,neutral,positive,0.085,0.8299
Guest ne to bolva dyo...tamari lavari to dar vakhte joi j chiye,neutral,negative,0.0851,0.8298
Aa gani ne 4 k 5 kalkaro che..malhar to bhangaar as always,positive,negative,0.0851,0.8298
Bhut accha lagta hai kavita jii aapko dekh kar ❤❤❤❤❤itna femas hone ke baad v jamin se juri hai aap 🙏🙏💫💫🥰🥰jai chath puja ki hardik shubhkamnaye 🙏🪔🪔🪔🪷🪷🪷🪷🪔🪔,negative,positive,0.0851,0.8298
Sir ppr ke baad passport submit karvane ke liye dubai vfs mei Oppointment kaise le pls help me,neutral,positive,0.0851,0.8298
સુપરસ્ટાર તમારી વાત ના થાય। Jio1000ro saal,neutral,positive,0.0852,0.8297
Khoobj saras vangi❤,neutral,positive,0.0852,0.8297
Shiataan toh Kai no kehvay aa masterpeice ni same❤,negative,neutral,0.0852,0.8295
Loc extensions and I need to get a new one and I will be there at like kar te lo to ane bhabhai nai kahe va nu can you please yaar samjay ne please let me know if you need anything else from me please let me know if you need anything else from me please let me know if you need anything else from me please let me😊,negative,positive,0.0853,0.8295
Movie banave che jaydeep bhai,positive,neutral,0.0853,0.8295
Athanu bau tikhu thai gayi hoy to shu karvu,positive,neutral,0.0853,0.8294
વિક્રમ ભાઈ કેમ so મજામાં.. અમારી બાજુ પણ શુટિંગ કરવા આવોને.. .. 🙏🙏🙏🙏,neutral,positive,0.0853,0.8294
Sarash lage che,negative,positive,0.0853,0.8294
Khub khub abhinandan jigar Bhai dawarakadhish tamane khub aagal vadhare aevi prathna,positive,neutral,0.0853,0.8294
A git ma maza no avu,neutral,negative,0.0853,0.8293
Aap apna suit  khan se khridte ho wo vedio dokhana,positive,negative,0.0853,0.8293
Vah didi khub j satas banavya che muthiya👌,positive,negative,0.0854,0.8292
Hu bov moto chahak chu tamaro sir,negative,positive,0.0854,0.8292
J. D. Bhai. Have. Masin. No. Chedo. Karo,positive,negative,0.0854,0.8292
Aa Bird ne 'Spotted  Owlet' kahevay ane Gujarati ma 'ચીબરી'  kahevay .,neutral,negative,0.0854,0.8292
Vikrambhai really tame hearo 6o,negative,positive,0.0854,0.8292
GUJARATI MUSIC INDUSTRIS NE FARITHI JIVANT KARNAR RAGHAV DIGITAL NA FOUNDER DHRUVAL SODAGAR ANE DIPAK PUROHIT NE BOLAVO,negative,positive,0.0855,0.8291
Bhai ....dhoda full thay gaya ho ...,positive,negative,0.0855,0.8291
ભિક્ષાન દેહી મૈયા 😂 iykyk,neutral,positive,0.0855,0.8291
Airfry nhi ho to ?,negative,neutral,0.0855,0.8291
"ha maru Mavtar Maledi, Jay Maledi",negative,neutral,0.0855,0.829
Mam I tried this recipe...pan outer patis nu pad soft and Chivad thayu....crispi na banyu,negative,neutral,0.0855,0.8289
Mera to ho gaya dono Ugli mil gai ek dusre se ❤ Radha Radha,positive,neutral,0.0855,0.8289
dikre to laxmi 6e,positive,neutral,0.0855,0.8289
Vikram bhai tamari rajvadi siye ame monbher rahi ye film aplod karo plz,neutral,negative,0.0856,0.8288
"Jd bhai jetli bumo pade se
Hju hiro banya nathi to pan sarika ane jd ne ketlu badhu abhiman se to psi su karase",negative,neutral,0.0856,0.8288
Aaa. Aaa boom boom vikram bhai,positive,negative,0.0856,0.8287
hji akhu song nthi sambhdyu pan jetlu sambdyu jordar chhe...akho song sambhdvanu pchhi pele jigraa bhai ne comment api dau.,positive,negative,0.0856,0.8287
Ben Bahuj Saras Recipe Shikhwadi Bahuj Gami 👌👌🙏 U Ben 🙏🌹🌹,negative,positive,0.0856,0.8287
Pehle thi ano zukelo che...wahiyaat,negative,neutral,0.0856,0.8287
Photo su pas ubho is,negative,neutral,0.0857,0.8287
Jordhar song che Bhai 👌👌👌👌👌,positive,negative,0.0857,0.8287
ha taygar ha,negative,neutral,0.0857,0.8286
Jai shree Ram di ap sbko chath Puja ki hardik shubhkamnaye jai chathi maiya ki,negative,neutral,0.0857,0.8286
Bov mast song che huye puro song sabhadiyo che 🎧😌❤️,positive,negative,0.0857,0.8286
"What is the name of the gaming console (which company) you got from china, I want to buy similar for my nephew when I visit next week.",negative,positive,0.0858,0.8284
Vikram bhai mobil number aapo pls,positive,negative,0.0858,0.8284
Jay ma mogal 🙏 Jay ma Aabe 🙏,neutral,negative,0.0859,0.8282
Lakho loko sathe kam kri u des pardes chata teni vafadari jalvi rakhi,negative,neutral,0.0859,0.8282
Bahu Mast che ❤,positive,negative,0.0859,0.8282
Dost male to vikram jevo,neutral,negative,0.086,0.8281
Ha kem Nhi,negative,neutral,0.086,0.828
Jay maa sonal Jiayre jiyare a song sambhdva madyu chhe tiyare dil ma goosebumps ave chhe su awaz chhe wahh charan wahh,negative,positive,0.086,0.828
Mast che trailer 😂,negative,positive,0.086,0.828
અમારા જીનેશ ભાઈ ને Like👍🏻📲કરો Suscribe💯 કરો અને બાજુમાં આપેલા બેલ🔔 ના આઈકન પર ક્લિક કરો,negative,positive,0.0861,0.8279
Pizza oven ma bane microwave ma nai microwave ma just garam thay vastu,negative,neutral,0.0861,0.8279
"I am from leeds,uk. Aa live stream ketla vage thay ? Mane to repeat episode j made che. Kaik time table hoy to aapo.",neutral,negative,0.0861,0.8277
Shree Raj Rajeshwari Vihat Meldi Mataji Ni Jai Ho❤,neutral,negative,0.0862,0.8276
એક like દાહોદ થી 😂,neutral,positive,0.0862,0.8276
Aa song babu imotional kri de che rovdavi de che...,negative,positive,0.0862,0.8276
Om Shu khay ni aavyo to aaje 😂🤣 kyarey bolto Nathi aenu bhegu bolyu hoy aevu lage che 😂🤣🤣,neutral,negative,0.0862,0.8276
Mast h ben,neutral,negative,0.0862,0.8275
Sapot karjo bhaiyo Jay goga maharaj,positive,neutral,0.0863,0.8275
Sarika room ni dival   seni banavi chhe waterproof vali,neutral,positive,0.0863,0.8275
Jignesh bhai song gata pahela su bolo 6o ano vichar karo yogiraj sree Krishna NE Maya moh MA fasaya em keta saram Aavi joye sree Krishna moh Maya thi upar 6e,negative,neutral,0.0863,0.8274
Papad kharo na hoy to ???,negative,neutral,0.0864,0.8273
Didhu bapu no kuvo j saru che,positive,negative,0.0864,0.8271
Jigardhan gadhvi tamaro son Che?,negative,neutral,0.0865,0.8271
Gas konsey brand ka ha,positive,neutral,0.0865,0.827
Wah priyans bhai,positive,neutral,0.0865,0.827
Mashi ni vat sachi che jaya swachta Taya prabhuta,neutral,positive,0.0865,0.8269
Bakvas no kare che,negative,neutral,0.0865,0.8269
Master chef me maine aapko dekha toh lgta tha Jaise aap mere family member ho...jab aap roti thi rona aata tha aur hasti thi hasna v..... Mai v Bihar se hi hun,positive,negative,0.0866,0.8269
kevu pade Vikram bhai ho,negative,neutral,0.0866,0.8268
Gharma bi 100 steps karo to chale saru rehse mara mom ne bi eu thay che,neutral,negative,0.0867,0.8267
Jay Jay Jay Jay ma mogal,neutral,negative,0.0867,0.8266
"ગુજરાત માં તમારું કોઈ compression જ નથી ભાઈ... મને લાગે છે... થોડા સમય પછી india. માં
I hope મારા શબ્દો સાચા પડે... Jay mogal maa",positive,negative,0.0867,0.8265
NET par aavshe bhai yo,positive,neutral,0.0868,0.8264
Aa song no new version thi tamare ek album banavo to khub jami jai...jigra,positive,negative,0.0868,0.8264
Jetlo attitude ane arrogance chene etla mathama vad hot toy saru hatu,negative,neutral,0.0869,0.8263
Vah mota bhai khub khub abhinandan lok gayak bavan rabari,neutral,negative,0.0869,0.8263
YouTube par kare raju karso aamare to kish nathi,positive,negative,0.0869,0.8263
Sandhya bhabhi e custard powder vadhre naykho che etle chikash lage che hu home ice cream banvu chu ne sell pan kari che.litaer dudh ma 1 thi Daud chamchi j custard powder ya corn flour nakhvnu. Hoyi ne have biji var mango no plap nskhjo mast lagse.ne  ice cream mate full fet milk mathij sars bane,positive,neutral,0.0869,0.8262
જય હો Thakor સમાજ full સ્પોટ કરો Vikram ભાઈ ને .જય મહાકાલ.,positive,negative,0.0869,0.8262
Bhavna masi savar no nasto roje gadhiya sathe j kare che savar no nasto chang karo etale tabiyat sari rese,neutral,positive,0.0869,0.8261
Jai jai bhim,neutral,negative,0.087,0.8261
Movie name shu che,neutral,negative,0.087,0.826
Radhe krishna ..jay dakor na thakor,neutral,positive,0.087,0.826
Dinesh bhai ni vat hamesha sachij hoy che,positive,neutral,0.087,0.8259
Oh Tu raji aema hu bahu raji....❤❤,negative,positive,0.087,0.8259
Bapu Akbar aasal santvani karo,positive,neutral,0.0871,0.8259
Vikram bhai tame pan ek bewafa j chho ખોટું લાગ્યું હોય તો માફ કરજો,neutral,negative,0.0871,0.8258
Waaah... Bapu classical sikhvo cho....,negative,positive,0.0871,0.8258
Dumas ma je ratalu kand male chhe tena par je masalo hoy chhe te ni racipe apasho please...,negative,neutral,0.0871,0.8258
Badha dry ingredients nu gram ma aapsho pls baking soda nu maap weight ma aapsho pls Thanks,negative,neutral,0.0871,0.8258
Yar nava live shows avta nathi and mara most favourite guests avta jay che! Kyare live jova madshe?????,neutral,positive,0.0871,0.8257
Lecture daily attend karai ne to ..... Have periods miss thai gya nu baanu daine mara notes na magti,negative,neutral,0.0871,0.8257
બેકાર અવાજ અને lyrics 6e કિર્તીદાન,neutral,positive,0.0872,0.8257
Are bhai bhai... Aapne malie? Omegle par.. .. kyare chaalu karo tame Omegle?,neutral,negative,0.0872,0.8256
Jay mataji Bhai.,positive,neutral,0.0872,0.8256
Aap ne kha the hum milenga par hum kab aur kha milenga aur milne ka bad hum apne bich ki sari duryie mita denga batyie please hum kab milenga 😭😭😭😭😭😭😭😭😭😭😭😭😭😭😭😭😭😭😭😭,negative,positive,0.0872,0.8255
Jay man moh,positive,neutral,0.0873,0.8255
કરમનો સંગાથી રાણા મારુ કોઈ નથી એક number 💓,positive,negative,0.0873,0.8255
Jay ma harshiddhi..,neutral,negative,0.0873,0.8255
"Bhai,,,,,, Bhai,,,,,, ha moj ha,,,",negative,positive,0.0873,0.8254
Just started the show - it's just less than 10 min - felt bored off. Switching off to something else now.,positive,negative,0.0873,0.8254
Supar dupaer song bhai 🥰🥰🎉🎉🎉😢❤,positive,neutral,0.0873,0.8254
Steroid lidhi che.....,negative,neutral,0.0873,0.8253
Hook step kar dete toh aur bhi acha lag jata🌚😂,positive,negative,0.0874,0.8253
Jab cut kar liya hai to kha bhi lete Hain😂😂😂😂kya line hai.😂,negative,neutral,0.0874,0.8253
Mara papa bheekhaji na gurati fevret hero tame chho vikram ji thakor,negative,positive,0.0874,0.8253
Jignesh barot na like karo comment karo,neutral,positive,0.0874,0.8252
Jaydeep bhai Tame Rajpipla Dabhoi Gam Rahine Gaya hata 😊 hu tamara Vlog Daily jov chu ... Kal ke vlog me Mera name bolna please 🥺❤️😊,positive,neutral,0.0874,0.8252
Wahhh khub saras lyrics plz,positive,negative,0.0874,0.8252
JAY kanaiyalal ki.....,negative,neutral,0.0874,0.8252
Jay mataji Rmadev pir Vikram bhai 👏👏👏,positive,negative,0.0874,0.8251
"Sir, please write a paper and talk about the movement that is going on in Delhi right now.🥺🙏",negative,positive,0.0874,0.8251
Please sunny bhavsar ne bhi lavari ma lo bove aj maja avse tamne jovani and amne bhi,positive,neutral,0.0875,0.8251
"Hathe kari ne heran thvana dhandha che Jd bhai na. Bov bdha ne heran kre che  Jivan e j jive che bija koi ne kai kbr j nhi padti evu j behaviour hoy che tenu  
Uncal is allways right. Also ghar na bdha members",neutral,negative,0.0875,0.825
Bhai Aaj thi navratri start thai chee to kai live krvana choo? @home?,negative,neutral,0.0875,0.825
My mom use to make this when I was little. It’s made from the water left after we wash gotla and chotra in it.,negative,positive,0.0875,0.825
Video na ending katka ma j editor a katko nakhyo chhe boss ene to badhane hasavi hasavi ne katka kari nakhya chhe...😂🤣😂,neutral,negative,0.0875,0.8249
Thnq so much.....AAP NE BOHOT EASY SE BESAN KI MODAK BANANE KI BIDHI SHARE KI ...THNX A LOT,neutral,positive,0.0876,0.8249
Tamne organic sona moti ghav ke bare me batana he,positive,neutral,0.0877,0.8247
Ha Tiger kajal ha,positive,neutral,0.0877,0.8247
Bhavin bhaiya.... This is Ur real channel na ? apke koi fake account ke subscribers 57k hai,positive,neutral,0.0877,0.8246
Gujarati 11 Movie name,neutral,positive,0.0877,0.8246
Sarika ne ego avi gyo che.tme blog banavo cho to sari kharab bdhi comment sahan krvi pade.loko na karne tme agad cho a bhulvu na joie..bhu kharab lagtu hoi to vlog na banavo.,negative,positive,0.0878,0.8243
Vikram bhai Supar Song,positive,neutral,0.0878,0.8243
Jai ma mogal,negative,neutral,0.0879,0.8242
Ava to dyo,positive,neutral,0.0879,0.8242
Jay shree dakor na thakor🙏🙏🙏👍,positive,negative,0.0879,0.8241
Badha ni feeling different hoy The way you all teasing Sandhya that was totally wrong 😑,positive,negative,0.0879,0.8241
Ghar ki khet ki jar se red hi hota hai rotla hmare ghar par bhi red hota hai❤,neutral,negative,0.088,0.824
"@7:55

Tame hardik bhai ne laine gol gol na farya?!!!

😂😂",positive,negative,0.088,0.8239
Bhai Kayare Aave che song,negative,neutral,0.0881,0.8238
Bole to ekdum jhakaas,neutral,negative,0.0881,0.8238
Hu mangal bajar thi jov chu 😂😂😂,neutral,negative,0.0881,0.8238
Ha Jignesh bro Ha,negative,positive,0.0881,0.8238
"Jaydeepbhai tamara Mummy ni jem Sandhya pan emotional thai gaya.
Eno meaning ke Sandhya ne pan ketla feelings che family mate❤",positive,neutral,0.0882,0.8237
@jigneshbarot Daily 1 var aa song sambhdu chhu bav aanand aave 🙏,negative,positive,0.0882,0.8237
"Allah kry tranding py jae in.shaa.Allah,bht mhnt hai es k pichy",positive,neutral,0.0882,0.8236
Mari janu to mne muki jto ryo😢😢😢,positive,neutral,0.0882,0.8236
"Bhai Elvis kya chhe, Eni baap editing hoy chhe",neutral,positive,0.0883,0.8235
Sam it's wrong app hi mane hoge na video banne ke liye ab Bhavin par torture kar rahe ho😢😂,neutral,positive,0.0883,0.8235
Tame badha ni vato Sam Hadi chho kem …Sandhya ne majjjajj save chhe ..ee bichari camera thi tevayli nai hoy etle evu thay its 😊😊..kuch to log Kharge ..chhodo bekar ki baa to ko ..tame tamare badha jalasa karo ne bhai sab❤❤❤❤❤❤❤,neutral,positive,0.0883,0.8235
Me har do din me ye wali ice cream bnati hu av mango ka session h to bahut testy lgta h,negative,neutral,0.0883,0.8235
Saheb geeta Rabari ne UTTAR GUJARAT ME DEKHADYU HATU 2013 MA,neutral,negative,0.0883,0.8234
Ott release thase ke theater,positive,negative,0.0883,0.8234
Kalakar ni mehnat panima recoding ma left side mathij avaj Ave che center thi recoding karo ke pachi banne baju avaj Ave evu kaik karo.,negative,neutral,0.0883,0.8234
Khub Agad vadho vikaram Bhai,negative,neutral,0.0883,0.8233
Khub mja aviii,positive,neutral,0.0884,0.8233
Mam recipe mast che Pan ek question che Pani ma kem ukalo cho kofta ne?,neutral,negative,0.0884,0.8232
Hahaha. Lol bhai. Alag hi scene hai omegle ka.,positive,negative,0.0886,0.8228
Aarti adhuri che puri nathi,positive,neutral,0.0886,0.8227
"Bhai jetli var sambhdu, mane pacho ghare pochadi de che, ne Kathiyavad ne Sorath ni yad apavi de che.. 
Adbhut composition and Sundar arrangement bhai!!",neutral,positive,0.0887,0.8227
"Man toh matching hona hi chahiye but thode bahut  ek dusre se kapde bhi matching ki ya karo..
Jab aap dono yeh sab karoge toh aacha lagne lagega..",neutral,negative,0.0887,0.8227
Jorr song 👌 Jignesh bhai 👍,positive,negative,0.0887,0.8226
Have varsad bandh thyo k nhi?,positive,negative,0.0887,0.8226
Aap main mistakes nhi dekhte h🔥🔥baki 2 mistakes thi🤪🤪🤪,neutral,positive,0.0887,0.8225
Bhai have hardik pandya ne lavjo world cup pachi,positive,neutral,0.0887,0.8225
Moj avijase movie ma,negative,neutral,0.0888,0.8224
Ha bhai Ha,negative,neutral,0.0888,0.8224
Nice attempt but bav badha improvement ni jarur che ane video ma model karvani comment par aap dhyan na apo to chale but apni je strength che e Voice che ane apno voice besto jai che pela jevi Range nathi rahi ek sacha tamara shishya ane tamara sadhak tarike ek j request voice improve kari ne pela jevo karo Kirti bhai,neutral,negative,0.0888,0.8224
Soooper mam👍👏 Jai Shree Krishn 🙏,neutral,positive,0.0888,0.8224
Those Akshay Kumar edits are on the spot😂😂😂😂,neutral,positive,0.0888,0.8223
Hu to gamda ma rav chu toi te ૧૦ vaga jagu,neutral,negative,0.0888,0.8223
Jai ganeshay namah,negative,neutral,0.0889,0.8223
Saras bhai bhai....,positive,neutral,0.0889,0.8223
"હું તમારી પરિસ્થિતિ સમજી શકું છું.
In USA મારે ઘર અને buissness બને જગ્યા તદ્દન પાણી માં ડૂબી ગઈ હતી ,3 વખત !!! Nothing left. કોઈ સરકારી મદદ નહિ . મારી હોસ્પિટલ ના બધાજ સાધનો ઇલેક્ટનિક્સ હતા . Xray machine  sonograpjy machine , digital anesthetics machine etc. millions of
Dollars of loss . અહીં બધા ઘર લાકડાના એટલે પાણી અડે એટલે નવુજ નાખવી પડે .
I cannot sleep ,. Eat 
BUT TOUGH TIME NEVER LAST BUT TOUGH PEOPLE DO.",positive,negative,0.0889,0.8222
Constable thi layne ias ips sudhi badhaj currept che tara gujarat ma,negative,neutral,0.0889,0.8221
Garmi che bhai,neutral,negative,0.089,0.822
Khob saras reci resipi❤❤🎉,neutral,positive,0.089,0.822
Aapka bday kesa gaya ??,neutral,negative,0.089,0.8219
the people are disliking this either they don't understand Gujarati or they don't have feelings...,positive,negative,0.0891,0.8219
"The cameraman should pay close attention during the recording. If the invited guest's seating posture or overall presentation is not appropriate, the cameraman should immediately inform the team so the necessary corrections can be made. The recording should then be restarted to ensure the final output meets the required quality standards.",positive,negative,0.0891,0.8218
Bhai samay bov jaldi viti jay che 9 vars thai gya song na,neutral,negative,0.0891,0.8218
Meri sbi raah to aap k hi trf jaati h 🙈❤️,positive,negative,0.0891,0.8218
હૂબહૂ વર્ણન મારી મા નું ...aabhar jigneshbhai ...વારંવાર સાંભળું તોય મન ના ભરાય ..,negative,positive,0.0892,0.8217
Saras Vikram bhai Ghani maja a gai,neutral,positive,0.0892,0.8215
Good evening. Adi kem atlu motu pent phirviyu che. Bhvnamasi ni su tyu.didi Landon pochi ni fast karjo.jaydeepbhai diet plan ko ni mare wight loss karvu che.sandiyabhabhi kaya gaya.good morning. Bhumididi hoyi eitli maja avi.👌👌👌👌👌comeday hate.  Dal dotayi nahi eitli.tofin ma khvanu maja avi friend sarkal ni bhuj maja avi.pan have  mirrige pachi koi frind nahi malta badha biji thi gaya. School time bhuj mast hato nai jaydeepbhai. Vidio ma barpan yad avi gayu. Ok by Jaydeepbhai family.jay swaminaryan.,negative,neutral,0.0893,0.8213
Dinu bapu no kuvo saru name chey bhai hard work karta hata,negative,positive,0.0894,0.8213
Ha Jignesh barot ha,negative,neutral,0.0894,0.8212
Autotune thi carrier bani jay che..badshah dhwanibhanushali etc...haju che Ghana..😂😂,neutral,positive,0.0895,0.8211
Haji nathi khabar kon se bhai tu?😂,neutral,negative,0.0895,0.821
Have to fridge mathi sherdi kadho....😂,neutral,negative,0.0895,0.821
Tame bhai java ni vat na karo jaydeep bhai nd sarika di  amnam nhi jasu swarg ma am majak ma  pan na kyo avu pachhi ame vlog kona josu yaar😢 amne tamara vlog thi to savar thay 6 😂😂,positive,neutral,0.0895,0.821
વારસો સુધી હેડિંગ છે પણ ગોળ ના લીધે કાળું પડી જાય છે તો શું કરવું પ્લીઝ reply કરજો,positive,negative,0.0895,0.821
Ek number viku bhai,neutral,negative,0.0896,0.8209
MOTA BHAI JAY JOGNI MA BOLIYA MOTA BHAI,neutral,negative,0.0896,0.8209
Only kirtidan hot to vadhare saru hot song,positive,negative,0.0896,0.8209
Lija yad mari sachavine rakha,negative,neutral,0.0896,0.8208
Bahu saras bili nu vruksh chhe bholanath na ashirvad chhe,positive,negative,0.0896,0.8208
su vaat chevikram bhai moj ha,neutral,positive,0.0896,0.8208
Jordaar jignesh bhai,neutral,negative,0.0897,0.8207
ma'am aap to ekdum fit ho ❤❤❤❤❤,neutral,negative,0.0897,0.8206
J ma mogal,negative,neutral,0.0897,0.8206
Bhai aa Chetan Thakore aa video jevu hakikat ma karelu Che Ene ena lover jode malavi didhi ne atyare hu Nasha Ni aadte lagi gayo 😞😞😞,negative,neutral,0.0897,0.8206
"My sweet famoliy jay shree kishna sarika beta Aap ke vdo kuchh ne khush ne jesa reta hye ful fimiliy sath me dekh hi bada Aanda  Aata hyebaki shndhaya   ki bhi bahut yad Aati hye hardik beta,shndaya ki bolo thoda thoda vdo Aap ko bhejjde   nice vdo",neutral,positive,0.0898,0.8205
Move nam shu che,negative,neutral,0.0898,0.8205
આટલી બેકાર debate me llife માં પેલી વાર જોઈ😅😅😅,neutral,positive,0.0898,0.8204
Khub saras ful sport vikram bhai,positive,neutral,0.0898,0.8204
Mission nu naam shu chhe? I want bgm of this mission,neutral,positive,0.0899,0.8203
Movie : What women want 2000 ma aavi eno copy version gujrati maa😂😂😂,neutral,positive,0.0899,0.8203
Wah Dan Wah...Jai Mataji,positive,negative,0.0899,0.8203
"ઓયે પાગલ ! હું તને બહુ જ પ્રેમ કરું છું, નહીં રહી શકું તારા વિના !! Naresh",positive,negative,0.0899,0.8202
Plz dilip joshi and champak चाचा को  बुलाओ❤🎉🎉,neutral,positive,0.0899,0.8201
Amara banswara ma swagat che saheb star,neutral,positive,0.0899,0.8201
M aapko Meri trah pure vegitarian samjhti Thi 😊❤❤❤❤❤chlo koe baat nahi ❤❤❤❤❤❤fir b m aapko follow krti hu 💓 nice presentation 🎉,positive,neutral,0.09,0.8201
Tamari bataveli vangi me banavi saraas bane che,positive,negative,0.09,0.82
Maru naam aarti 6,neutral,negative,0.09,0.8199
Baa tame mara mummy jevaj lago cho mara mummy to  akspid thay gya6😢tamari jem j kam karta tene pan grin kar ni sadij perta tamne jov atle mara mummy jevuj lage6,neutral,negative,0.09,0.8199
Jay ma sonbai Kirtidan Bhai,neutral,negative,0.09,0.8199
Bahu saras recipe share kari dudh umerva thi self life ochhi nai thay jay atyare monsoon chale chhe to,neutral,positive,0.0901,0.8198
Jay shri krishna jaydeep bhai ansari cabin aapko kisi ki najar lag gai hai ❤❤😊😊😊,neutral,positive,0.0901,0.8197
Meri sister ka favorite hai Blue color,neutral,positive,0.0902,0.8197
Wah Thakor bapu,positive,neutral,0.0902,0.8197
Ha moj Ha.....,negative,positive,0.0902,0.8196
Jay shree krishna sudama rahde 🙏,positive,neutral,0.0902,0.8196
જોરદાર ટેઈલર છે ફિલ્મ જલદી You tube ઉપર નાખજો,negative,positive,0.0902,0.8196
"Better ma 2 chamchi ghee nu mon ane half lemon nu juice nakho to saras crispy, jalidar bane",negative,neutral,0.0902,0.8195
aaj to che loktantra ni khubi laykat vado fafa mare dobao mja kre,negative,neutral,0.0903,0.8194
Nice receipe.. Chutney ma salt ne badle sanchal powder vadhare saras swad aape che..,neutral,positive,0.0903,0.8194
"Sara ali khan, Akshay kumar, Dhanush....Atarangi re movie no concept, but sari acting kari che ! Kaik unique storyline hot to vadhare saru hot...",neutral,negative,0.0903,0.8194
jio kirtidan ghadhvi and amejing all singar jay ma moghl,negative,positive,0.0903,0.8194
Mari bhul kayi hati te nahi khabr no call no message Instagram par block Kari didhi che 😔😔😔,negative,neutral,0.0904,0.8193
Aama rashiyan jevu Shu Che Gujarati ma kutless kyo ne ben,negative,neutral,0.0904,0.8192
Ha tiger bom bom bhai,positive,negative,0.0905,0.819
"Bombay ma limbu nang na hisab thi aave 10 na 3 

Jambu 100 na 250 gram",neutral,negative,0.0906,0.8189
Main banati hoon to sahi banta hai but thoda andar se mawa kachvha rrh jaata hai jabke main slow aanch pe talti hoon tabh bhi thoda kachcha hi reh jaata hai uske liye kya kqroon bataiyye na plzz mujhe bohat tension hoti hai koi cheex sahi nahi banti hai to😢,negative,neutral,0.0906,0.8188
E janavyu nathi,positive,neutral,0.0906,0.8188
Bina Phir karo ke ye kasaila to nhi hoga,negative,neutral,0.0906,0.8188
Jordaar song's laya bhai,neutral,negative,0.0906,0.8187
Nobody noticed that the background music is of Mr.been,neutral,negative,0.0906,0.8187
Medam khub j Sara's khaja bnavya aaj rit Ane aaj measure ment lai ne khub j Sara's bnya.thanks lots,neutral,negative,0.0906,0.8187
Masi mst lge che sandhya krta nana ne patla lgo che tme derani jethani lgo cho nice😊your vlog is best badha krta sra hoy che bija ma to dekhado bov hoy tyar thy ne function krya kre panchmasi ladva nu face reveal nu dekhado kre tmri pase badhu che badha krta agl cho badhi vate pn show off nhi ae j jovu gme  badha jive am j jivo cho nice  am j vlog btavjo life time 😊,positive,neutral,0.0907,0.8187
Mara priy bhagavan shri krishna chhe and Mane aa song bahuj pasand aavyu saxat bhagavan ne fil karya sir tamara avaj ma sachej shri sarasvati no vas chhe tamaro avaj koinu pan man mohi le tevo chhe tamari big fan to nai kau kem ke marathi Pan vadhare chahanara tamara ghana fan hase to tamari nani evi fan hovathi chhele shri krishna ne etli prarthana karu chhu ke te tamne hamesha svasth rakhe Ane khush rakhe ...radhe Krishna 🙏🙏🙏,neutral,positive,0.0907,0.8187
People are not choosing carpets . Throw away the galicha.,negative,positive,0.0907,0.8186
સરસ. તમારી tiffin series મને ગમે છે. Chevti દાળ માં વરિયાળી અને મરીનો પાઉડર ઉમેરવાથી સરસ લાગે. બેન પરવળના રવૈયા બતાવજો. આમ તો હું સુરતથી જ છું અને અહીં ના ટેસ્ટ મુજબ રોજની રસોઇ બનાવતી જ હોઉં છું પણ અન્ય વ્યક્તિની રીતમાં કૈંક નવું જાણવા મળે જ છે. તમારી બધી રેસિપી મને પસંદ છે.,negative,positive,0.0907,0.8185
"WORSET JOKE, PUNCH LINE AND COMEDIAN IS MR. CHIRAYU MISTRY, ENE EVU LAGE CHE I M TO COOL",negative,positive,0.0908,0.8185
Maja avati che vikerm bhai,negative,neutral,0.0908,0.8185
Aapde  vadi par  robot  no sale. Soray. Jay Bhai 😅,negative,neutral,0.0908,0.8184
Mithu nakhi shaky ke?and becking power nai nkhe to chle ke?,negative,neutral,0.0908,0.8184
Thank you ma'am 👌 mara chokrav ni fav dish che 😋,negative,positive,0.0909,0.8183
"Better not to do pressure cooker,,will taste much better in pan cooking",negative,positive,0.0909,0.8182
Jyare sandhya nati tyare atali nati harakhati have. Sandhya na avya pachhi bhumi ni aju baju bau mandaray chhe sandhya no varo j nai ava deti ....smart,negative,positive,0.0909,0.8182
Bhumi thaki jsy chhe ek bsr vapis check karavo,positive,neutral,0.0909,0.8182
Mara mmi ne bhi masi jevu thay che kyarek ❤,positive,neutral,0.0909,0.8181
Mere seene ki dhadkan hai tu ban gya 😍😍❤❤❤❤❤❤,positive,neutral,0.0909,0.8181
Mujhe ek chizz samjh nhii ayi ki papu ke pass iPhone kaise a gayaa 😂😂😂 agar iPhone hai to phir chaye wale ko to paisa dehi sakta hai phir 😂😂😂😂🤔🤔,neutral,negative,0.091,0.818
Joradar jiga bhai1 nabar,neutral,negative,0.091,0.8179
Ketla serving mate chhe?,neutral,negative,0.0911,0.8178
Humara bhavin toh malti talented hai iss baat pr koi shak nahi ♥️♥️😍😍🤣🤣🤣🤣🤣,positive,neutral,0.0911,0.8178
Movie no consept lidho chhe 😂😂😂a pan salmon ni movie no 😂😂😂😂😂,negative,neutral,0.0911,0.8178
Sarika bhabhi and Sandhya bhabhi ne saasu na Swaroop ma maa Mali che,positive,neutral,0.0911,0.8178
Jay mogal maa માં મોગલ છોરું ચારણ,positive,negative,0.0912,0.8177
"4:13 sizzler che 🤣🤣
Kayu sizzler Khao Cho Manan bhai...",neutral,positive,0.0912,0.8176
Vikram Bhai thakor,positive,neutral,0.0913,0.8174
Thank you very much Kabita ji. I am definitely going to try this. Just wanted to know agar besan ka mixture ladoo banaate wakt bandh nahi raha hai to kya ghee add karke usko moisture dene se kaam chalega?,positive,negative,0.0913,0.8174
Jordarrr Bhai mast manaso ne bolav ya ho baki 🎉🎉,positive,negative,0.0914,0.8172
હા મોજ હા JK,positive,neutral,0.0914,0.8172
Bhahuj saras vlog. Jai shree Krishna from California,neutral,positive,0.0914,0.8172
કયારેય આવે છે song,positive,negative,0.0914,0.8171
"manan bhai ae whoop band peri lidhi che 
have aavse 6 pack abs 🤟🏼",positive,neutral,0.0915,0.8171
Itna cute kaise yaar🤧,positive,neutral,0.0915,0.817
Full video Kyare aavse ???,negative,neutral,0.0915,0.817
Rent Agreement એકવાર બન્યા પછી ૧૧ માસ પછી માત્ર 20 રુ માં તે જ agreement એક રસીદ આપીને renew કરવો જોઈએ.,negative,positive,0.0915,0.817
Jay hoo Viki bhai,neutral,negative,0.0915,0.8169
bahut hi khubsurat tarike se decorate kiya hai aapne very nice ma'am ❤❤❤❤❤,neutral,positive,0.0915,0.8169
Jindgi ma game tetli khushi hoy pan maa bhidma mara jeva ne ekla mukidey ae bov badnashib hoy che i Love you Mari maa miss you bhagvan tamari divy aatma ne Shanti aape 😭😭😭😭😭😭🙏🙏,positive,negative,0.0916,0.8169
Supar dupar hit song jiga bhai,neutral,positive,0.0916,0.8169
Bahut jordar hati... Aa lavari....,positive,negative,0.0916,0.8167
Kab bunty ayega?plz bolo,neutral,negative,0.0916,0.8167
jaydeep bhai a surat cha kayarek tame dumas ne malva jav kayarek dumas tamne malva ave …….,neutral,negative,0.0916,0.8167
"Jaha Didi hai waha Kuch bhi kar sakte hain!!!😂😂😂😂😂😂😂. Lmaooo. Roasted. Mic drop. Kya baat hai!!! Ane kehvai Palat-Vaar
Sambhadine majha avi gai Manan Bhai, 
Maro divas Sudhari gyo!!😂😂",positive,negative,0.0917,0.8167
Bahu saras....maari mummy pan Kobi saras banavti hati...thanks,negative,positive,0.0917,0.8167
J.bhai sis aaviya che to madvanu rakho...,neutral,negative,0.0917,0.8167
Jay shree Krishna Masi ane Kaka ne 🙏❤️aje kaka no suvichar missing . Kaka barabar busy che . Bhai aje to Heju ni navi bicycle avi saras che beta 👌Heju ketli khush thay gay ❤️Tamari bane ni vat sachi che ke chokrao khush thsy to apne pan bov anand thay che ❤sarika ye last ma khidhu ye a mane bov gamyu ke mota thay jay pachi su game na game a bhulay jay amuk struggle period hoy ave tyre a potanu bhuli ne family ne mate prla kare saras sarika nice thought 👏kharekhar sachi vat che Sarika ni avu j thatu hoy che . Saras vacation enjoy karo kids sathe 🎉Garmi bov che to badha dhyan rakhjo ❤Hardikbhai ne Heju Kanu ketla vahala che mane joy ne bov anand thay Kaka no prem 🙏saras badha avi rite halimali ne khushi thi raho avi Bhagwan ne mari prathna 🙏Heju Kanu ne maro lad ❤️❤️🥰badha ne mara jay shree Krishna 🙏❤️,negative,neutral,0.0918,0.8165
Music mast hatu. Ane manan bhai tame bhale game eva driver chho pan shooting skills op chhe h😂😂,neutral,positive,0.0918,0.8164
Dinu bapu no kuvo best nam che aj rakho 👌😊❤️,positive,neutral,0.0918,0.8163
Mukesh bhai ni vat sachi che ho yar,negative,positive,0.0919,0.8162
Jay Ho Santvani Vah Kirtidanbhai vah,neutral,negative,0.0919,0.8162
kya baat hai.... vaah jigaraa vaah..... baapu moj karavi didhi.....,positive,negative,0.0919,0.8162
wahhh dan jay hooo,negative,positive,0.0919,0.8162
Wah su song che boss maza avi gyi,negative,positive,0.0919,0.8162
Aabeee oooo Bhavin 😂😂😂mat karo yaar aisa 😂mat bhigo 😂😂🤦🏻 fever ho jayega yaar🤦🏻🤷🏻,positive,neutral,0.092,0.816
2025 kon kon song sambhle che 😊,neutral,negative,0.092,0.816
nic v. Bhai mane tamari Jode aekavar chans apaso singing no,negative,positive,0.092,0.8159
"TAj hu frist time comments kru chu maru name boljo
Sarekaben tamaro javabj nathi
Mane to tame bhuj ga",neutral,negative,0.0921,0.8158
Bhai Tamara Name Thi J Film Hit thay jase,neutral,negative,0.0921,0.8158
Jai bappa ki🙏🙏🙏,negative,positive,0.0921,0.8157
Ben copra pak saras bnavyo che પણ દુધ ને ગોળ વીરુદ્ધ છે એટલે helth ma opposite thay ..😊,negative,positive,0.0922,0.8157
Hii my name is rimi....but bhavin app vlog kyu nhi banayenge please tell me na.......please ❤,positive,neutral,0.0922,0.8156
Kemse nwe car hu dahod no Vikram bhai,neutral,negative,0.0922,0.8156
"Pat se Dagdi shot......😅😂😂 boards ni exams chale che 12th ni english nu paper che have essay avse ke write 800 words on a accident you witness aj lakhvano chu...😂😅 Once upon a evening  I was watching worst hitman video and.....

Btw manan bhai fresh thai gyo video joi ne have pacho reading karis Thanks 🙂🙂👍🏻😅",positive,negative,0.0922,0.8156
jay jay jay mataji jay jay made jay jay jay.ramaper,positive,neutral,0.0922,0.8156
"Me pan try kari chhe,tamaru pan 👌👌chhe",negative,neutral,0.0923,0.8155
Khub khus raho,positive,negative,0.0923,0.8154
*Jay thakar bhai 🙏🙇‍♂️❤️*,positive,negative,0.0923,0.8153
Couple ne farva moklo. Jaydeep bhai have long Trip par,positive,negative,0.0924,0.8153
Khub saras haiyama thandak Thai gai,positive,neutral,0.0924,0.8153
Jay i mogal raksha kare,positive,neutral,0.0924,0.8152
Jitu bhai tamara jode mangu benj sobhe yaar,negative,positive,0.0924,0.8151
Boom se boom Vikarm Thakor,negative,positive,0.0924,0.8151
Ha thayl ha❤💘💔💝💖💌😫😥,neutral,negative,0.0925,0.8151
Teacher kya krte hai esa bolo.. 1:53 teacher kya krte hai esa bolo.. As teacher i know every parents doesn't give respect to teacher that's why student also not giving nowa days,neutral,negative,0.0925,0.815
Ae angdi na kar angadi na kar 😂😂😂😂😂😂😂😂😂😂😂😂,neutral,negative,0.0925,0.815
"Sonau , tane mara par bharosa nai k??😅",negative,neutral,0.0926,0.8149
Ab vo tumhare Ghar janam lege Katha me he ek rishi ko hiran se MOH ho Gaya tha to vah last time me hiran Ka ki Chintan karte rahe to vah next janam me itne bade mahaan rishi tapasvi hiran Ka janam prapat hua isliye matte time jinko bhagwan ji ke pass Jana he mukti Leni he to bhagwan ji Ka dhayaan or naam jap Karu ❤,neutral,negative,0.0926,0.8149
Kale savare pan youtube ma aavu joiye to manu ane like share kariye,negative,neutral,0.0926,0.8147
Have thoko like and ser apdo bhai che boom padvi Jove Akha Gujarat ma badsha. To badsha kevay,negative,neutral,0.0926,0.8147
Maam apka video mai lockdown se dekh raha hu lekin kabhi comment nhi kiya apka grow dekh ke bohot khush hu😊May god bless you mam❤aise hi tarakki kijiye ap love from Assam,negative,positive,0.0927,0.8146
Ha maru gkts ha,neutral,negative,0.0927,0.8146
"Cooker kahan se liye, same product to nahi hai",negative,neutral,0.0927,0.8146
"🙏Jay Sheree Krishna to all  family members 🙏
Hope badha majama hase, jaydeep bhai hu Tamara vlog roj jovu 6u, after so many negative comments mare atlu j Kevu che jaydeep bhai ke badha ni life different hoy. Je ne je game aee eni life ma kam kare. Koe person ne personally judge na karvu Joea. JD bhai,Anty, uncle, sarika bhabhi,hardik bhai , sandhiyaben badha Sara che.❤❤❤ always loving your family with your kids as well.🥰🥰🥰",positive,negative,0.0928,0.8144
So so tasty mouthwatering ab goa toh nhi ja skte par wahan ki dish jarur try krungi chef kabita ma'am ❤❤,neutral,negative,0.0929,0.8143
Nadi dosh not navo video lavone please please su riddhi pregnant che te lavo,negative,neutral,0.0929,0.8143
દુનિયામાં ધના બધા ધર્મ અને ભગવાન છે. Pan દ્વારકama બેઠો છે e અમારો બાપ છે Jay ઠાકર .....,negative,positive,0.0929,0.8142
Kona mate hve ame tyar thayi farsu,negative,neutral,0.093,0.8141
"Radhe Radhe sister, khub valo hoyeche.",negative,neutral,0.093,0.814
"Me aa rite pheli var hamna j banavine sukvya che,ekdam tasty ane aasani thi banavi ski .thanks ❤",negative,neutral,0.093,0.814
આ ગીત નું સ્ટેટસ જોવો Dhollywood status ચેનલ પર.||THX||...,negative,positive,0.093,0.8139
"Khub saras,Amara jamnagar ma pan rasiya patr male che pan try karsu ,ame bombay rahiye che",negative,positive,0.0931,0.8139
"Don't compare manan bhai with remo sir.. 
Apda manan bhai nu separate fan base che for his skills💖",neutral,positive,0.0931,0.8138
Jena thaki tame aatla famous thya. So etlu dhyaan hovu joi e k kai b vaat karo tyare saruaat. Jay dwarkadhish thi karo.,negative,neutral,0.0931,0.8138
"wrong information keerti bhai...
તુમ તક નો એ પાર્ટ પણ જાવેદ અલી એ જ ગાયો છે.. તમને તો એના પહેલા ની કડી j ગાવા મળી 😂",positive,negative,0.0931,0.8137
આવતી કાલે ‌મંગળવાર‌ છે મંગળવાર નો‌ દિવસ મેલડી માં નો દિવસ છે એથી મેલડી માં ને કેટલા જના માને છે એ લાઈક કરે મંગળવાર આવ્યા‌ પહેલા અહિ 200 લાઈક અને 100સ્બક્રાઈબ જે લોકો મેલડી માતા ને માનતા હોય એ લાઈક and સ્બક્રાઈબ કરે 🙏🙏જય મેલડી માં 🙏🙏,negative,positive,0.0932,0.8137
Ghar me chuti aye to powder nahi dalna crezyline chock ave te lagvvano,neutral,negative,0.0932,0.8136
Ha Vikram Thakor,positive,neutral,0.0932,0.8136
Aap hi dhek lo fare ab ac me bhi jana hai or uber me auto nu rate pan batavu joiye e kem na batvya auto ma javu joiye tu Pachi kya thi posay uber ma auto na bhada mongha che,negative,neutral,0.0932,0.8135
50 kg ki bori uthali ab aap sarika ji ko uthake dikhao,neutral,positive,0.0933,0.8135
Ha vikram bhai ni moj ha super king,positive,negative,0.0933,0.8134
Tum logon ka humour gir Raha Hai .sochna,positive,neutral,0.0933,0.8134
Fv. Song. Maru,neutral,negative,0.0933,0.8134
Jay shree Krishna.....,positive,neutral,0.0933,0.8134
"Sarika,matke ke niche ka steel ka stand tube vala milta hai 😊",positive,neutral,0.0934,0.8133
maja to che,positive,neutral,0.0934,0.8133
Avi rit na hoy rotla ni. Gamda ma jai ne shikho kevi rite bnne 6 rotla,negative,neutral,0.0934,0.8132
Ha su masi,neutral,positive,0.0935,0.8131
Masi bol rahe asa hi aya tha airplane jesa,neutral,positive,0.0935,0.8131
💯 Bhuj mast movie che,positive,negative,0.0935,0.813
"Modiji be like: ""bahar jana mana hai "" 😂😂😂",neutral,positive,0.0935,0.8129
Jay M@a Hingdaj,positive,negative,0.0936,0.8129
Didi rice ka aata kaise banaye,negative,neutral,0.0936,0.8129
"Manan bhai ni ek vaat to gami.. mission hard hoy ke easy, ek vaar ma clear to nai j karvano. 😂😂",neutral,positive,0.0936,0.8128
Jay sree Ganeshay,positive,neutral,0.0936,0.8128
"My mom is a great great great fan of your channel. She has watched like every video of your channel from the day it started. I am her daughter. I just passed 12th standard but my result is yet to announce. I made a bet with my mom that she will get me phone if I scored more than 85%. Please tell her that she buys me a new phone on your next video. Please.... because she listens to everything you say 😅😅😅😅 because she loves your videos 🥰🥰🥰🥰.... her name is Sheetal Patel... it will be great and she'll be happy if you guys can take her name on you video. The ask for phone is just a tease, I just want to surprise her by listening her name in your video. Thank you. Lots of love from Vadodara ❤️❤️❤️",positive,negative,0.0936,0.8128
"Kirtidan bhai tme dayra ma j jamo ,aana mate one man army Jignesh kviraj brabar che",negative,neutral,0.0937,0.8126
BMI is not a good metric to use FYI . It should be addressed coz the BMI is biased towards one sect of people in the society which is some white population,negative,positive,0.0937,0.8126
Sirf sab dalke shake karne se taste kaisa ayega.. Taste ko enhance karne ke liye lemon ka juice dalna chahiye tha lemon slices se nahi ayega taste 😊,neutral,negative,0.0937,0.8125
"Movie bahuj Saras che pan end ma khubaj sad kadhi,baki family Sara's batavyu che",neutral,positive,0.0937,0.8125
jay ho santvani,neutral,positive,0.0938,0.8124
Bhai jaladi video upload karo,neutral,positive,0.0938,0.8123
Kya soya keema ka bhi istemal kar sakte hai? Keema ko puri tarah se pakne me kitna same lagta hai?,negative,neutral,0.0939,0.8123
Wah jay maa sonbai 🙏🙏,neutral,negative,0.0939,0.8123
"Hu kahu chu ek aa vlog Sandhya ben,je pan words i.e ( Hi! or kem cho badha etc) anything toh gam se.After Hardik & Sandhya marriage, they're not gone out anywhere, let them freak out together,aaj toh golden days che.Sarika is smart & inteligent,she knows how to make vlog which she learnt from husband.Please show something new in your vlog.😮🎉❤",positive,negative,0.0939,0.8121
Kavitaji AAP Bihar main kaha se hai main bhi bihar se hui,negative,neutral,0.0939,0.8121
"Jaydeep Bhai,just an observation,it is nice if kids learn to say kaki,mami,masi etc.For westerners you cannot identify close relations.Everyone is uncle & aunts.
Please don't take it in a wrong sense.Here in UK in our family we do insist that we call all the relatives as they should be called according to our culture.",positive,negative,0.094,0.8121
😘😘😘Amane to koi yaad nathi Larry😘😘😘,positive,neutral,0.094,0.812
Mam masala ma papad khar colour mate nakyo che??... Khub saras rit batavi thank you😊,neutral,negative,0.094,0.812
GUJARAT NU GAURAV =KIRTIDAN BHAI,positive,negative,0.094,0.812
"Faltu hoy ke genius hoy e to khabar nathi, pan confidence kharekhar next level nu che",negative,neutral,0.094,0.8119
Sach baat hai didi 😂😂😂😂😂😂,neutral,positive,0.094,0.8119
"Thank you. Suggestion. : please provide list of ingredients in diskription in English. ( for Our adult children who are away from home studying and working in other countries not familiar with Indian languages.) forgive any mistake. તમારી ગુજરાતી બોલવાની સ્ટાઇલ પારસી (કોમ ) જેવી લાગે છે, સાંભળવી ગમી.",positive,negative,0.0941,0.8119
Kem cho Vikram bhai,positive,neutral,0.0941,0.8118
Sandhya pan saras bolse thodo time aapo...... Badhane ek trajve na tolaay...,positive,negative,0.0941,0.8118
Aj no episode nano kem che 😢,neutral,positive,0.0942,0.8116
Ha jigu bhai,negative,neutral,0.0942,0.8116
Roj ek na ek garba sambli aaj kantadya Khabar Padi gai ke have sarkari music aavse aaj to aavanu man pan na thayu,negative,neutral,0.0942,0.8115
Va vikaram bhai va,positive,neutral,0.0943,0.8115
"Bhai ek aadi bhoot vali game ne bi aali pado ne 

Ek kankre be pakshi 😜
Alkapuri no j  chhu    # Olkhan",neutral,negative,0.0943,0.8115
Aa youtuber ae CS pan karyu che aena par tamare kaik toh roast karvu hatu...but overall majja avi 😂,positive,negative,0.0943,0.8115
Aa khkhra bnava mate kam aave che roti nthi banti,neutral,negative,0.0943,0.8114
Ha motabhai ha moj moj,positive,negative,0.0943,0.8113
99.3 k chhe 100 e pochavo navrav Gujrati Bhaiyu ne,neutral,negative,0.0944,0.8112
Oh my god. This channel was subscribed but youtube stopped recommending food videos may be bcz i started watching politics video. I am happy to see your video again. Kuch banana nahi hai par dekhne mei bada accha lagta hai ❤🎉🎉,negative,positive,0.0944,0.8112
Bhai tamara editor ne salute chhe,positive,neutral,0.0944,0.8112
🚩*હા જિગ્નેશ & વિશાલ કવિરાજ જય હો. Live Studio માં ગાયેલુ મુકો..View vadhare Aavse Kaviraj..🚩 🙋હા ખુશ્બુ ખેરાલુ ની..💕🎵 #JayVeerOfficial. #ViruprajapatiChansol. વિરલ પ્રજાપતિ ચાણસોલ.,negative,positive,0.0944,0.8111
"Kundali  kadhavi rakhi devi bhavishya ma kaam aavi sake..... Biju aajkal numerology pan bahu trending ma che birth date par thi psn ganu prediction jaanva male even aapla mobile number thi pan aaplu vyaktiv ane ganu badhu jaani sakay... Name na spelling par thi pan tamne tamara vise ganu jaanva male...... Tame mark karyu hase gsna potana naam na spelling ma gana alphabet plus ya minus karave che..... Ganu ganu che.... Duniya ma sikhva jevu,......",neutral,negative,0.0944,0.8111
bov jordar movie che yar😢❤jova jevi che,neutral,negative,0.0945,0.8111
Ha jignesh bhai kaviraj tame to koyni janu ne yad kravi dayone aevu song utaru se.....nice....supar......hit,positive,negative,0.0945,0.8111
Masi ganpati bappa ne jasud nu flower 🌺🌺🌺 bahu j game chhe to tame chadavo,neutral,positive,0.0945,0.811
Aapne dron udake efforts krke acche se surat ki situation batayi. So nc👌,positive,negative,0.0945,0.811
Mara kanu ne pn same kanishak jode rai avi j same to same car chhe😊,neutral,negative,0.0945,0.811
Missing movie nu Kai karo,negative,positive,0.0945,0.811
Jay ma sonal Jay ma mogal 🙏,negative,neutral,0.0945,0.811
"Jay shree krishna 🙏🙏
Bhai  Tamara vagr gujrati git adhura lage 
Tame avij rit gata raho
Keep it up 👍🤗🤗🤗🤗🤗",neutral,positive,0.0945,0.811
Jar kha se liye hi o,neutral,negative,0.0946,0.8109
Sabzi hogayi yeh to,positive,neutral,0.0946,0.8108
Ha Dosti ha બજાર માં boom boom પડાવી,negative,positive,0.0946,0.8108
Tame to mast garm garm laya,positive,negative,0.0946,0.8107
Waiting for the day when Netflix India discovers this gem and gets Bunty and Team to do a Netflix movie woohoo,negative,positive,0.0948,0.8105
aapde guju lokoi ne taali maarwani bau aadat,neutral,negative,0.0949,0.8102
Song ma dam hai bro🎉🎉🎉❤❤❤,positive,neutral,0.0949,0.8101
Soft na thay baraf ni jagah pani use kari sakay,neutral,negative,0.0949,0.8101
Mam huMaharashtra rev chu ne tya aa badhay masala nathi Malta,negative,neutral,0.095,0.81
Jay khodiyar dada,negative,neutral,0.095,0.81
Aa kayani boli che? Peli var sabhdi che etle puchu chu,negative,neutral,0.095,0.81
Sarika ben jaipur thi return ave to please makai na bhajiya ni recipe apjo,neutral,negative,0.095,0.8099
JAY MATAJI BHAI Song sambhadi ne bahu maja aavi JAY DWARKADHIS,negative,positive,0.0951,0.8098
Salu e khabar nathi padti k pure gujarati language film ma darek vakya ma angreji shabdo no upyog kem??,neutral,negative,0.0951,0.8097
Aakhu songs rdc midea chennel ma upload karvanu hatu Gujarat nu super hit songs thot moti bhul karo 1.. tari ne mari kahani 2.. dikri tulsino kyaro Aa banne songs moti bhul kari aa songs R D C midea ma hot to jignesh kaviraj karta pan top levele songs hot,positive,negative,0.0951,0.8097
Matlab su dhanot panot no,neutral,negative,0.0952,0.8097
Tamara 4 ni salary su che,positive,negative,0.0952,0.8096
Kavitha after having dinner eat ginger very small piece and jaggery eat this good to clean our body. We are eating daily so needs to clean inner part also na so ok . Try it. And drink fennel seed water. Boil fennel seed . Drink warm. 👌,neutral,positive,0.0952,0.8095
"alag alag rite GTA-5 ma kai rite marvu ema manan bhai e PHD kari lidhu che 😂 pela thambhala ma car bhatkadi ne udine bija thambhala ma jai ne athadai ne marvu , ghost rider na bike ma besi ne salgi ne aatmhatya etc........ aaj no ANDHADHUN MODS  joy ne manan bhai ne kevanu man thay ""BHAI KYA KAR RAHA HAI TU""😂😂❤️❤️❤️",neutral,negative,0.0952,0.8095
Food poisoning...very ba,negative,positive,0.0953,0.8095
"*""Jay Thakar""* Supar hittt song wald",negative,positive,0.0953,0.8093
Mast he friend vikram,negative,positive,0.0954,0.8093
Koik ni yad apave chhe aa song..  J  maru htu hve e aa duniya MA Nthi.. Just yado j rhi gy chhe. #ms❤  missing you so much,positive,negative,0.0954,0.8092
Oho jag re malan jag i git to gujati o ni gujarati sinema ni olakh chhe ne odhani odhu odhu ne udi jay kathiya vadi ranko chhe ane i ranko mitho j hoy  dave sab 😇😇😇,neutral,negative,0.0955,0.809
Gujrat ane jigrra to jiv to chhe vahla.....,positive,negative,0.0956,0.8089
Bapu...jabru laya..ho...🤪,positive,negative,0.0956,0.8088
વાહહહહ કયા ખુબ...LOOKS DELICIOUS...❤❤❤,neutral,positive,0.0957,0.8087
Uncle ane aunty ni love story che 🤣🤣🤣,neutral,positive,0.0957,0.8087
Frida Mirno hatha pkdta smye smju Thai ne Kay vchar n kryo mayabhai ne aa rite kyareyjoya,negative,neutral,0.0957,0.8087
Desi makai sekhne ki ek tip deti hoon.. Desi makai to pehle kuch der microwave mein sekh lo phir uske baad gas par seko dekhna aapko taste mein maza aa jayega. Hamari tried and tested tip hai yeah,positive,negative,0.0957,0.8087
"Gajab gajab gajab ,   bhai have munaf patel ne laavo , maja avse",positive,negative,0.0957,0.8086
Bhai to bhai 6,positive,negative,0.0957,0.8086
"Your diet plan is really good. I also follow a strict no-carb, no-sugar diet, and I’ve seen great changes in my body. I think adding quinoa to dinner is a great idea because it makes the meal healthy and balanced.” I m from canada😊",negative,positive,0.0957,0.8085
30 to 40 minutes baap re abhi gas to mil nahi raha hai😅😂❤,negative,neutral,0.0958,0.8084
Radhe Radhe... Jay Sari Karishna... Jay Ho... #vijaydigitalofficail,neutral,positive,0.0958,0.8084
Sara's Bhai,neutral,positive,0.0958,0.8084
Saa chi vaat che papaya thi weight loss thai che ema savare breakfast ma levu,neutral,positive,0.0958,0.8084
Link moklo ne,neutral,negative,0.0959,0.8082
Sandhya di ne kashu ny avu hoi to vastu pujan ma b na jai 😅,negative,neutral,0.0959,0.8082
Freeze ma mukeli j hati Kyuki...saas bhi kabhi bahu thi...😂😂😁🤪,positive,negative,0.0959,0.8081
Jordar vedyo che 😂😂,neutral,positive,0.096,0.8081
Jai Shree Ranchod Ray Ji,negative,neutral,0.096,0.8079
Joint family ma avuj chale je tame aje blog ma btavyu😊,positive,neutral,0.096,0.8079
Jaydeep bhai kem chho hamare Mumbai man bahut barsat se,neutral,positive,0.096,0.8079
Neend toh aap le gye ho humari Mr.Handsome 🥰🥰🥺🥺🥰❤️,positive,neutral,0.0961,0.8079
👏👍👍👍👍way maru gujrat,neutral,positive,0.0961,0.8079
"If this had been translated into English, Urdu, and Hindi, we would have been able to understand it too. Your viewership would have increased as well. Someone should suggest whether short stories like this should be in Urdu, Hindi, or English.",neutral,negative,0.0961,0.8079
Sarika didi tame aa blouse kai ritee bharoo cho batavjo ne,neutral,negative,0.0961,0.8078
Please invite Munawar Faruqui on the show. Because he is gujarati,neutral,positive,0.0961,0.8078
JANU TARO JIGO DEEWANO NU AUDIO SONGS ALOUD KARO JIGNESH BAROT BHAI,neutral,negative,0.0961,0.8077
Maja aavi gai jordar jo jents aatli jaldi vat samji Jay tojivan chasni bani jay❤❤❤,neutral,negative,0.0961,0.8077
Saras papad banavya ch.,positive,neutral,0.0962,0.8077
Microwave ma nahi ban sakta hai kewal OTG ma hi cake accha Banta h,negative,neutral,0.0963,0.8074
Mam tamaro javab nathi... Aa recipe to tame lajavab api.... . Gujrati zayka is great....,positive,negative,0.0963,0.8073
Hu varshad ni rah jois have.... 😘,positive,negative,0.0963,0.8073
Ha mara vikram thakor na rola,neutral,negative,0.0964,0.8072
Aavo cute Bhai badhi sister ne male life ma ❤,positive,neutral,0.0964,0.8071
Desbhakti garba no AEK album bana vo ne sir,negative,positive,0.0965,0.8071
Vah jaydeep bhai aaj sandhiya  ne bol Diya.  thodu. Dur thi lyoo baki sab  bolete hai par app...,positive,neutral,0.0965,0.807
Nyce recipe Tamaro voice chhokhkho chhe etle recipe jova ma mazza ave chhe,negative,neutral,0.0965,0.807
God bless Raag...... And Waah kirtibhai Aa song Sambhli aankh ma thi aanshu aavi Gya.... God bless your family,negative,positive,0.0965,0.807
Daksha ગોહિલ akkalmathi વેજીટેબલ ઢોકળા etle ખીરું ma j શાકભાજી નાખ્યા તે chhe,negative,neutral,0.0965,0.8069
"Disappointed, no talks with the guest",positive,negative,0.0965,0.8069
EK or Brockbasted song jignesh Bhai🥰🥰🥰🥰🥰,negative,positive,0.0965,0.8069
जજય ગણેશાય નમઃ,neutral,negative,0.0966,0.8069
Sandhya ji Mera bhi 21 kohi barthday che,positive,neutral,0.0966,0.8069
"Ac lai lyo hall mate 😊, bahu garmi che ,shanti thi besi shakay ,khai shakay",positive,neutral,0.0966,0.8069
Taigar to taigar she,negative,positive,0.0966,0.8069
My fevret singer kirtidan gadvi Jay mogal. Tamara git joy Hu singer su....... thanks k.g.....,positive,negative,0.0966,0.8068
"You guys are amazing, and the guests are great too.

However, you interrupt them a lot and as a result we get to hear less from them. As great as you guys are, we need to hear more from the guests.

Guests ne thodo ochhu interrupt karo ane emne thodu vadharo bolva do.

Take this as constructive feedback to make your show even better.",negative,positive,0.0966,0.8068
Kis chiz ki itni practice ya shoot chal raha hai 🤔🤔,positive,neutral,0.0966,0.8067
Up..se🎉...besi song Jignesh bhai,negative,neutral,0.0966,0.8067
Jamun kulfi bahut acchi lagti Hai,positive,negative,0.0966,0.8067
Hardik bhai kidhu tu ke bhumi Tu am nay bhumi tame kevanu  Tu ka ho chho a saru nathi lagtu tame kevu joia,negative,positive,0.0967,0.8066
Jignesh barot mata like Karo 👍👍 👇👇,positive,negative,0.0968,0.8065
Tme bhumi didi na mamera sari rite krjo mast family che ame exited chiii,positive,neutral,0.0968,0.8065
"Ma'am bina poora video dekhe bahut thank you aur like,❤❤❤ mujhe aise hi super healthy recipes chahiye thi,keep posting more, like these soya paneer recipea, can I give it to my kids? also, plz tell, now going to watch nnshare this recipe😊",positive,negative,0.0968,0.8065
Jay sanvriya shethh ki jay ❤❤❤❤❤❤❤❤,neutral,positive,0.0969,0.8063
Vishal Tum ghar se sajish se bhar nikale h hmare dil me tum hi vinar ho 😢😢,positive,negative,0.0969,0.8063
Amri cute sis pooja na lagan ma avjo dil thi tamri rah josu 😅 Mahi. Kriyash. Riyash,negative,neutral,0.097,0.8061
દીલના ચાર કટકા કરી નાખ્યા...so Hart touching song,negative,positive,0.097,0.8061
Jay ambe ma. Ava j garba banavta rahe jobs. Barobar raag ma gaya.,negative,neutral,0.097,0.806
Sarika na english ma jaray maja avti nathi,negative,neutral,0.097,0.806
Jignesh Barot જોરદાર ‌ સુપર ‌મજબુત 👌👌👌👌 jignesh Barot ગમે તો લાઈક આપો‌,neutral,negative,0.097,0.806
Jay shree Krishna.sandiyabhabhi bhu kam kare che. Nice jog uncle.vah bhvna masi jordar jog kariyo.jaydeepbhai aji bhu mastmajak.  mast kare .jaydeepbhai diet plan ko ni amne mare weight loss karvo che.aji phili var uncle boliya sandiyabhabhi ni. Be bhu kuse che.anti uncle jagda na thi jayi.uncle &anti ni jordar mast kare.good morning.ben no eikbija ni help kare che.sarikabhabhi lief ma Dayan rakhjo hizu nu.vah mast injoy kare che sarikabhabhi.jaydeepbhai mast vidio hato.ok by.,positive,neutral,0.097,0.806
Mast songs Kirti bhai🙏🙏🙏,positive,negative,0.097,0.806
Gor nakhvu hoi to kevi rite banavu Healthily version mate Plz kejo Thank u,positive,neutral,0.097,0.8059
Aunty hu 8 ma avi me peli var aa shak banayu ane badha ne bahuj testy lagyu thank you mam🙏🏻😊,negative,positive,0.0971,0.8058
Jay siyaram🙏 Jay ma mogal 🙏,positive,neutral,0.0971,0.8058
Ravana finiya ladu je anavil loko banave che te batavo,negative,neutral,0.0971,0.8058
ગુજરાતી મા વિક્રમ ઠાકોર મારા નાનપણથી મારા બેસ્ટ છે અને ફેવરિટ છે અને કોઈ પણ વિક્રમ ભાઈનો ગીત રીલીઝ થાય એટલે હુ જોવુ છુ અત્યારે હુ ફિલ્મ જોવુ છુ રજવાડી છીએ અમે અને વિક્રમ ઠાકોર નો અવાજ એટલો સુંદર છે રીયલ મા પણ એટલોજ સારો છે વિક્રમ સર મે તમને એક વાર જોય છે રીયલ મે #Deesa ગણેશ ભગવાન નો ડાયરો હતો... મે તમાથી રામ રામ પણ કરયા હતા...,negative,positive,0.0971,0.8058
Pani chala gaya ghar clean ho gaya Thank God 🙏😊❤️,positive,neutral,0.0971,0.8058
Bhai Mari pan chennal ne sport krone,positive,negative,0.0971,0.8058
ha charan ha,positive,neutral,0.0972,0.8057
Sandhya sarika ne safai karva na nay paday tu jethani chhe lage chhe,negative,positive,0.0972,0.8056
Dudh  vadhare aavtu hoy to dahi chhash ghee vechavanu sharu kro😊❤,neutral,negative,0.0972,0.8056
"The whole show was i am this i am that, falana dikhana
Paka diya smriti ne",negative,positive,0.0972,0.8056
😢😢 હાર્ટ ❤ tuch,negative,positive,0.0972,0.8056
Main apke video upload karne ka wait hi kar rahi thi,negative,neutral,0.0972,0.8055
17:54 Mitra Gadhvi calling chirayu વહેચવુ વેચવું 🤪🤪🤪,neutral,positive,0.0972,0.8055
Hello vikram bhai hu tamaro moto fn su,positive,negative,0.0973,0.8055
Aaap kanha trahate ho surat ma konasa yeriya he,neutral,negative,0.0973,0.8053
Jay Jay Gujarat,neutral,positive,0.0973,0.8053
Ben soya chunks na nakhwa hoy toh pun tasty j lagse ne ?,neutral,negative,0.0974,0.8053
"Jay Khodiyer Maa 🙏🏻 
Sarika aane nashpati kevay .
Babu chak no kevay .
Tamri family bov saras che hunroj tamra Tamra bhai Darshak bhai na . Rinkal na . Bhumika na bada na video roj jov chu.Hezal kay school ma Jay che school nu naam aapo ne please aamra relatev ne surat ma che aene addmission levu che .
Hu ketli var comment Kari che pan Jaydeep Bhai mari comment nathi joy koy Divas Reply nathi aavi .
Hu Pune Maharashtra ma rahu chu hu roj tamra video jov chu. Dada bov mahent kare che vadi  sathe aane potanu office nu pan .Ane tame Baa sarika sandya ne .
Sarika tame bov saras savbhv che Ane bov saras Recipe video banavo cho.
Please mari comment no aanser aapjo",negative,positive,0.0974,0.8052
Thodu kala khatta vadhare thai gayu lage che 😂😂,negative,neutral,0.0975,0.805
Amari Tamara prtatye ni lagni chhe,negative,positive,0.0975,0.805
Seras thandai...hu banavish,neutral,negative,0.0975,0.8049
"Aunty zee tame bahu bacha rupya bahu zaruri che per rupya koini sathe nahi ave rupya koine suvravi nathi sakta java vara ne roki nathi shakta umar ochi nathi Kari shakta bimari ne roki nathi shakta mara hisaabe swasth bhagvan nu naam parivaar nu samp jivan nu asli rupya che 
Acha laga ho to reply jaroor karna bhavna aunty sarika zee love you for give us such beautiful canten bye",neutral,negative,0.0976,0.8049
Jigar Bhai aa vakhte navratri ma garba ni unap hati...pan tamara roj na ek nava song sathe e kami pan have bau vartati nathi ❤️🙏🏻😇,positive,negative,0.0976,0.8049
Tame loko guest ne ochhu bolwa do chho :(,neutral,negative,0.0976,0.8048
"Thank you so much Mananbhai & team. We have an IPTV at home, yet we decided to watch Lalo in theatre. My honest opinion is ….. it is very similar to OMG but with a. Local touch. Etle story ma extra ordinary kai nathi pan story je rite keh si chhe that is tremendous. Junagadh ane Dwarka Shree Krishna ni saathe jovu e pan ek lhavo chhe. The way the events are relatable is simply amazing. Loved the overall treatment to the movie. All the actors have played their roles simply superb. 

Ane Aaje aakhi team ne Lavari par Jovani pan etli j majha aavi. Last week, I had requested ke team Lalo laavo ane tame ka ya e badal dil thi ….. Thank you so much. 🙏. 
We ❤ your show. All of you guys are amazing. ❤ from 🇨🇦.  

Btw, aaj sudhi hun tamaro ek pan show chookyo nathi. It has become a ritual for me. Tuesday evening is ‘booked’. Khub majha aave chhe.  Mind fresh Thai jay chhe. Gujarati actors ni Navi generation awesome chhe.  👍👍👌👏👏👏👏",positive,negative,0.0976,0.8047
Jay Ho Ganpati Bappa morya 🙏,negative,positive,0.0977,0.8047
"Brahman to Gun milake saadi fix karte hai 
Janmakshar jaruri che Grah nakshatra , nadi dosh for matching making
Uncle is working very hard",positive,negative,0.0977,0.8046
Sarika Di badha ne 2 chhokra ma Motu chhokru badhu sachave ne nanu chhokru badhu tute kem ej jove,neutral,positive,0.0977,0.8046
"Its funny ! But what is he wearing? 
Bhai ek Ranveer Singh kaafi che, pls 🙏🏻",negative,neutral,0.0977,0.8045
Maa to mama se,neutral,negative,0.0978,0.8044
Hii Sanjay Galsar majama chhe hu Chintan ni mommy chhu 😊👍🏻🙌🏻,neutral,positive,0.0978,0.8043
Sandhya ni vakilat nu su thayu😅,positive,negative,0.0978,0.8043
Earthquake aya tha kal gujrat me isiliye awaj aya tha,positive,neutral,0.0978,0.8043
Behaving apko lehange chahe hai 😂😂😂😅😅😅,neutral,positive,0.0979,0.8043
Akadam top geet banayu chhe Ho jindagi jer jer Kari nakhe chhe Ho bewafa Aavi j hoy,positive,negative,0.0979,0.8043
Bhim na pautra barbarik eva yodha hata k e ekj var ma yudh jiti sake em hata. Ane e kauravo na paksh thi ladvana hata. Jo e ladat to yudh kauravo jiti jai. Etle shree krishna e emne emnu mathu mangyu. Barbarik e sankoch vina emnu mathu kapi didhu but shree Krishna ne vinanti kari e emne akhu mahabharat nu yudh jovu che. Etle shree Krishna e emnu mathu parvat par mukyu jyarhi emne akhu mahabharat nu yudh joyu. Yudh pachi emnu mathu nadi ma vahi jai rajasthan ma malyu jya emnu khatu shyam nu mandir banayu. Shree Krishna e barbarik na balidan thi khush thai emne vardan apyu k kalyug ma te temna naam etle khatu shyam tarike pujase.,neutral,negative,0.0979,0.8041
"Sachi vat che Jaydeepbhai ni
Almost everyday morning ma breakfast ma Khakhra ane methi no masalo or Jiralu.",positive,neutral,0.098,0.8041
Surti didi.mast,negative,neutral,0.098,0.804
Mast recipe... Without oven..,negative,positive,0.098,0.804
Utrayan ma boom padavi didhi guru👳🔮👳🔮👳🔮,neutral,negative,0.098,0.804
Ane tamari dikri pan intelligence che,positive,neutral,0.098,0.804
Kai tarikhe rilij thayse,neutral,negative,0.098,0.804
Bhai ekla Matadi na j song nu album banavo.... To support khub j malse...,negative,positive,0.0981,0.8039
Di yellow 💛 dress me  or blue me di bhut badhiya lag rhe ho,neutral,positive,0.0981,0.8037
Wah.. Khub sundar... ❤👌👌,positive,negative,0.0981,0.8037
"Jami lidhu hoy to hath dhovanu na bhulta bhai gajjab
🤣",neutral,negative,0.0981,0.8037
"Kajal oza vaidya ,Sairam Dave ,Jay vasavda , aamne bolavo ,

Kirtidan gadhvi and mayabhai ahir ne bolavo


Khub maja aavshe",neutral,negative,0.0981,0.8037
"Endhaan, એંધાણ : અંદાઝ  હીંદી મેં શબ્દ હૈ .",positive,neutral,0.0982,0.8037
Sir new Bhajan kyare avano che ❤,positive,neutral,0.0982,0.8036
"Khub saras ane easy rite salam pak ni recipe aapu , thank you",negative,positive,0.0982,0.8036
Hu spoot karish,negative,neutral,0.0983,0.8035
"Trust me, we were in the audience and more than 50% of the audience regretted and were fully bored. Only people shouting and cheering were their invited audience (family/friends)",positive,negative,0.0983,0.8033
😊 kya jaydeep bhaiya❤ only for one question😊😊 is question ka answer aap doge😊... Kya aap apni life mein sirf aur sirf akele ji sakte ho yas ya no😊❤ soch kar jawab dena😊 to aapane Jo last mein video mein poochha tha na uska jawab milega😊,positive,negative,0.0984,0.8032
Aa dharati p,positive,neutral,0.0985,0.8031
"2 times karvu joie  Brush
Whole night sui jao pachi uthi ne kevi rite kai khavanu man thay????",neutral,negative,0.0985,0.8031
"Jay shree Krishna 
જય ઠાકર ભાઈ",neutral,positive,0.0985,0.803
Khub saras bhai sambhdi ne man sant thai gayu,positive,negative,0.0985,0.8029
I have joined the membership.pls confirm whether my name is seen in it.,positive,neutral,0.0986,0.8029
Bhai tamara jeva song koi na banavi sake,neutral,negative,0.0986,0.8029
સાચું કઉ તો જરાય હસવું ન આવ્યું. પરેસ રાવલ સર માટે respect છે. પણ આ એપિસોડ માં નામ બડે દર્શન છોટે એવું થયું.,positive,negative,0.0986,0.8028
Have jata divso ma badha ek ek bacha vada atle speacial family relations mate ni lawari karvi pdse 😂manan bhai na family ma gana time thi e alone lage che have after 5 to 10 year schl book ma avse fua jeva koi danger hata k mama hata raja o ni history ni jem family history avse,neutral,negative,0.0987,0.8026
Va jiga bhai,negative,neutral,0.0987,0.8026
Pta nhi kitne saal se active hua ho aap yt pe 😜😜,positive,neutral,0.0988,0.8024
Khub khub abhinandan Outstending video,negative,positive,0.0988,0.8024
"Sarika Bhabhi is right. Press karine rakhvanu pchi karvanu che.

https://youtube.com/shorts/fRZMRm3m0vE?si=UWYzHGn_z2ttSrx1",neutral,positive,0.0988,0.8024
🙏🌹 jay mataji bhai 🌹🙏 jignes bhai. .congratulations. . mu.. Apruji ..no . find,negative,positive,0.0988,0.8023
bewfa yara song tame gavo,neutral,negative,0.0988,0.8023
Jindgi ma badhu made made pan maa jevo prem kyay na made maa,negative,neutral,0.0989,0.8023
thodu lya guest ne bolva dyo yaar e loko samu jota re ne baki badha bolya kre thodu eni pase thi b hasi majak krva dyoo,neutral,negative,0.0989,0.8022
Aasaram bapu jail ni bhar che to emne bolavo ..,positive,negative,0.0989,0.8022
Aapne singtel nakhai,positive,neutral,0.0989,0.8021
Saas bahu mast lg rhe ho aap dono 😊😊😊😊😊😊🎉🎉🎉❤❤❤❤,negative,positive,0.099,0.8021
Unghansi jene avaj nathi aavyo a mammy sache he  aaju baju me gira aisi avaj aai jakat nakame,neutral,negative,0.099,0.8021
Next level energy mala cha aa song thi 😌😌,neutral,positive,0.099,0.8021
Badhu kapad surat thi j jay che😅,neutral,negative,0.099,0.8019
👌👌🙏 mem thenku tamri bhadhi recipe mast hoy che,negative,positive,0.0991,0.8019
dhatura nu ful game che,negative,neutral,0.0991,0.8018
Mari Riya jati re ray have Kona mate hame jivi su,negative,neutral,0.0991,0.8018
Kirtidan tamaru a song bov best se,neutral,negative,0.0991,0.8018
છાશ નથી નાખતા પણ ગોટલી નું પાણી ચણા ના લોટનાખી ને બનાવીએ e proper recipe che.,positive,neutral,0.0991,0.8017
"Hello ma""am✋ kya aap kuch eisa cake ya biscuit recipe de sakte hai jisme no oil,no sugar,no maida,no ghee for heart patients.. please ma""am🙏",negative,neutral,0.0991,0.8017
Mogalkrupa hse to 100% Mari ichha puri thase.,positive,neutral,0.0991,0.8017
Ha moh ha,negative,neutral,0.0991,0.8017
Hi can anyone tell me which cream cheese brand to use?? I have already bought Amul cream cheese but many people are saying that it tastes salty,neutral,negative,0.0992,0.8016
Jakkkas acting se bhai,negative,neutral,0.0992,0.8016
Pata ni kyon rona aa gaya😢😢❤❤,negative,neutral,0.0992,0.8016
*Yes Bhavin Bhai Maine bhi ye bahut Kiya hai 🤣🤣🤣🤣🤣buttt krishna dar gye😂😂😂😂 don't worry krishna vishalians aapko sikha degi😊😊😊*,neutral,positive,0.0993,0.8015
Pneer sabji masalo kya no che surat ma,neutral,negative,0.0993,0.8015
Di ma har tra se aachar bna k dekh lia but oh white white ho hi jata hai 😢,negative,neutral,0.0993,0.8014
Saras Vikram Bhai,positive,neutral,0.0993,0.8014
"I am posting this comment only to pass one message to Abhishek and his team…I request lavari team to pass this message to him…I have just watched Dhabkaro…dhabkaro > umbro > hellaro…on YouTube there is one old uncle reviewing your movie in a pathetical way…kindly stop that uncle…being an Abhishek and his movies’ fan,  I don’t want any hatred to be spread against such a masterpiece…I only take recliner or costly tickets just to watch Gujarati movie…any random action movie I can watch on Netflix or any other platform…SUPERB MOVIE…Well done all the actors and whole team of Dhabkaaro…❤❤❤❤",positive,negative,0.0994,0.8013
Su gusso batayo 😂😂😂😂,neutral,positive,0.0994,0.8012
Masiiiiiiiiiiii only sadi pero tamne joie ne amara jeva young ne sadi pervani iccha thay Che .❤,positive,neutral,0.0994,0.8012
"Hi JD bhai, this is  bit confusing. 
On one hand you call us family and on the other hand you are asking us to pay money for other channel of yours.",positive,negative,0.0994,0.8011
Hardikbhai ajbhi handsome and sober  dakhtahai upper teeth ka bridge banavalo  or implant karalo adjust ho jayaga,negative,positive,0.0995,0.8011
Ajy Jay dhp khus rahe vu joye aje anta abani no birthday che bhay mandhiro ma da n kariu,neutral,positive,0.0995,0.801
HR HR MHADEV......JAY GIRNARI ......,negative,positive,0.0995,0.8009
Saras song che have ek mogal aave jevu Koy garbo creat karso to navratri MA moj thay jase,positive,negative,0.0995,0.8009
Aa song pan jor dar banavi yu se,neutral,negative,0.0996,0.8008
Khub mast,positive,negative,0.0996,0.8008
🕉️🛕🚩🪔🔱🙏🍌🌼 jai maa ambe 🕉️🛕🚩🪔🔱🙏🍎🌹,negative,neutral,0.0996,0.8007
"Tamaari ane bapada ustad ni fitting, 1 no che ghadhvi saheb",negative,positive,0.0996,0.8007
Aje ame aa style thye Chole banavya chee. Superb beneya chee Thanks Shitelben,neutral,positive,0.0997,0.8006
Ha vikramabhaitamarimoj Ha,negative,neutral,0.0997,0.8006
Ha mr Thakor,positive,negative,0.0997,0.8006
Saru che chokrav ne baa dada sikhvade gujrati a.mari moti baby  CBSC board ma 10 th sudhi karyu.6th thi gujrati ane sanskrut vacche option hato to gujrati ana baa  sathe baar jaay ne tyare dukan na board ne avu mara sasu keta k aane aam bolay aetle ane gujrati avi rite aavadyu aetle ame navi language Sanskrut rakhavyu.to navi language pan sikhvadi,positive,negative,0.0997,0.8005
Oppi jiga bhai👍,neutral,positive,0.0998,0.8005
Ben Mango Desert Bahuj Saras Banavsu Chai 👌👌 Amne Tamari Recipe Bahuj Gami Ame Chokkas Banavsu 👍👍🙏 U Ben 🙏🌹🌹,neutral,positive,0.0998,0.8005
Aaje to hazu no birthday chhe ne.Happy Birthday Hazuda ❤,positive,neutral,0.0998,0.8005
"Nice recipe... A tip,,, cutlet ne fry krta phla 20 thi 30 minutes refrigerator ma mukva thi tel ochhu bharase, ane lambo smy sudhi crispy rhse, aa same tip puri mate pn use thhay chhe......",positive,neutral,0.0998,0.8005
Song nast se ho ❤,positive,neutral,0.0998,0.8005
Jyoti ben ghana samay pachhi tamari recipes jova madi chhe OK dhanyawad 🎉 mane surati rasoi khubaj game chhe mate tame kayam Navi juni batavata rahesho hun Baroda thi jovnu chhnu OK Jay Ambe riplay jarur thi aapvanu bhulata nahi OK,neutral,negative,0.0998,0.8004
Sarika ben is soo understanding...mane e bole e bau game..sandhya ji kai bolta j nathi,negative,positive,0.0998,0.8004
5 on #Trending Jignesh kaviraj che to Mumkin che,positive,neutral,0.0998,0.8003
Requesting the team to please invite the Legendary Sarita Joshi 💫💫✨✨🌟🌟,neutral,positive,0.0998,0.8003
I also make it but without the kadhi,negative,neutral,0.0999,0.8003
Yaaar No words.  Badhi Lavari mast hoi che pan aa lavari ae kharekhar Game Bhajavi didhiiiii . Thank you guys jaggu daada ne lava mate,positive,negative,0.0999,0.8003
Magas che k rotli no lot che,negative,neutral,0.0999,0.8002
SubGurup Banaviyiyu Che 👍,neutral,positive,0.0999,0.8002
kon chhe aa loko...introduction toh aapo...didnt enjoy this at all. First time lavaari no episode 5-7 minutes ma bandh kari didho. Sorry.,negative,positive,0.0999,0.8002
Maja karo na nhi pan samaj par na avo mane khBr nhi aa video  k Bijo pr biji var kya sabhlyu to more moro  ane tame malva Navra nhi pan mari nazzar na avta ...,neutral,negative,0.0999,0.8002
Rain ne ice cream banaya tha vo Kaye huva,positive,neutral,0.0999,0.8001
"Hello Team!! I donno y i m writing, but wanted to strongly convey that i personally felt a disconnect in the episode. It seemed as if koik tension chaali rahyu chhe panel na minds ma, but since ""the show must go on..."" thats y the lavari was on air......I hope things r fine. Manav Gohil is a wonderful actor as we all know, but i guess emne fari ek vaar lavari ma bolavo, so that talent n content could be extracted.",negative,positive,0.0999,0.8001
Jordar song Che Kirti dan bhai gadhavi & Jignesh Kaviraj Barot,positive,negative,0.1,0.8001
Jai cehar ma oll kalakar bhai thanks,negative,positive,0.1,0.8
Dal dhoyi nai,neutral,negative,0.1,0.8
Sarika di ko kisi bhi kaam me kantala nai aata h har kaam me ready hi rahti hai.... Ase log bhut hi kam hote hai..... Jo sabko sath me lekar chlate hai,neutral,positive,0.1,0.8
Sir arti muko plzzz jay adhya shakti,positive,neutral,0.1,0.8
Jay ho mogal,neutral,negative,0.1,0.8
Aa bhai to Gujarati nikadyo !!😂,neutral,positive,0.1,0.8
Mast chstni hai chane ki dal ko bhun liya uttpam idli bna skte h shi hai.... cheese dala.... Wow ye plet mast hai 👌👍Dosa... 😋 God bless you 👍🧿,negative,positive,0.1,0.8
Aa e j che jenu 10 vage breakup thayu hatu ?,neutral,negative,0.1001,0.7998
Chenal no password yaad avi gayo Lage che,neutral,negative,0.1001,0.7998
Atayare kevi bhundi Lage chhe,negative,neutral,0.1001,0.7997
વાહ બહેન વાહ....❤❤ Both voice are most glimas,negative,positive,0.1001,0.7997
મારી નજર સામે નો પ્રસંગ છે રાયપુર ભૂત ની આંબલી નાં City Bus stand થી 50 મીટર દૂર પોલીસ નો ડબ્બો ઊભો હોય અને bus stand પર કોઈ સીધી સાદી મહિલા કે યુવતી bus ની રાહ જોઈ રહી હોય અને લોકો આવીને ભાવ પૂછી જાય છે..,negative,positive,0.1001,0.7997
Jaydeep ji question answer to Karta bi nathi,negative,neutral,0.1001,0.7997
Ha જીગા ha ❤️❤️,positive,neutral,0.1002,0.7996
Jay meldi ma,neutral,negative,0.1002,0.7996
"Jay Swaminarayan
What is the name of heart test that Dineshdada did?",negative,positive,0.1003,0.7994
Ye to bada lazawab hai....😍😍😍😍.....parwal milna to almost impossible hai yha ......par yadi baki sab milta hai to try jarur karenge ....Thank you ma'am ❤❤❤❤❤❤❤❤❤,negative,positive,0.1003,0.7994
Bhai mane bhi nathi khabar aa kon😅,negative,neutral,0.1003,0.7994
Mera v favrate hai kavita didi ❤❤❤❤,positive,neutral,0.1003,0.7993
supor vs. Bhai,negative,positive,0.1003,0.7993
Jai shree ganesha,positive,neutral,0.1003,0.7993
Va bhai va joddar song ❤️☺️,neutral,positive,0.1004,0.7993
Jene bhave ane j bhave sanvi,negative,neutral,0.1004,0.7992
Jaidev bhai Ham Jamnagar se bol re Hardik bhai Gaye na hamen bhi Sunday didi sarke hai,positive,neutral,0.1004,0.7992
Sarika ben vadhu padtu over bole chhe. Sandhya ben nee majaak udadta hoy evu lage chhe. 🙏🙏🙏 Jay Shri Krishna 🙏🙏,neutral,positive,0.1005,0.799
Mojj tamne bolava 6 program ma Pan balance nathi bil kul Su kariye????,negative,neutral,0.1005,0.799
Jai shree Krishna  wah heju pan  saras vlog banave che 🎉 💐,neutral,positive,0.1005,0.7989
"JAY MAA CHAMUNDA 🚩, Moj aavi gai geet sambhaline, khub j srs geet chhe 🙏❤️💙",negative,positive,0.1005,0.7989
Aa song roj savare sambhal vani habit bani gyi che 5 vage,positive,negative,0.1005,0.7989
vadosan ગામ,positive,neutral,0.1006,0.7988
Kale 18 minutes aapiti...... Aje kem Heart Parivartan thayu ?,positive,neutral,0.1006,0.7988
Ha jiga ha Ha Manu Rabari Tamara gito ha જય ઠાકર વાલા,positive,negative,0.1007,0.7987
Robin Bhatt jode show khub gamio sir,positive,neutral,0.1007,0.7986
Ha Kirtidan bhai ha Jay Thakar Jay Dwarkadhish,negative,neutral,0.1007,0.7985
Tame chokkhi bhasha bolts national Settle sajjan Pandit nathi,positive,negative,0.1007,0.7985
pyar to pyar 6 ❤,negative,positive,0.1008,0.7985
Ha Moj ha...Kaviraj,negative,positive,0.1008,0.7983
"Thodu tamara vishe pan janavo. Tame job kevi rite medvi, 45 age hoy to canada aavi settle thai sakay?",neutral,negative,0.1008,0.7983
Ha re jiga ha 🥰😍😍😍,positive,neutral,0.1008,0.7983
Veko Che Bapu Goba Kadhi Nakhe,neutral,negative,0.1009,0.7982
Namaste Ma'am,neutral,negative,0.1009,0.7982
Didi  heir ben lagavo   heir sara thi jase,positive,neutral,0.101,0.7981
"I'm at 19:17 and first time ever it seems mathakut thase lavari ma live 
Aatli shu paktai che aa bhai ne 😮",positive,neutral,0.101,0.7981
લોકો કહે છે પૈસા રાખો ખરાબ સમય મા કામ આવશે હું માનું છું....માં મોગલ ઉપર વિશ્વાસ રાખો ખરાબ સમય જ નય આવાદે...^ 🚩ⓙⓐⓨ ⓜⓞⓖⓐⓛ🚩 🌞Jay mandavrajidada 🌞 ♥|| मोगल छोरु ||♥,negative,positive,0.101,0.7981
Kudos to editor for the Welcome scene 🤣🤣,positive,neutral,0.101,0.798
Laya laya navu laya bhai 😅,negative,positive,0.101,0.798
Gujrat nu anthem bani javu joi e aa song evu adbhut song che aa guruji 🙏🏻✨,positive,negative,0.1011,0.7978
Bhai video kyare aavse,negative,neutral,0.1012,0.7977
Please free hoy to kaink kahejo...,negative,neutral,0.1012,0.7976
jigar bhai kya nu shooting che,neutral,positive,0.1013,0.7975
Wow.... Muh me paani aa gya😅😅😅,positive,negative,0.1013,0.7974
બેવફાઈ ના ગીતો બનાવો please,positive,neutral,0.1013,0.7974
Supar hit jignesh bhai,positive,neutral,0.1013,0.7973
Wow Mam main bhi aaj yahi recipe upload kar rahi hu ❤❤,positive,negative,0.1013,0.7973
Kirtidan great But Geet nathi saru,neutral,positive,0.1014,0.7972
Amne tmari lapsi bou sari lagi 😌👌,negative,positive,0.1015,0.7971
Bhai ho to aisa❤,positive,negative,0.1015,0.797
Tara ma takat hoy to devayed khevad,neutral,negative,0.1015,0.797
Jay meldi ma Jay ma momai,neutral,negative,0.1015,0.797
A sara loko ne saru n lage patni sathe saru lage paysa mate avi kam karva nu,negative,positive,0.1015,0.797
"Sarda na kan pellethi j kinjale bhari dedhela  sarika 
Rinku ne bhabhu virudh etle  sarda ne kinjal na maira vara nu bov lage ne amna thi nafrat bhari didhi",positive,negative,0.1015,0.7969
Sahi kaha Sarika ne pahle kuch nahi kahna . pahle batane se kam banta nahi hamara wiza may aisa hi hua tha . wiza ki office se hum Apne bhanje ki  office gaye aur khushi se kah diya aur humara wiza nahi hua .50000 gaye pani  may.sarika is right 👍😊❤️,neutral,positive,0.1015,0.7969
"Tame boj intelligent cho. Mara mummy avij rite banave che. Plz lagan prasang ma Banta recipe ,share karjo. Jalaram khichdi, mag nu shak",positive,negative,0.1016,0.7969
Wah Nilesh bhai wah,negative,positive,0.1016,0.7969
Chiman cherecter =પ્રદીપ harsora,negative,positive,0.1016,0.7968
Aaltu survey karyu che thodu vadhare kari nakho ek swift dezire ne per km ketalo kharcho aave che anu survey kari do ane uber nu per km nu bhadu joilo tamne apo aap khabar padi jase driver kem bharat taxi vapre che 🙏,negative,neutral,0.1016,0.7968
33 tar ni vat kevi rite karvi vat banavi ne batao,neutral,negative,0.1016,0.7968
Dhyana Gujarati kem nathi bolti,negative,neutral,0.1016,0.7967
Kids ke liye mast idea.,negative,positive,0.1016,0.7967
Jai Vihat ram,positive,negative,0.1017,0.7967
Ha😘 તમે_તો__તેમજ_છો_ પણ_ઓછા__તો_અમે_પણ_નથી😎 #Deewana_5⭐⭐#kanudo_na ☝🙏,neutral,negative,0.1017,0.7966
છોકરી ને  જેટલુ  આપો  એટલું  ઓછું   લાગે  माँ  આવી  જ હોય  મને  મારી  મા  યાદ  આવી  ગઈ ❤,positive,negative,0.1018,0.7965
Tame Mara You tube per na Guru cho hu Tamne Roj Smbhdu chu guru,negative,positive,0.1018,0.7964
Maa vagar kasu nathi,neutral,negative,0.1018,0.7964
Ha kaviraj kirtidan gadhvi kaviraj singh ha,positive,negative,0.1018,0.7964
Jay chhathi Maiya ki,neutral,positive,0.1018,0.7964
Jay ma સોનલ,positive,neutral,0.1019,0.7962
Pondicherry old name hatu. Official name Puducherry che. Tamilnadu nu City.,positive,negative,0.1019,0.7962
"What a episode team lavari, 24 miniute kem puri thy gy khabar j na pdi",negative,neutral,0.1019,0.7962
Bhai kapchi bhai kyare aavse?,neutral,negative,0.1019,0.7961
🚩🚩🙏Jay Mari Kur devi vihat ma Jane Vihatma vali hoy Te like karo,neutral,negative,0.102,0.7961
Have lagyu navratri chhe,negative,positive,0.102,0.7961
Supar એક સબ્સ્ક્રાઇબ કરો,negative,positive,0.102,0.796
Apko khate dekh ke mere mooh se pani aa raha hai😋😋 very testy recipe,positive,negative,0.102,0.796
Kirtidan gadhaviji aapno avaj ; personality bavj jordar che pan mataji na upasak tarike aa song ma bilkul maja na avi,neutral,negative,0.102,0.7959
Mem me try karyo pan pisis na padya evu kem,negative,neutral,0.1021,0.7958
Heju itni jaldi badi mat ho  cutie 🥰,neutral,positive,0.1021,0.7958
Haaa gujarati haaa ❤❤❤❤❤❤,positive,negative,0.1021,0.7957
Ha jaydip bhai ghrnu kam pela kro atlej mami papa a mota kriya hoy,neutral,negative,0.1022,0.7956
Headphones ma check karo left side j song chalu che 😅,neutral,negative,0.1022,0.7956
Jay mataji Vikram Bhai Hu gayak DILIP THAKOR chandrasan Mari pase New song lakhela padya che je Tamara voice ma khub saras chalse My no 6352913713 Gayak DILIP THAKOR chandrasan,negative,positive,0.1022,0.7956
Onion skip kari sakay,neutral,positive,0.1022,0.7955
Not expected the recorded artifical laughter 😂😂😂😂,neutral,positive,0.1022,0.7955
Bhai background singers na naam mention karo please,negative,neutral,0.1023,0.7955
Mare pan kalakar banvu chhe Bhai sath apaso ke nahi PANKAJ Thakor,negative,neutral,0.1023,0.7954
sir jevi rite varsad vina morlo aadhuro che jevi rite chand vina aakash adhuru che jevi rite kata vina gulab addhuru che aavi j rite shaheb dhol(tabla) vina dayro aadhuro che so plz aaana sathe live aavo to shaheb maza moj padi jay🙏😊,negative,neutral,0.1023,0.7954
Khub Khub Khubaj Saras Koshimbir Banavi Shitalben Hu Aa Mara Ghere Jarur thi Banavis,positive,negative,0.1024,0.7953
Aani niche  podcast ni video aave che je,positive,neutral,0.1024,0.7952
Haa mara jignesh kaviraj dil thi salam,neutral,negative,0.1024,0.7952
Bhai jordaar sur aapyo che ho,negative,neutral,0.1024,0.7952
"Ala, pela akshay kumar vada meme ma voice kem jato rahyo, bapore video joyo hato tyare to hato. and atyare rate joyo to meme mathi sound kadh nakhyo.. 🥲",neutral,negative,0.1024,0.7951
Vaahhhhhh bov mst manma santi thay sambhdi ne😊😊😊😊,negative,positive,0.1025,0.7951
Bollywood jevu music che jordar 👍👍👍👌👌 badha song ma avu j music apo,negative,positive,0.1025,0.7949
vedio jovani maja ave  bdha ne joi ne bov maja ave che pan Vadhre padto fadke chadi gyo che Jd Bhai over aciting,positive,neutral,0.1026,0.7949
"@Manan Desai @ Chirayu @ Om @ Deep why should we watch your current uploaded video ??
Whereas you will put this too in the members only Segment after sometime....
Just money making is the only moto of comedy factory then you all should have approach some channel but still no channel or OTT platform has acquired you....

Remember the initial days of your show you people use to request to subscribe the channel and now once you got it colors have changed ...

I being a non Gujarati I seeing your show from your first episode.till now that's the reason whenever you upload it comes on my first page of you tube feed....
I am not happy with your decision that one should compulsory become a member to see your old shows ....

I don't understand what should I do now else one should buy a ticket of the shows or become a member...

Disappointed this video came on my feed and without watching it I am writing this post...

Still I loke Deep, OM the most then like Manan....Good wishes ❤",positive,negative,0.1026,0.7948
Jay devkinandan vasudev,positive,neutral,0.1026,0.7948
Jay ho માલધારી,positive,neutral,0.1026,0.7947
Mane Tamara song Bahu pasd che bahu game che ❤❤❤😊😊😊😊,positive,negative,0.1026,0.7947
Vaah bav saras avaj che...,positive,negative,0.1027,0.7947
Jay Ho thakor samaj,positive,neutral,0.1028,0.7945
Cheers to those who got the Corridor crew reference !,neutral,positive,0.1028,0.7944
100 episodes pachi om bhai bolta thaya.😂,positive,neutral,0.1029,0.7943
psychological horror movie jevu lagyu bhai,negative,positive,0.1029,0.7941
Jaydeep bhai na ma talent to Che baa guso ma hata to keva patavi lidha vat change karii me baaa no mood saro karii lidho Gusoo gyab 🤣,negative,neutral,0.103,0.7941
"bhai... jovo pade atle joylidho... baki episode ma લોટ,પાણી ને લાકડાં  j hata...",positive,negative,0.103,0.7941
Aapde milian pohache aevu banavo,negative,neutral,0.103,0.7941
Gujarati hona chahiye,neutral,positive,0.103,0.7941
Ghar our office ke liye color ful dish mast lagegi ....our protein ke faide alag se ...Maja aa gaya.,negative,neutral,0.103,0.794
"""TARO BAPO SADHIYAI GAYO CHE"" 😂😂😂😂",negative,neutral,0.103,0.794
Wah Bhai su song laya cho,positive,neutral,0.1031,0.7939
Deep ne મંજીરા sara vagadta aavde che 👌🏻👏🏻🙌🏻,positive,neutral,0.1031,0.7938
Rola bhai na,neutral,negative,0.1031,0.7938
"Supar, Garam Masala umeriye to pn teno test mast lage che. 🙏🙏🙏",negative,positive,0.1031,0.7937
Take care. Bandage remove hote hi consequence chalu ho jayegi. 6 month tak kuch na kuch chalega.,neutral,negative,0.1031,0.7937
💜💜💜💜👍👍💯 Bahu Sharad Banai,negative,positive,0.1032,0.7937
Nishant Gujarati hai??😮😮😮,positive,neutral,0.1032,0.7936
Jaydip bhai tamare be balko thaya pchhi tamara vartan ma fer jova male ne aa movie ma java pchhi sarika sathe vayday karo pela thi hu vilog jov pela jevu jevu ny tamaru,positive,negative,0.1032,0.7936
ખરે ખર આ ગીત દિલને સ્પર્શી ગયું jignesh bhai જુગ જુગ જીવો અને આવા ને આવા ખૂબ ગીત ગાવો,neutral,negative,0.1032,0.7936
Bhai ye india hi hai na?,neutral,negative,0.1032,0.7935
Tame je vacche video clip nakhi che bhagwa wali ee kayo video che link aapjo ne,positive,negative,0.1033,0.7935
Jaydeep Bhai tamne tahaki u nathi gayu . To tamare doctor pase Jai ne injection j levu padse.,neutral,negative,0.1033,0.7934
"Jay Dwarkadhish 🙏🏻
sache Isha Ambani jevaj che Bhumi didi 👌🏻✨",neutral,positive,0.1034,0.7933
Gujarati no Arijit Singh 😘,positive,negative,0.1034,0.7932
કાર સીટ માઁ કોર્નર માઁ dhril થી હોલ કરદો નીકળી જશે,positive,negative,0.1035,0.7929
Kya baat.. Jay ho 🙏🏻,negative,neutral,0.1036,0.7928
"Music ke app mein, 
Utube ke video mein, 
Aur dil mein hamare, 
Dhoom hai machayi tune re. 

Sabke dilo mein, 
Tere gaano ki, 
Dhun hi chayi huyi re. 

Tere gaane sunke hamne, 
Bhaan hain bhulayi huyi re. 

Banaya karo, banaya karo
Aise hi gaane, banaya karo

Chaaya karo, chaaya karo
Hamare dil pe, aap chaaya karo
Aise gaane aap, banaya karo.",positive,negative,0.1036,0.7928
"Aa baai ne kyak joyi che, hn hn aa to ges na batala wari 😂😂",neutral,negative,0.1036,0.7927
Ghani khamma jigrra bhai ne,positive,neutral,0.1037,0.7926
Tame be var damodar lakhiyu che,positive,neutral,0.1037,0.7925
Par aap gaana bohut aacha gaate ho😍❤️,positive,neutral,0.1037,0.7925
"Hii, tamare ek vaar Ahmedabad ma Pramukh swami shatabdi mahotsav ni visit Levi joie...15th January sudhi aa festival che...ek vaar jarur thi aavjo j...",neutral,positive,0.1037,0.7925
Ek var fakt bhina kapad thi Matlu cover krine juvo patlu kapad j levanu jadu kapad nthi levanu let's try it you will success in matla,neutral,positive,0.1038,0.7924
Jay Mogal vah moj vah 👌,positive,negative,0.1038,0.7924
Gunde ka achar banao marwadi  taip acha lagta he,neutral,positive,0.1038,0.7923
Mp3 no maja aavi bhai...,negative,positive,0.1038,0.7923
Mane pan bhajn gava no khub j shokh chhe tamaro voice mast chhe,positive,negative,0.1039,0.7922
"nasi.keche.e
Sacuj.che",positive,negative,0.1039,0.7921
"Except the guest, I’m watching this only for Manan, chirayu, deep and Om. Else it’s so boring and not relatable.",negative,positive,0.104,0.7921
Let the guests talk please!,neutral,positive,0.104,0.7921
Janta iss video ka bts magti hai😂,neutral,positive,0.104,0.792
😂😂😂😂😂😂 kya yaar bhavin,neutral,positive,0.104,0.7919
Jamkhambhaliyu ghee alag hoi che?,negative,neutral,0.1041,0.7919
Ha Gaman bhuvaji ha,negative,neutral,0.1041,0.7918
Last ma vasante ben😮😮😮😮😮...but movie mast che,neutral,positive,0.1041,0.7917
"nikhil bhai actore che?
ae actore jeva dekhay che.... koi gujju movie ma joyu hoy aev lage che ..",positive,neutral,0.1042,0.7917
Vaah bav majja aavi thugesh bhai nu gujarati sambhali ne,positive,negative,0.1042,0.7917
Jay ramapir bapa jordar,positive,negative,0.1042,0.7916
"Jyoti ben, તમે મિઠાઈ ના ઓર્ડર લો છો? અઠવા કોઈ homemade બનાવતુ હોય ( ઓર્ડર લે) તેઓ ના contact numbers આપશો આભાર બેન",negative,positive,0.1042,0.7916
Sakhiya atle su?,neutral,negative,0.1042,0.7915
Bach panthi aa git mane bahuj gamese,neutral,negative,0.1043,0.7915
Manan Desai Na Bhai Lago Cho Bhai Khub Saras Jai Shree Krishna ❤️❤️❤️,positive,neutral,0.1043,0.7915
How to make sathu powder??,negative,neutral,0.1043,0.7914
Jay mataji (mita chauhan Bhavnagar ),positive,neutral,0.1044,0.7913
Fakt mahilao mate movie,neutral,negative,0.1044,0.7913
"Thank you so much for your reply, Kavita Ma'am! ❤️ Aapka ye reply aana mera aur mere bhai ka sabse bada dream tha, humari khushi ka thikana nahi hai! Ma'am, aap humesha chote creators ko bht inspire aur support karti hain, please hume bhi ek baar support kariye aur hamare sath ek Collab kijiye. Hum Sawan ke vrat ke liye mitti ke chulhe par bht saari variety of food items desi style me bana sakte hain. Please hume bas ek chota sa chance dijiye Ma'am, hum aapko bilkul niraash nahi karenge! 🙏✨😭""",negative,positive,0.1044,0.7912
Jay. Mogal. Ma,neutral,negative,0.1044,0.7912
I saw you on TV when Shubman hit a four straight down the ground and also when he hit it past Mandeep who dived to save it.,positive,negative,0.1044,0.7912
Please  dont take easy.Take Bhoomika to doctor nd do the  medical tests .It is good now she is in India.,negative,neutral,0.1044,0.7911
ha kirti dan bhaey,negative,positive,0.1045,0.7911
Bhai model ni trening le che etle samjo modeling karse jay deep bhai,positive,neutral,0.1045,0.7911
Hu sheladya ni dikri chu to bhumika didi mara bhabi thai ane girisha bhai mara bhi thai,neutral,positive,0.1045,0.791
Wah aap kar rhe h man khush hogya... Sach me ❤❤❤❤❤❤ to u,negative,positive,0.1045,0.791
Jay dvaraka dhish,neutral,negative,0.1045,0.791
Ek saal se zada wait kiya dusre song ka finally aa raha hai😭❤,positive,negative,0.1045,0.791
Jay.ho.ma.tamari. Kotikoti.vandan. Jay.mataji.,negative,neutral,0.1045,0.791
Really aa 2025 navratri nu anthom song che bau j freshing ❤,positive,negative,0.1046,0.7909
Sarika bhabhi tame atli sari sari jwellery kaya shop thi lao cho... Shop no name janao,neutral,positive,0.1046,0.7908
Only k દાન....,neutral,positive,0.1046,0.7908
Heppy Birthday kirtidan bhai heppy Birthday Jay ma mogal,neutral,negative,0.1046,0.7908
Puro jocker lage chhe,neutral,positive,0.1046,0.7907
Ñice song viram Bhai,positive,negative,0.1047,0.7907
Kyare aa song mukai s6,neutral,negative,0.1047,0.7905
Are pappa aur kabbadi aj to dil kush kar diya bhai. Pappa ji masi namaste muze Maja ata ap sabi dekh kar ap ki badi baho bahot shanshil guni hai apka chota beta bhi bahot pyra hai. Nai baho ke abi jana nahi haii. kush aur heldy rahihe🙏😂 ap sabi ko namaste pyar,positive,negative,0.1048,0.7905
Ekdam jordar recipe mem,positive,neutral,0.1048,0.7904
Sarika - Vandna pathak jevi lage che,positive,neutral,0.1048,0.7903
રાકેશ બારોટ જેવું તો ન ગાયી સ્કાય #RakeshBarot,negative,neutral,0.1048,0.7903
Kirtidan Bhai conducting the show rather😂,positive,neutral,0.1049,0.7903
Aap dono bro ka hair mast h🥰🥰,positive,neutral,0.1049,0.7903
Mst bhai che,neutral,positive,0.1049,0.7903
Lapsing ne rasawala mug saru lage,positive,negative,0.1049,0.7902
Aje vela sui jajo aankh lal thai gai 6 ujagro dekhay 6 mehnat to krte hoo ho bhai...👌👌👌,positive,neutral,0.1049,0.7901
ABP news live nathi bhai 🎉😂,neutral,positive,0.1049,0.7901
વાહ kya bathai,positive,neutral,0.105,0.7901
"In my school one of my friend Arpit raval was distributing cards for darshan raval votes in Star plus show, and he won the show 2nd place but right now darshan is on the Top singer's list all over the world ❤❤❤❤",negative,positive,0.105,0.7899
Mahadev har bhai🙏💐🙏 jay ho bap,negative,positive,0.105,0.7899
Tamara to badhaj song hit hoy che mota bhai,negative,positive,0.105,0.7899
Aa movie kyare aavse Vikram bahi,negative,neutral,0.1051,0.7899
Only for vikram bhai ne Full support se,negative,positive,0.1051,0.7898
"તમારું પરિવાર જોઈ ને કોઈ દિકરી ની મા ને ચિંતા નહીં થાય , તમારા પરિવાર જેવા અમને પણ સભ્ય મળે... મારી ભાણેજ hiyana રોજ કનિષ્ક ને જોઈ ને  જમે એ સિવાય જમતી નહીં ...લોકો ની વાત ન સાંભળો ભાવના માસી...હાલો આવ જો જય શ્રી કૃષ્ણ 🙏",positive,negative,0.1051,0.7898
Hamare ghar pe nahi Banta he jd bhai.khaya he hamne bahar,positive,neutral,0.1051,0.7898
Aavo bhai batane made,positive,neutral,0.1052,0.7897
મને લાગતું હતું કે ગુજરાતી movie માં કશું નવું નથી હોતુ હું ૭૭ વર્ષ ની છું પણ મજા પડી જોકે શરૂઆત થી જ લાગ્યું કે આજ જોડી હશે 😊,negative,positive,0.1052,0.7897
Amdavad ma bdha na gare aa roj bne che gotli dhoi ne banave,neutral,negative,0.1052,0.7897
Kaik navu sambhdavo bhai,negative,neutral,0.1052,0.7896
Have maya bhai ahir,neutral,negative,0.1052,0.7896
Tamari bhasha parthi evu j laage chhe,negative,neutral,0.1052,0.7896
Vadhare padtu bole chhe  jaga map ma rehva nu kok ni lagni no kachro na karo  sandhya is the best understandi no jokes,negative,positive,0.1052,0.7895
Moh ma itching kem thai suran khava pachi...su karvu joie,negative,positive,0.1052,0.7895
Jai Siya Ram 🙏 👌,positive,negative,0.1053,0.7895
Vah kitne tejaswi log hai humare yaha...kya shandar vichar rakhte hai...,positive,negative,0.1053,0.7894
बहुत ही अच्छी agg बिरयानी बनी है ma'am ❤,negative,positive,0.1053,0.7893
Jignesh kaviraj ghayal che bija badha bayal che😊,neutral,positive,0.1054,0.7892
Tamara lavari show ma ek kami che Sir 😊😊,positive,neutral,0.1054,0.7892
"Aa Episode ma Paresh sir satheni badhi j vato 30.01.26 na Sandesh news ma artical aavyo che, with our show name. So it's good for us and our show .",positive,neutral,0.1055,0.7891
હે ભગવાન મારી કોમેન્ટ જે like કરે એના માં બાપની ઉંમર બહુ વધે........... LOVE YOU YAARO...👌👌👌👌👌👌👌👌👌👌👌👌👌👌👌👌👌👌👌👌👌👌👌👌👌👌👌👌👌👌👌👌👌👌👌👌👌👌❤️💝💝💝💝💝,neutral,positive,0.1055,0.7891
Amney em htu key Hardik Bhai ne wife keva hasey pan eswerey emegin karta pan visesh sari wife api jey badha thi hali mali ney rahey chey God bless sandyaji tamey badha kush raho dadi na asrivad,positive,negative,0.1055,0.7891
Chirayu bhai ne bhgvan nu name levama ras nathi lagto 😮,neutral,negative,0.1055,0.789
Dj player bija garba ni mixing ni taiyari rakhajo 1 kalak pachi ma 😅,negative,neutral,0.1056,0.7889
Jaydeep bhai tame makhana khajo ae saru ane sargvani Sing khajo 👍🏻,positive,neutral,0.1056,0.7887
Funny part ::: 3  Generation ek Sath langdi kar rahi hai 😂😂😂so funny 🤣,neutral,positive,0.1057,0.7887
Hi. જય મારી માં મોણીયા ની નાગબાઈ માં,negative,positive,0.1057,0.7887
Ek var selfi levi se jo tame vaso to,negative,neutral,0.1057,0.7887
bhai plzzz chalu game ma tame tamara fave pr zoom na karo plzz request manan bhai.......🥺🥺🥺🥺🥺🥺🥺🥺🥺🥺🥺🥺🥺🥺🥺🥺,neutral,negative,0.1057,0.7886
Aedhan matlap સંકેત,neutral,positive,0.1057,0.7885
Joiye kon kon navratri ni vaat jove che. Jai meldi,negative,neutral,0.1058,0.7885
Saras sheetal ketlu fast kro che tame  zhatpat bani jay ❤,positive,negative,0.1058,0.7884
Bapu  hu koi khoti  vat   ny kar to bt  Baroda na  koi char rasta  par thi ek garib nu Entaryou loo pllzzz,neutral,negative,0.1058,0.7883
Jaydeep Bhai tme gmetem kro mohpe lekin Sarika ben k aage tum black hi lgoge 😂,positive,neutral,0.1058,0.7883
Gujarati bolta sambhaline bv saru lagyu,positive,neutral,0.1059,0.7883
Supar હો જીગાભાઈ,positive,neutral,0.1059,0.7883
Bhai kya music ne mohliyaaa 0:48,negative,neutral,0.1059,0.7882
Jai shree Ram di bahut hi tasty 😋 recipe h mouthwatering,positive,negative,0.1059,0.7882
#Alpastudio Full support vikram bhai thakor ne,positive,negative,0.1059,0.7881
Teri umid Tera intjar kar tahu,neutral,negative,0.106,0.788
Song ki link moklo bhai,neutral,positive,0.106,0.7879
Saw this live. Was damn funny. Everyone in the audience was only discussing chirayu's pants,positive,negative,0.1061,0.7879
Va jiganesh વ,negative,positive,0.1061,0.7879
I don’t why but I heard this song maybe more than 40 times and still going on😂😂 Mast song banavyu chhe Jigraa😍❤ 🇨🇦 🇮🇳,positive,negative,0.1061,0.7879
Jordar ha moj ha,positive,negative,0.1061,0.7878
જય શ્રી કૃષ્ણ.. washing machine નો tap machine karta ઊંચો rakho. To pressure માં ફરક પડી જાશે,neutral,positive,0.1061,0.7878
Hasto Manan bhai rajkotvala ne aavi lavario karta sara business. kravama ras chhe...atle j aava nana suna ne na olkhe....,negative,positive,0.1061,0.7877
Jaydeepbhai jaipur jav cho ne sarika bhabhi pse e surprise che 😅😂,neutral,positive,0.1061,0.7877
Wah kavi kedan mast rachna,negative,neutral,0.1062,0.7877
Wah ! 😋surat n keri no ras yaad aavi gayo😊,negative,neutral,0.1062,0.7876
Sab moh maya he.....10 sal bad vhi lgta he😅😅 17 sal ho gye. Sab moh maya he .. es a he.jay Purshotam mas,positive,negative,0.1062,0.7876
Jay MA malde,negative,neutral,0.1062,0.7875
Bht acha hai summer ke liye best recipe chef kabita ma'am ❤❤ iska meetha chawal nhi bna skte dry fruits daal kar,positive,neutral,0.1062,0.7875
Channel nu naam Comedy Factory kadhi ne Lawari Show kri do because aana sivay biju kai content nathi aavtu😊,negative,neutral,0.1063,0.7875
Badhi goyni kevay 1 batuk bolte hai rinku,neutral,negative,0.1063,0.7875
"Jaydeep Bhai, Amare Hindi sambhadvij nathi....Jemne original rehvu hoyne EMNE PLEASE ORIGINAL REHVADO..MEHERBAANI KAROTO SAARU PRABHU....🙏",neutral,positive,0.1063,0.7874
"Sarika apne apko kam mat samjo patel paaji aap bhi sarika ko kam mat samjo . her insan me alag alag khubiy  a or kamiya hoti h. jo sarika kr   sakti h woh aap ni kr sakte, or jo aap kr sakte woh sabkuchh woh  ni kr sakti. aap sarika ko kam mat samjo patel paaji, woh achhe vlog banati h. hame pasand h❤",positive,neutral,0.1063,0.7874
Ye param sundari kon h ye aapka burger 😂😂✌🏻,neutral,positive,0.1063,0.7874
Utrayan ma boom 💣💥💣💥💣💥💢💣💣💥💣💥💣💥,positive,neutral,0.1063,0.7873
Badha Mama fai na jay chee to sathe tame kem nathi javana?,neutral,negative,0.1064,0.7873
Hu baben ma chu kal na video ma bolno kai jagya e aavya hata,neutral,negative,0.1064,0.7872
Kitribhai jojo manas olkhavama bhul na thai jay. baki to jai shree ram,negative,neutral,0.1065,0.787
Muja 20 sal picha jna mila na to ma bolta pti sa sadi Krna chugi mra pti km bolta hai ha or na pura chup chap rhta hai vhi muja gilt hai sadi ka 15 sal ma bhi vsa ka vsa hi hai kuch bhi frk nhi hai or muja jyda bolna chiya or mara sate na bole vo to tik hai koi gast ata hai na to bhi chup chap btha rhta hai bolo to ye chang Krna chugi,negative,neutral,0.1065,0.787
Sir તમે જીગ્નેશ કવિરાજ લખાવો બારોટ નહીં,neutral,positive,0.1065,0.787
Ek aasong che je mane pasand aayi gujrati ma❤️🔥,neutral,positive,0.1065,0.7869
Jaydeep Papa ne vaadi ma help kem nath karavta,neutral,negative,0.1066,0.7869
Ha tamari dosti ha,neutral,negative,0.1066,0.7868
Bjavna ben nu telent Bhajen gai telent bahar kadho  avaj saro che,positive,negative,0.1067,0.7867
"Tave me chipak hi jata he suji k better vala chila ya dosa, Chahe non stick hi kyu na ho to kya kare",negative,neutral,0.1067,0.7866
59.minit pasi su comedy chhe 😂😂,negative,neutral,0.1067,0.7866
Ha janak zala ha,positive,neutral,0.1067,0.7866
"AAKHA GAM NE LOOTI NE POLICE NI MADD KARO CHO 
HYPOCRISY KI BHI SIMA HOTI HAI",negative,neutral,0.1067,0.7866
Aje to namak khavi,neutral,positive,0.1067,0.7866
Zo ley zaoge khawab mere kaise ziyenge hum❤️❤️,positive,neutral,0.1067,0.7865
I have seen coconut plucking as I'm from Goa,positive,neutral,0.1068,0.7864
JIGRRA SIR TAME NAI MAANO SAACHE AA SONG NE HU LOOP MODE MA CONSTANT SAAMBHLU CHHU ROJ.. SHU COMPOSITION CHHE JIGRAA SIR... JORDAAR.. MATAJI NA AASHIRWAAD CHHE TAMARA PAR JIGRRA SIR.. SIR JO AAPNE TIME MALE TO EK VAAR MARI AA YOUTUBE CHANNEL MURABBI MURABBI JOJO SIR.. HU A R RAHMAN SIR NA MUSICAL PIECES VAGADU CHHU SIR... THANK YOU SO MUCH SIR,positive,negative,0.1068,0.7864
હા મારુ ટાઇગર group ha,positive,neutral,0.1068,0.7864
Bdiya gift didi,positive,neutral,0.1068,0.7863
What 😮You guys are  Ojas video actor. I was just 14at that time . Ojas and frnds trip video is my favourite . Aj sudhi me bhuli nathi . It's not just a video it's gujjus emotion,negative,positive,0.1069,0.7862
Kya baat he dan saheb,negative,positive,0.1069,0.7862
Vikram bhai tamari boom hati ne rahese .......2007 thi te atyar sudhi atalu j pablik rahese tamari jode,negative,positive,0.1069,0.7862
Meenbatti thi aarti ?,negative,neutral,0.1069,0.7861
Va Vikram Bhai,positive,neutral,0.1069,0.7861
Majbut song cay jignesh Bhai,negative,neutral,0.107,0.7861
Aavse aavse baap jarrour aavse jay madhdda valid maa sonal,neutral,negative,0.107,0.786
Ha mara Guruji ha like kariyo bada mara guru ne,positive,negative,0.107,0.786
"Jay shree Krishna Masi ane Kaka ne 🙏❤️kaka no suvichar saras hato 👌🙏Aje to Masi ye saras Bhagwan ne dharava ladu banavya bov saras dekhata hata 👌Sandhya ye pan madt chevdo banayo 👌Kaka ne topi saras lagti hati juna picture na hiro jeva lagta hata kaka 👌Masi pan mast amni smile sathe ladva banavya Jowar chari ❤️tema Jaydeepbhai ye saras dance karyo ane bov hasavya saras reel che Jaydeepbhai maja avi jovani 👌aa reel
Mukjo badha ne bov gamse . Sarika pan saras Jaypur ma chokra sathe enjoy kare che Rinku je thay a sara mate j thatu hoy avu vichari fari var try karjo . Kai ni a bane bane beno sathe rahi ne maja kari chokra pan moj kari saras 🎉Heju Kanu ne maro lad ❤️❤️nice vlog 👌badha ne mara jay shree Krishna 🙏❤️",positive,negative,0.1071,0.7859
Khub saras banavyu chhe ❤easy rite 🎉🎉,positive,neutral,0.1071,0.7859
Sonpari nathi sonparo nikdyo aa toh 😂😂😂,neutral,negative,0.1071,0.7858
Vah kirtibhai vah jay jinendra,neutral,negative,0.1071,0.7858
SARAS LADU BANAVIYA,neutral,negative,0.1071,0.7858
કોરોના વાયરશ મુક્ત ગુજરાત Wha Kirtidan Bhai Gadhvi Wha Supar dupar hit song Wald Bhai One Like This Song,positive,negative,0.1071,0.7857
Plz mane movie MA rol aapo vikram bhai,neutral,negative,0.1072,0.7857
Aaje dan pan bundina ladu nu karay n gharma pan bundinaj ladu hoy  parmpara prmane,neutral,negative,0.1072,0.7857
Jay maldi maa😘🙏,neutral,positive,0.1072,0.7857
Moj moj padi gye Bapu Vadodara ma,positive,neutral,0.1072,0.7856
Ha mara bhai nanikadiapan khetarma to javanu ke nahi kejo ripale apcho,negative,neutral,0.1072,0.7856
Jay hoo dwaraka dish,positive,neutral,0.1072,0.7856
Mane bavoj song gamiyu jignesh bhai sanju tadvi nasavadi,neutral,negative,0.1072,0.7856
Jai hind jai bharat jai shree Ram 🎉🎉🎉❤❤,neutral,positive,0.1072,0.7856
હા ભાઇ ઓજના જમાનામા આવુ થવાનુ છે પ્રેમ તો શબ્દ તો જેણે પુરી કરવાની હિંમત હોય તો પ્રેમ શબ્દ વાપરજો મિત્રો (love you mota bhai),neutral,positive,0.1073,0.7855
Aa vaj song mekjo Bhai jignesh kaviraj,neutral,negative,0.1073,0.7854
જય રણછોડ વાહ ગુરુકીર્તિ ભાઈ વાહ જીગ્નેશ ભાઈ Nice ભજન Kamlesh barot official chenal તરફ થી સુભેચ્છાઓ,positive,negative,0.1073,0.7854
Ha marida meldi ha👌🏻👌🏻👌🏻👌🏻👌🏻👌🏻,positive,neutral,0.1073,0.7853
Kamlesh bhai tame to rula Diya 😢,positive,negative,0.1073,0.7853
Aap kahan se Hain,negative,neutral,0.1074,0.7853
Ghar par achanak guest a jaye to kya bnayen please suggest karen..,neutral,negative,0.1074,0.7853
Devayat Kahavad Kyare Aave che ?,neutral,negative,0.1074,0.7853
"Arti diva hoi candles nai , value j na re pachi Arti ni . Sanskrutik rita dekhadvu joiye",negative,neutral,0.1074,0.7851
Jay hanumanji કોટી કોટી vandan,negative,neutral,0.1074,0.7851
ગમન संथाल ne બોલાવો,neutral,positive,0.1074,0.7851
Jay ma mogal ma ma ma ma ma,neutral,negative,0.1074,0.7851
Next ગૌતમ અદાણી,neutral,positive,0.1075,0.785
જોરદાર સોન્ગ.pintubha.vada,positive,neutral,0.1075,0.7849
Ma'am hamesha support 💯,neutral,positive,0.1075,0.7849
Ye press cloth thi dur rakho syeem press sari che,neutral,positive,0.1075,0.7849
Ma banavi bahu Sars bani Thank you benji hu New Zealand thi jov chhu,negative,positive,0.1076,0.7849
Nahti wakhte luso ave chhe Back side ghasva nu,neutral,negative,0.1076,0.7848
Aap Koi film kar rahe hain jismein aap hero hai China jaane se pahle aapki hair style Jo Thi Vahi Wapas a chuki hai matlab aap continue film mein kar rahe hain,neutral,negative,0.1076,0.7848
I miss u ma,negative,neutral,0.1076,0.7847
Ha Bhai Barot,neutral,negative,0.1077,0.7847
Kyu oil vapro chhoo tame plz reply,neutral,negative,0.1077,0.7846
JAY hooooo JAY hooooo,negative,neutral,0.1077,0.7846
10 minute song 🙌🏻❤ aa che gujrati power and Bollywood na song 2 minute na hoy che emay ek j word 😂🤣 kurta pajama kala kala kala kala😂,negative,positive,0.1078,0.7844
"didi ap to pehsul se aise pyaz kaat rahi ho didi , jaise chef Ranveer Brar sir knife se pyaz kaat te hain ....love yur smile didi❤❤❤❤❤❤ kya bnne wala h menu me jo itna pyaz kaata ja raha h 😋😋😋😋😋",negative,positive,0.1078,0.7844
Mane bahu j game se,negative,neutral,0.1078,0.7844
VAH JIGABHAI TAMARA AVAJ MA JADA CHE,neutral,negative,0.1078,0.7844
Gujarati status jova avajo mare RD official studio par👍🙏🙏,positive,neutral,0.1079,0.7843
Kachu sena sathe khay skay...,negative,neutral,0.1079,0.7842
Sanku boi bhi hain 😁,positive,neutral,0.1079,0.7841
Ma hamesha Ma hoti hai..Ma ke jese koi nahi..❤❤❤,negative,neutral,0.1079,0.7841
Chirayu bhai me tamari chanal 👍kari lidhi,positive,neutral,0.1079,0.7841
Bau dil dukhi karo sho jignesh bhai,positive,neutral,0.108,0.784
Joojoooordar vikram bhai joooordar,neutral,negative,0.108,0.784
Nine information ma'am ❤❤❤,positive,neutral,0.1081,0.7838
Are manan bhai tame yaar gta5 video upload Karo na😢,negative,neutral,0.1081,0.7837
"Aaje tamaro vet che eatlo maro vet che  mari hiet 5,7 he kitana vet loss karna padega",neutral,negative,0.1082,0.7837
હવે એક વાર રાકેશ બારોટ ને લાવશો please 🥺,neutral,negative,0.1082,0.7837
પહેલા comment કરી દઉં,negative,positive,0.1082,0.7836
Avaj no eko ho haaaa amaru gujarat,positive,neutral,0.1082,0.7836
Kanuda નો ઝૂલો ક્યાંથી લીઘો છે અને કેટલા નો છે જે શ્રી કૃષ્ણ 🙏🙏,neutral,positive,0.1083,0.7834
Jay ho Kaviraj,neutral,negative,0.1083,0.7833
"Aa song a to boom padavi che insta ma 
Vah moj...❤
Dil jiti lidhu jigrrra❤",positive,negative,0.1083,0.7833
last video ma maja na avi hati pan bhavini ben ne bolavi tame kasar puri kari nakhi maja avi gai ...,neutral,positive,0.1083,0.7833
Aapane cutlet banae the usmein gajar nahin dalen to cutlet Sahi banenge kya reply MI argent mere mehman a rahe hain,neutral,negative,0.1084,0.7832
Lyrics kitni achi hai by God😍,positive,neutral,0.1084,0.7831
Aapke esi video ka wait kar rahi thi dekh kar man Kush ho gaya ❤❤❤😊,negative,neutral,0.1085,0.7831
Jay vadinath Vah kaviraj vah,neutral,negative,0.1085,0.7831
Sarika sandhya  ne rasoy banavan j nathi deti aadi aadi aave che,negative,neutral,0.1085,0.783
Have Sonu nigam ne bolavo  puro show take over ej kari nakh se. Ane live singing of Sonu nigam is next level. The only singer who sounds  better than recording in love shows.,negative,positive,0.1085,0.783
Jacky shroff ne gujrati avde chhe?....😮😮,neutral,positive,0.1086,0.7828
"Omegle vadu bv j mast hoy che,mja avi jaay che....",neutral,positive,0.1086,0.7828
Also dubai jane k baad me covid test ka report hone k baad kaha se lena hai i mean hard copy kaha milegi,positive,neutral,0.1086,0.7828
To oll frends,positive,negative,0.1086,0.7827
Mem mix achar banavta sikhvo plz hotel ma male avu achar banavta sikhavo,neutral,negative,0.1087,0.7827
"Buddy it does not matters that short people cannot be a super star, but you need to learn 1st ABCD of bodybuilding and acting, O pls stop exposing as you don't have that grown up physic and rather than protein shake eat more bananas apples almonds groundnuts... Also try to face and accept the reality in you that your are not a super star like your fake friends are commenting... Go through all the negative comments you get and look your self in the mirror and try to find the reality, you will learn more from negative comments rather than all the fake comments like your friends buttering with fake positive comments like jordar and etc... When you learn from negative comments positively you will then move towards super star buddy... Bring base in your voice. Keep working out hard. All the best.",positive,negative,0.1087,0.7827
Jhalmuri ma khari sing boiled chana fresh nariyal boiled potato kanda kakadi limbu sarasiyu tel n muri masala saathe sattu no powder hoi...ene real jhal muri khevay,neutral,negative,0.1087,0.7826
Mast che bhai,positive,negative,0.1087,0.7825
Aap meri inspiration ho ma'am ❤️❤️,positive,neutral,0.1088,0.7824
Ha moj haaàa,negative,positive,0.1088,0.7824
Jai shree Krishna 🙏 jd patel and family kanu ney gai bahu yad resy gamda ni savar mojemoj ho sarika  bachaparty ney jaideep  asal roop avigyu handsome hero hezu ne kanu ❤,positive,neutral,0.1088,0.7824
મિત્રો કાલે સવારે 7:00 at green સ્ટેટસ જોવા માટે અમારી ચેનલ ઉપર આવી જાવ આ ગીતનું,negative,positive,0.1088,0.7824
Bov maja aave che tamne badha ne jovani❤,positive,neutral,0.1088,0.7824
10 var joi lidhu hu 👍👍👍👍👍👍😁😁😁😁😁😁😁😁😁,negative,positive,0.1088,0.7824
This feels like Darren Levy kaa Desi version but I'm here for the commentary.,positive,neutral,0.1088,0.7823
"kab tinoke ek sath dekhungi, miss karti huh",positive,negative,0.1088,0.7823
Ma Mogal Gopal Rathod Sihor,neutral,negative,0.109,0.7821
Ha kirtidan ha,positive,neutral,0.109,0.782
Ala Kharva ane khalasi banne same same che 😆,negative,positive,0.109,0.7819
Ame Dakor rahiye cheiye  bhid bahut hoti hai mandir vare vare bandh kari de ne atle bhid bahut hoti hai,positive,negative,0.1091,0.7819
Ha jigar jaan ha,negative,positive,0.1091,0.7819
Dost to bhai hoy 6,negative,neutral,0.1091,0.7819
su vaat Che moj ho moj ma,neutral,positive,0.1091,0.7818
Ha Bhai OK bhai jignesh,neutral,negative,0.1091,0.7818
Please aap you tube par aur videos uploade Kiya Karo,negative,positive,0.1092,0.7817
tamari vat sachi 6e Hari Bhai kirtidan Bhai devalben Bharvad sathe allbum banavo pls,neutral,negative,0.1092,0.7817
kirtidan gadvi ame tamara mota fan chiye pan aa song na gamyu,negative,neutral,0.1092,0.7817
Ha ha jigabhai dost i,negative,neutral,0.1092,0.7817
Meri girlfriend thi uska naam kavita yadav tha jab Aapko dekhta hu to uski yaad Aa jaati hai,negative,neutral,0.1092,0.7816
Onalain youtube par muko,negative,neutral,0.1092,0.7816
Ha....... Mojjj........haaaaa👌❤️,negative,positive,0.1092,0.7815
Maam aa panichu aakhu varsh saru rahe che? Panichu best 👌👌👌,negative,positive,0.1092,0.7815
Vava jignesh bhai supar songs,positive,neutral,0.1093,0.7815
Mam I also want to buy multisnack pan . Kaunsa lu?,neutral,negative,0.1094,0.7812
Jaydipbhai e game te manas game te coment kare pan bilkul dimag ma levanu nhi peli kahevat jevu che ke hathi chala bajar kutte bhoke hajar . 🙏❤❤❤❤,neutral,negative,0.1094,0.7811
"*Lyrics* : 

Sharmake, Lahrake, 
Itrate, Balkhake, 
Do naina jab uthte hein tere,

*Hum to jite ji mar jaye, haaye re* (2) 

Ho ooo, oo ooo 
Jite ji mar jaye haaye re  (2) 

Behlake, Fuslake
Bharmake, Tarsake, 
Do naina jab jukte hein tere

*Hum to jite ji mar jaye haaye re* (2) 

Ho oo, oo oo
Jite ji mar jaye haaye re   (2) 

Jaadu koi, Naina tere 
Jilu jaise, gehre gehre
Dil yeh mera, baitha jaaye 
Chalta jau, tere daye baaye

*Hum to Jite ji mar jaye haaye re* (2)",neutral,negative,0.1095,0.7811
Jigo તો બધા ઘાયલો ના દર્દ સહન કરવા માટે હિંમત આપે છે------ દિલ ડચ__😘____ song મારા હાવજ jiga 😘👑👍supar hit song,positive,negative,0.1095,0.7811
"Kon chhe bhai aa ? Faka feki j kare chhe khali khoto 
Boaring episode till date",negative,neutral,0.1096,0.7808
Amit kaka ne bolavo gruh mantri ❤ full rumar che,neutral,positive,0.1096,0.7808
Pan badha epsiode karta aa vakhte guest nu puchvani jagya host aj vadhare potana vishe charcha kare che this is insulting sunny ne kai puchta j nahi ke nahi bolta,neutral,negative,0.1096,0.7808
2021 mojj Padi Jase Jordar movie hoy Avu laghe che,negative,positive,0.1096,0.7807
Tomar hasi ta khub sundor,positive,negative,0.1096,0.7807
Log bhi khate Hain,positive,negative,0.1096,0.7807
🇮🇳Jay hind 🇮🇳 Jay bharat Enklab जिंदाबाद Jay ma khodal 🙏,negative,neutral,0.1097,0.7807
Wahhh kya talent h bhavin 😍😂👍❤,positive,neutral,0.1097,0.7806
Unlike kene karyo se a vidio like kari dyo halo,negative,neutral,0.1097,0.7806
Have thi Boya nu mic rakhjo 😥,positive,negative,0.1098,0.7805
Jal Kamal chhandi Jane Bala Tamara avaj ma sambhdvu 6 aakhu,positive,negative,0.1098,0.7804
"*When vishal say ""Ay,Ay"" My answer is..Vishal bhai bohot Fatu hai...Itne chote bat se dar gaye..😂😂😁😁*",positive,negative,0.1098,0.7804
Ati sunadar Jay ranchhod bhaiyo,positive,neutral,0.1098,0.7804
Aap mumbai se pune aajao 😂🤣already hona mumbai mai isliye,neutral,negative,0.1098,0.7804
Mam khub saras panner sweet corn samosa please,positive,neutral,0.1098,0.7803
Ha Maru deesa ha,negative,neutral,0.1098,0.7803
Penda banao condesend milk se,negative,neutral,0.1099,0.7802
"Music તારા વિના ગમતું નથી..
But એકદમ નવું version લાગે છે.....     🥰🥰🥰🥰🥰🥰🥰",positive,neutral,0.1099,0.7801
jay mari ma bhaguda vari mogal 🙏🙏🙏🙏,negative,neutral,0.11,0.7799
Ram Ram રામરામ કિર્તીદાન ગઢવી અશોક પ્રજાપતિ જય માતાજી હું પણ સંગીત શીખવા માંગુ છું,neutral,negative,0.1101,0.7799
Wawa Jignesh Bhai jordar song che,neutral,negative,0.1101,0.7798
Bhola dada no chokro,negative,neutral,0.1102,0.7797
Jay gokul nath ki,positive,neutral,0.1102,0.7797
Are ye log itne has rahe hai to hamara kya hoga 😂🤣🤣🤣,positive,neutral,0.1102,0.7796
Dosa khakhra bana k dikhavo to zayka gujrati success ni to kya Matlab 😅😅😅😅,negative,neutral,0.1102,0.7796
Dahod ma avi jaa barobar nu song સભળાવ સુ,positive,negative,0.1102,0.7795
Hezal ketne std me pad rahe hai,neutral,positive,0.1102,0.7795
Aa geet sambhadin 50 ℅ abadi kam 😂,negative,positive,0.1102,0.7795
Jai kodiar mataji saas kam karyu have khodiarmatana templejai paissa chadavoHardik and Sandhya,neutral,positive,0.1102,0.7795
Ap mujhe bht achi lgti ho.itna simple koi ni rhta jaise ap ho & Thankyou so much for all recipes.mujhe jb bhi kuch banana hota haa mai youtube pe bs apko hi search krti hu.apki sadki hi apko khaas banati haa.apki insta ki sari post & status bhi dekhti hu...❤❤❤❤...Apki gym bhi😂,negative,positive,0.1103,0.7794
Hyyyy yaar aap itna cute kase ho 🥰🥰🥰,positive,neutral,0.1103,0.7793
D J LUCK. Matriya Vadi Vah. Jiga bhai. Moj bhai moj,negative,positive,0.1104,0.7791
Jay ma meldi ma,neutral,negative,0.1104,0.7791
"Bhaisahab, ye kis line me aa gae aap🤣🤣",positive,neutral,0.1105,0.7791
hardik bhai no voice saras che,negative,positive,0.1105,0.779
Bhavin ne ajj ajj n 8 vedio daal di bhot dino se dali nhi thi 😂sabka hisaab brabr ❤😂🙌,neutral,positive,0.1105,0.779
Jay Mataji 🙏🙏 Mataji Tamaru Ghar Sada Aamech Haru Bharu Hastu kheltu rakhe Jaydeepbhai je Gharma kyare Maa Bap Dukhi na hoy hamesha Hasta hoy a Gharma kyare Dukh no Aave,neutral,negative,0.1105,0.779
JAY CHHATHI MATA RANI JI 🙏🕉️❤️🔱🙌💓 JAY HALCHHAT MATA RANI JI 🕉️🙏 JAY SANTANSAPTMI MATA RANI JI JAY SANTANLAXMI MATA RANI JI MERE DISHU AUR SUHAG AUR SABKE BACHCHE PATI KO KHUB DIRGHAYU DIJIYEGA MATA RANI JI 🙏🕉️❤️🔱🙌💓,positive,negative,0.1105,0.779
Record todi nakhiyo aa trelar a ❤️😎😎🔥🔥🔥🔥🔥,positive,negative,0.1105,0.7789
Jay ma $☺️n@L,negative,neutral,0.1106,0.7789
Jay dwarikadhish jay ma harasidhdhi,negative,neutral,0.1106,0.7787
Mu Tamara video Mari mom na roj batavu chu,negative,positive,0.1107,0.7787
Have to Modi ji aave to maja pdi jay,neutral,positive,0.1107,0.7786
Nonstick na hoy n lokhand na tava pr kevi rite banava ae janavo,neutral,negative,0.1107,0.7786
Chhole masaloo kai brand no saro mde che? Suggest krjo,neutral,negative,0.1107,0.7786
Ben tame kem kalu ne totafu bolo cho,neutral,negative,0.1107,0.7786
Bhai jordar song 👌,positive,negative,0.1107,0.7785
"Ame 
Instagram  ne thi 
Vaperta",positive,negative,0.1107,0.7785
Vikram Thakor varo episode upload kro brother tamari post te divs no raah jovu chhu,positive,negative,0.1107,0.7785
Bolo. Vikram bhai. Su. Sachsle,neutral,negative,0.1108,0.7785
Charan samaj nu Ratan va bhai 🙏 Jay Mataji 🙏 Jay ma mogal 🙏,negative,positive,0.1109,0.7782
Your receipes  r good but tamaru aa middle  ma disturb  Kare che je lakhelu middle  ma aave che te,positive,neutral,0.1109,0.7782
ohh tame king na pan king thsho k shu sir,negative,neutral,0.1109,0.7782
"ટાઈગર તો ટાઈગર જ છે , તમારી ફેવરિટ ચેનલ VDT Gujarati , Mera voech hi Esha he Bhagavan, Desi voech",negative,positive,0.1109,0.7782
Kirtidanbhai tamari official Chanel ma program nu place kayu chhe ?,negative,neutral,0.1109,0.7782
"Hello
Plz Tamaru stitching machine kay company nu 6e",neutral,positive,0.1109,0.7782
"નેહા બેન તમને જોવુસુ તો મને મારી નેહા ની યાદ આવી જાય સે તમારા જેવો ચેહરો અને તમારાં જેવી સ્માઈલ બોલવુ ચાલવુ તમારા જેવુ પણ નશીબ માં જુદાઈ લખી હતી તમારા એક એક વીડિયો જોવુ તો દિલ ખુશ થઈ જાય સે miss you ,😔😔",negative,positive,0.111,0.7781
"Congratulations to whole team...

Please ek show ma tamari whole team sathe lavari show karo... Please",neutral,negative,0.1111,0.7778
Chirayu kem dhoti pehri ne aave che badha episode ma😭😂,neutral,positive,0.1111,0.7778
Itne inactive kyu ho bhavin insta pe,positive,neutral,0.1112,0.7777
Suppr song ho jignesh bhai khub maja avi,neutral,negative,0.1112,0.7776
Mujhe to pata hi nahi tha k dono alag hote hai bahot acche mam Aap ne acche samjhaya isi liye Aap k video dekhna Mujhe pasand hai,negative,neutral,0.1112,0.7776
Toti ghali hoi e hit different.,neutral,positive,0.1114,0.7773
1:50 aami je to maar bhool bulliya added 😂😂😂😂,negative,neutral,0.1114,0.7773
Coconut milk ne jadu (thicken) karvu hoi to su karvanu,negative,neutral,0.1114,0.7772
Khub Saras lage chhe,neutral,positive,0.1114,0.7772
Leh ladakh mathi j lavari jovu su 😅,negative,positive,0.1114,0.7772
Koi bottom ? Sweet Gujarati??,negative,neutral,0.1115,0.7771
"Aalsij cho , gym have bus karo",negative,neutral,0.1115,0.7771
Ojhas Raval ne bolavo.  Juni memories ma thi bv laughter mlse,neutral,negative,0.1115,0.777
Jay shree krishna radhe krishna Narayan hari luxmi pati Narayan ki jay,positive,neutral,0.1115,0.777
Tamari recipe pramane me aa  dish banavi hati... Saras bani hati 👍🏻😊,positive,negative,0.1115,0.777
Jaydeep bhai mara hasband jeva chhe sugar chhe aadvre chhe😂,neutral,positive,0.1115,0.7769
"Ala evu hoy like mangiae to like mali jay comment ne 😁

Amne b aapo like aam na chale 

Bhachakaboom",neutral,negative,0.1116,0.7768
Aansu aavi jay ne ha hu kitchen ma chu onion cut karu chu☺️🥹,negative,neutral,0.1116,0.7768
Bau mast picture chhe 😂😂,neutral,negative,0.1116,0.7768
સારિકાબેન તમે ચલાલા ગયા taa ત્યારે makhana lai gaya ta te tame keta taa ne ghare banavo chho.to teni recepi share karo.... please...,neutral,negative,0.1117,0.7767
"06:17 - Backbencher Vibez! 🤣 9th standard ma copy karta pakdaya and school mathi out! Vidyakunj rocks!
10:53 - Acting level = God Tier! 🛐 The BTS of ""Balidan Param Dharma"" 🔥 Delivering that massive dialogue in ONE TAKE at 4 AM! Goosebumps.
21:16 - Steam vs Sauna ni extreme Lavari 🧖‍♂️💨 Nilgiri tel kand... literal aasu aavi gaya hasi hasi ne! 😂😭
23:39 - The Supreme Plot Twist! Pappa-Mummy ni surprise entry ❤️ (And then aslee POL-KHOL chalu 💀)
25:34 - Uncle is SAVAGE level 9999! 💀 10th birthday par highway par drop kari didha to walk till Ahmedabad as a ""Gift"" 🚶‍♂️🤣
27:58 - The Epic Airgun Story! 🔫 Bhina Ru (cotton) thi nana bhai par nishano... Manav sir tamari pan badmashiyo khatarnak chhe! 😆",negative,positive,0.1117,0.7766
It's king 👑👑👑👑 desi no king 👑👑👑 chhe aaaa ...,positive,neutral,0.1117,0.7765
Mouthwatering Recipe Ma'am 😋,positive,neutral,0.1118,0.7764
Tamara ashirwad che masi badha shanti thi avi gaya ❤🎉,neutral,positive,0.1118,0.7763
VIKARM BHAI TAMARO AASIK KHUS,negative,neutral,0.1118,0.7763
Va jiga Bhai va💕,neutral,positive,0.1119,0.7763
"Bhai Manan.... 32:07 par jo yar, jabro betha chhe... ghar ma j lambai hoy evu lage chhe.... ;)
Aum, pelu randhardhu... jabru ekdam avi gayu.",positive,neutral,0.1119,0.7762
Hindi film ka bhajan tere dwar khada Bhagwan Bhagat Bhar de jholi aur pinjre Ke panchi re Tera Dard n jaane koi gaiye kirtidan bhai gadhvi,neutral,negative,0.1119,0.7762
Vikram bhai Aevu git Banavo k backgrounds joine loko na hos udi jay,neutral,negative,0.1119,0.7761
Mari jaanu yaad kare che,negative,neutral,0.112,0.7761
bewafa taru ny thay haru 💔💔,neutral,negative,0.112,0.7761
Neem spray karne se sabjiyo me jiv jantu nahi padte he. 🙏,neutral,negative,0.112,0.776
Video song upload karo Bhai,neutral,positive,0.1121,0.7758
Shambu Tu Hai Mahan🥺❤🔱,neutral,positive,0.1121,0.7758
Mobilma sound bahuj dhimo aave chhe Sound system par dhyan aapvani vaatne kachas vartati janai rahi hoy tem lage chhe,negative,neutral,0.1121,0.7757
Sandhiya hve pregent nathi😂,neutral,positive,0.1122,0.7756
Areee pn... Gujarat nu gaurav...,negative,positive,0.1122,0.7756
A ghayal ha 😢😢,positive,negative,0.1123,0.7754
It's good but being a gujju I like dhimo varsad much more 😄,positive,neutral,0.1123,0.7753
Aavu koini jode na thay 😢😢😢😢😢😢😢😢😢,neutral,negative,0.1123,0.7753
Aavu. Kem. Thi se,neutral,negative,0.1124,0.7753
muh me pani aa gaya ma'am yummy chatpata achar ❤❤❤❤❤,neutral,negative,0.1124,0.7752
Have osman mir aaiy gaya to devayatbhai khavad ne laiy do,negative,neutral,0.1124,0.7752
Bahu saras song che,neutral,negative,0.1124,0.7752
bhai aa ame sireal ni jem joiye che ..game te karo aa stream roj batavo amne vyasan thai gyu che,neutral,negative,0.1124,0.7751
Maro husband teadva nithy av tho su karu Jaydeep bhai 😢😢😢😢😢😢,negative,neutral,0.1124,0.7751
Jay Alakha dani vikarm bhai,neutral,negative,0.1125,0.7751
Aapne jo machine liya hai usme 0 vibration aata hai bahut hi acha aata hai 5-6 sal pehle ke ifb ke machine me bahut hi jyada vibration hota ta pr ye vala best hai,positive,neutral,0.1125,0.775
Aaj barish bahoot thi our chat pata khane ko ❤dil kar raha thaa ...our naseeb se ye menu mil gaya our lag gaya kaam pe...ekdam mast ...muze our mere bacchi ko bahoot pasand aaya ...thnx mam❤,negative,positive,0.1125,0.775
Edit karyu che Seth🔥🔥,neutral,positive,0.1125,0.775
Sunny Bhavsar Episode Kyare avse,positive,neutral,0.1125,0.7749
Dj દિલ નો બાદશાહ ક્યારે આવવાનો છે,neutral,positive,0.1125,0.7749
હે મા । ગરબો Owsem Song,positive,neutral,0.1126,0.7749
Ha mara Bhai jay babari,neutral,positive,0.1126,0.7748
Aatlo batho prem kare,neutral,negative,0.1126,0.7748
Madamm taara banavela kaaja ane last ma present karela kaaja Kem alag dekhay che???,neutral,negative,0.1126,0.7747
Haa jiga Bhai haa,negative,neutral,0.1126,0.7747
same to same🎉,neutral,positive,0.1126,0.7747
video ma bhul che..thel valida laikhu che dhel valida ni jagya a,negative,neutral,0.1126,0.7747
Tasty recipe ma’am❤,positive,neutral,0.1126,0.7747
Banne jana tame tamari tond ochchi karo,positive,neutral,0.1127,0.7747
kala tiko to hu pan lagavu chu mara chokara ne still a 10 yr no thyo che pan hu roj lagavu chu😂,neutral,negative,0.1127,0.7747
Jiyo Bhai Jiyo..........,neutral,positive,0.1127,0.7746
"Hu Valsad thi chu
Valsad na dana bazar ma khub j nuksan thayu che",neutral,negative,0.1127,0.7746
Saras toh che pan pera shgaai hoi no kairo 😅 Movie wala pan😮😅,negative,neutral,0.1127,0.7745
1st comment please ma'am pin kar den❤🙏🏻,negative,neutral,0.1128,0.7744
"bahi ..voice jordar che tamaro ..bas dar ek week song aavu joye tmaru ,...hahah",positive,negative,0.1128,0.7744
Bhale banayu song moj aavi. Gyi,positive,negative,0.1128,0.7744
Jaideep bhai tame discipline Amara ghar ma pan vau che pan savare 9-10vage uthe kyarek toh like Saturday Sunday 4-5 vage uthe bolo tamaro video  ma saras kidhu toh aavi decipline ni vaato tame kya raho Kem ke ame badha jota hoiye che kiak amara gharma e badlavi aave thankyou to all family members sahan toh hu e karu chu ane bhagwan Haji sahan shakti aape mari dikri ni jem rakhi che ghar enuj che ha mataji bless you all,positive,neutral,0.1128,0.7743
KDK 👌 song jignesh bhai kaviraj,positive,neutral,0.1128,0.7743
BhAi beard vagar nae sara lagta 😆,positive,negative,0.113,0.774
"Ha maro jigo jigu jigu ha ha love you ,,,,MAHESH Rathava chhotaudepur. odd",neutral,positive,0.113,0.7739
Ye koun si Bhasha me song hai,positive,negative,0.1131,0.7739
Maja Ave chhe bhai Lavary ma,positive,neutral,0.1131,0.7739
Jd bhai sarika di aje anant vadu jabbar hatu maja avi gai 😂😂,negative,positive,0.1131,0.7738
The Term Rangilo Ranchor refers to the making of the Asteroid Belt. Bhagwan MangalDev Took his father's command ( Bhagwan OM ) and released his Diviastra on to the colliding Vayu Planet and a great explosion led to red dust covering the local planets. Planet Mars was covered and planet earth was covered Bhagwan Krishna called it Nazereth. The red spot on planet Jupiter is a fragment of Agni from the collision. The entire red dust turned into clay and vegetation started to grow. This is Run Chor Rai Rangilo Raja. ⚡🤴🏽🕉️🔺➕,positive,negative,0.1131,0.7738
Jay shree swaminarayan,positive,neutral,0.1131,0.7737
Episode 128 કેમ નથી આયુ મનન ભાઈ ?????,positive,negative,0.1132,0.7737
Kuve ka name Dinubha kuva kem ke am ne બનાવીએ છીએ mehndi karne,neutral,negative,0.1132,0.7737
Haju bhavai ramay chhe,neutral,positive,0.1132,0.7736
song kyare Aave se vikram bhai,neutral,negative,0.1132,0.7735
"A person must be good at gujarati consonants to read out that suvichar fluently in one go. The pronunciation of s, sha n ksha is different. Sandhya did a good job. Jaydeep might hv done evn his schooling in english medium i guess.",negative,positive,0.1133,0.7735
Pelivaar dholiwood ma bollywood jevi feeling aavi....😍,negative,positive,0.1133,0.7734
Well u teach ma'am,positive,neutral,0.1133,0.7734
"Bhai tamaro avaj mast chhe .❤️

Jigarbhai 1 hour ma all bhajan ni ek video banavo 
Bov badha loko ne a bov pasand ave chhe",positive,negative,0.1133,0.7733
Wah kirtidanbhai jay ma mangal,neutral,negative,0.1134,0.7732
"Kajal thi Kalu su? KALANK
Sarika last valu.",neutral,negative,0.1134,0.7732
શામાટે  ઇંગ્લિશ મા announcement  શરૂઆત મા કરો છો!!,positive,negative,0.1134,0.7731
Khub saras.. Kirtidanbhai..,negative,neutral,0.1134,0.7731
Sharika devi chey kam Thi kantadta j nathi ney hindola pan keva kushi thi Karey chey God bless beta tamney eswer sakti apey❤,neutral,negative,0.1134,0.7731
"Jay mataji 
Hu first chu🙂
First like pan🙂
Playlist ma pan first🙂",neutral,positive,0.1135,0.7731
Kabhi kabhi samaj nahi ata mam. Kaise kar leti ho😌 everytime I'll see you... You always left me speechless.. kya ye possible hai.. itna maintain rehna. Itna juda hua apne culture k sath. log camera ke liye bhi nahi kar pate aap sach me kese kar leti ho. I think koi to blessings hai apke sath... Admire you... For whole of you... Everything you are just adorable 🤗🥰,positive,neutral,0.1135,0.773
Swaminarayan bhagavan jaldi saru kari de,negative,neutral,0.1136,0.7728
❤️❤️❤️❤️❤️ha bhai ha,neutral,positive,0.1136,0.7727
JAY SHREE KRISHNA - JAY MATAJI,neutral,positive,0.1136,0.7727
Aa kayu movie che,positive,neutral,0.1137,0.7727
Supperb song kaviraj Bhai👌🏻👌🏻,positive,neutral,0.1137,0.7725
Jordar Moj padi gai..😄😄😄  Pan 47:15 pela ben sui gaya chhe 🤣🤣🤣😂😂😂,positive,neutral,0.1138,0.7725
Wah sir Wah... Jay Shree Ganesh Jay ma mogal,neutral,positive,0.1138,0.7724
Sir bov mast film bani che 100 cr,positive,negative,0.1138,0.7723
"LMAO !! That guy from Jamnagar was on the next level ! 
XD",neutral,positive,0.1139,0.7723
"Moj awi ho
Tmaru aa kam gmyu ho",neutral,positive,0.1139,0.7722
Jio ma send karvi che jignesh bhai mare,neutral,negative,0.1139,0.7721
khamma tamne kirtidan ji,negative,neutral,0.1139,0.7721
Jay Jay ma mogal ma,neutral,negative,0.114,0.772
Jay ma sonal... Jay ma sonal... Jay ma sonal...,neutral,negative,0.114,0.772
Bahuch saras badhi vangiyo sheetal ben chana chat hu banau chu kheera nakuchu Ane green onion nakhu chu Ane dhani crispy nathi rahati chiwada ma su kareye,positive,negative,0.114,0.772
We use instant pot too. I have 4 cooker and 1 instant pot,negative,positive,0.1141,0.7719
comment from teacher ભણસો નહીં ને તો છાણ વાસીદુ ભેંશ ને ચૂલા 🤣,positive,negative,0.1141,0.7718
"""Mereko khelna hi nahi  hai yaar "" Best 😂😂",neutral,positive,0.1142,0.7716
Ha harshad bhai ha Tamara geeto ha,neutral,negative,0.1143,0.7715
"Kal nahi tha mera 
Tu mera aaj se sab ho gaya 
Mein mein na raha 
Tum tum na rahe 
Hum hum ho gaye 
O... mere humdum 
Humdum ho gaye 
Mere humdum ho gaye 
Tum Humdum ho gaye 

Kisse suni thi
Kahani sunni thi 
Aata nahi tha yakin 
Juda jo tumse 
To mila hu khud se 
Hua he mujko yakin
Yakin he har baat pe 
Jo he tu mere saath mein
Mein mein na raha
Tum tum na rahe
Hum hum ho gaye 
O... mere humdum 
Humdum ho gaye 
Tum humdum gaye 
Mere humdum ho gaye",positive,negative,0.1143,0.7714
Mota bhai thanx mara friend ne bo helap thava ni che Tamara aa video thi hame badha surti lala,positive,negative,0.1144,0.7713
"Waah saras. તમારી અને મારી રીત એકસરખી છે, ફક્ત હું ગોળ ની જગ્યાએ ખાંડ umeru છું એટલું જ.",negative,positive,0.1144,0.7713
Su editing 6e manan bhai have tame j edit krjo 🖤🖤 that's what she said🤭,neutral,positive,0.1144,0.7712
Jay Jay maa sonbai 🙏,neutral,negative,0.1144,0.7712
Ae nu nam niranjan  fal che,neutral,positive,0.1144,0.7712
Tamara ak ak bevafa song mara kalja lakhay gaya se yaar,neutral,negative,0.1144,0.7712
Mara charan samaj na be Ratan Ek song MA hoy a song MA Kai Gate kharu,positive,negative,0.1145,0.7711
Ha vikka Thakor ha,negative,neutral,0.1145,0.7711
Jor ho mast ❤️❤️❤️,neutral,positive,0.1145,0.771
Jay ma mogal Jay mataji Jay Goga bapa,negative,neutral,0.1145,0.7709
Bav saru kam karo so bhi Garebo sudhi anaj pokado so,neutral,negative,0.1145,0.7709
Tamari badhi recipe saras hoy che. મેં જોયું છે કે તમે દર વર્ષે સરસિયા ખાજા ની નવી રેસીપી મુકો છો. આ સીઝનમાં નવી રેસીપી આવવાની છે?,negative,positive,0.1145,0.7709
Jay Jay sonal ma jay ho,neutral,negative,0.1146,0.7708
YOGESHKUMAR RAGUNATHA BA HU SHURTA,negative,neutral,0.1146,0.7708
❤❤ Aavu kik navu hoy to kids ne maja padijay khare khar❤❤❤naic Thenku 👍👍👍🙏👪👪,negative,positive,0.1147,0.7707
Tamara avaj par thi lage chhe tame surati ho evu,neutral,positive,0.1147,0.7706
Waiting film mate,neutral,positive,0.1147,0.7706
મે ખાધું કે ના ખાધું ખબર એ રાખતી હા મોજ sr,negative,neutral,0.1147,0.7706
અરે વાહ!!! જીગર દાન ભાઈ.... તમારો પણ જોટો નઈ જડે રે!!! 😘.. બહુ જ સરસ ગીત છે ♥️💯.. આ ગીત બે દિવસ અગાઉ અપલોડ કરવા નું હતું તમારે.... પણ કોઈ વાંધો નઈ.... તમારા ગીતો બહુ જ મસ્ત હોય છે 👍🏻👍🏻💞💯✨# keepitup.. Jigra♥️😘,positive,negative,0.1147,0.7706
Jay RANCHHOD ranchhod rangila,neutral,negative,0.1147,0.7705
Aa Rite Ghare Bava padse Saras,neutral,negative,0.1147,0.7705
"Osman Mir sir is a legend 
Aapda Gujarat no gaurav che ❤❤❤",positive,neutral,0.1148,0.7705
khub j srs 👌👌👏👏,neutral,positive,0.1148,0.7704
"Jai shree krushna 
Desh ma frees air hoy etle vehala uthi jay che city ma khubaj polution che",neutral,negative,0.1148,0.7704
Mane km lage che k tame movie ma kaam kari rahya cho????😊,neutral,negative,0.1149,0.7703
Ha isse Samudra manthan bolte hai,neutral,negative,0.1149,0.7703
Aapde watch dogs 2 ramo ne,neutral,negative,0.1149,0.7702
Om said Placebo and Chirayu literally stole my thoughts! No one was expecting him to know the word forget say it! Success! where Om has created such a persona for himself where we expect nothing and he blows our mind! Rohan Joshi promoting his tour on Lavari truly means Lavari has arrived!,negative,positive,0.1149,0.7702
Whe to add kokum?,negative,neutral,0.1149,0.7702
મોદી milet ખાય 6,neutral,negative,0.1149,0.7701
Kantola ma sakar vagar saru na lage 🎉,neutral,negative,0.1149,0.7701
Darshak Bhai no hashvano aavaj sambhdai che video ma banne Mali ne kai karo cho,neutral,negative,0.115,0.77
Good morning.jaydeepbhai tabiyet kem che. Bhvnamasi dress phiro gare.jaydeepbhai kam vager bar na jata.sarikabhabhi 👌👌👌👌dress hato. Kakabhtarija no prem  kahivayi.👌cup hato.bhdhani mate lavo to ni cup.wah sandiyabhabhi hindi boliya good.maru  fivret che kantola nu Shaki.ok  good kanishik bhuj saras damru vagadiyu.ok by jay swaminaryan,neutral,positive,0.115,0.77
Toran ni link apso pls.. saras chhe.. mare anathi thodu motu ane lambu joie chhe. Readymad chhe k banavdavyu chhe?? Mare shiv mandir mate motu banavu chhe donate karva,neutral,negative,0.115,0.7699
Amar upadhyay the og mihir virani... Please,neutral,positive,0.115,0.7699
Metro city mein jaisa parking hota hai vaise stand laga dijiye,positive,neutral,0.1151,0.7699
Peli thumbnail Wali chokri cute to Hati manan bhai!!  Insta ID che eenu ???,negative,neutral,0.1151,0.7698
its yummy kal yhi bnaungi ek time to khati hu vrat me yhi bnaungi,negative,positive,0.1151,0.7698
Akhu varas. Ras j kao cho. Ane. Tapela. Per. Suran nathi. Rataru. Che,positive,negative,0.1151,0.7698
Jd bhai tamaru junu machine mane  api do   hu 1000 rupiya api dav,neutral,positive,0.1151,0.7697
Jaydeepbhai hu tamaro pahela like karu pachhi j jovu chhu,neutral,positive,0.1151,0.7697
Ha thakor bhai o,negative,neutral,0.1152,0.7697
👌👌 mam ame pan wensday mug khie 6i,negative,positive,0.1152,0.7697
Khub saras jiga bhai,negative,neutral,0.1153,0.7694
Tame surti chho k,neutral,negative,0.1153,0.7694
Jagaye to rujaila ga taja kari nakhiya ho❤,negative,neutral,0.1153,0.7693
Next gujju rock's bhai ne bolavo please 🙏🏻 movie dubbing king gujarati,positive,neutral,0.1153,0.7693
Jay Ho gauri Nandan,negative,neutral,0.1154,0.7692
April se imps band hai,negative,neutral,0.1154,0.7692
Hum dost bhi aise hi bethte hain rmadan main ❣️❣️✨,neutral,negative,0.1154,0.7691
Ha gadhvi sahab,neutral,negative,0.1155,0.7691
Jorr dar song che,negative,neutral,0.1155,0.7689
laya laya bapu navu laya,negative,positive,0.1155,0.7689
Vahhhh mara guru kaviraj vahh,neutral,positive,0.1156,0.7688
Mamane lalabhai hoy te valogma bahu maza aave 6😂😂❤❤,neutral,positive,0.1156,0.7688
Devayatbhai Khavad ne bolavo please The Brand himself 😎😎,negative,neutral,0.1157,0.7687
Aap log bindi kyo nhi lgate. .😅😊,positive,neutral,0.1157,0.7686
Aapke parathe to fate hai 😅😢😂😂😂,negative,neutral,0.1157,0.7686
Chocolate donuts ki recipe please didi😊,positive,neutral,0.1157,0.7685
Khubaj saras testi .......👌👌👌👌,neutral,positive,0.1157,0.7685
👑Ha Mara samaj nu Ratan Kirtidan Gadhavi 👑,neutral,negative,0.1158,0.7685
"Tbh Bunty is so deserving!! ❤️ Ik views doesn't matter!! But believe me abhi iss situation mein sabko thoda khulke hasna chahiye atleast iss liye sabko Bunty zaroor dekhna chahiye ❤️ I'm proudly saying this "" Bhavin Bhanushali ke channel pe BUNTY nahi dekha to aapne kuch nahi dekha"" ❤️",positive,negative,0.1158,0.7684
Suparb mota bhai,negative,neutral,0.116,0.7681
Siinu Bhai on the 🔝,neutral,positive,0.116,0.768
Hamesha support ma'am 🤗,neutral,positive,0.116,0.768
Ap gana galay bola ba ba ap ko kosto hoi ni,negative,neutral,0.116,0.768
va kirtidan bhai va,neutral,negative,0.116,0.768
Holi per mai banati hu testy😊,positive,negative,0.1161,0.7677
So bad ....Please dont. You were saved by the music and editing skills.  Mananbhai tame sache high lago cho aama.,positive,negative,0.1162,0.7675
Mogal नाम આધાર.... જય માં મોગલ,negative,neutral,0.1163,0.7675
જીજ્ઞેશ કવિરાજ સર તમને મળવાનો ઘણો કોન્ટેક્ટ કર્યો પણ વાત ના થઇ તમને ઈ મેઈલ પણ કર્યો Instagram મા એસએમએસ પણ કર્યો છે પણ તમારો જવાબ ના આવ્યો,negative,positive,0.1163,0.7674
Tumae milk vuchai thi umero toe Siro na bunijiy - phela Besan ma dhabo na apo? Besan Sekai ji puchi milk add Koro to kuna purai che burabur?,negative,neutral,0.1164,0.7673
Ariyate jaray Sara nathi lagta pela saras lagta,positive,negative,0.1164,0.7672
Ane varade kem nathi bafvana ?,negative,neutral,0.1164,0.7671
Mari ringtone che 😅,neutral,positive,0.1164,0.7671
Ha jigneshbhai jor dar,negative,neutral,0.1165,0.767
bov maja no aavi,neutral,negative,0.1165,0.767
Mast yummy Anda masala recipe 😋😋,negative,positive,0.1165,0.767
"I'm looking forward to Shabudin Rathod, sir. 
Emne sambhalva ek judi j majja che.
From Mumbai.",positive,neutral,0.1165,0.767
Jay shree Krishna Masi ane kaka ne 🙏❤️Kaka no saras suvichar hato 🙏Aj na vlog ma tamara badha ni conversation mast hati sme khub enjoy karyu 👍badha member potpotani jagya ye mehnatu j che badha j kam kare j che tamara ghar ma koy navru nathi rehtu . Pan kaka a age ma je kam kare che ane karavdave che ato khub hard che a mate amne dhanyvad deva pade 🙏ane ghar ma reva vala pan akhu ghar sambhale che ane a pan sahlu nathi atle badha potani jagya ye mehnat kare j che 🙏👍🙌so lots of love to all patel members ❤️❤️Jaydeepbhai pan bhai china farave che badhu batave che to bhai pan khub mehnat kare che 👏saras pan tame avi rite hali mali ne majak masti karta raho amne bov game che amne tamara thi ghanu shikhva msle che 🙏lovely vlog ❤Heju Kanu ne maro khub lad ❤❤badha ne jay shree Krishna mara 🙏Sarika dhosa saras banaya hata mara modha ma pani avi gayu 🤤to hu pi gay 😊,neutral,positive,0.1165,0.7669
Ganpati bappa morya Jai mata de har har Mahadev 🙏🌹,positive,negative,0.1165,0.7669
9:33 આજ ની પબ્લિક પેલી મલ્ટિલેવલ માર્કેટિંગ વાડી છે પણ દીપ ભાઈ અહીંયા છકો મારી didhho 🤣,positive,negative,0.1166,0.7668
Haa mara dwarkadhish haa,negative,neutral,0.1166,0.7668
Zabardast Si recipe❤❤❤❤❤,positive,negative,0.1166,0.7668
"I have attended live show, I feel guests karta vadhaare majaa toh tamne jova ma j aave.....plz plz plz make some changes, n koi b guests ne nai laavo plz....u guys have set high standards...",neutral,positive,0.1167,0.7667
"JD bhai , Hardik bhai already Golden Heart wala manas che ...atyar na jamane pan koi khoti tev nathi ....potanu ghar ane potanu kam bhalu...eva manaso have kyay nathi malta...etle Hardik bhai na face mate thayi ne koi Chokhvat ni jarur na hovi joiye ....ane main vat Hardik bhai ni kadach aa j quality joi ne Sandhya emni jode aavya  hashe",negative,neutral,0.1167,0.7665
Hoy dikri ne pan aatlu badhu,neutral,negative,0.1167,0.7665
Aisa nahi h k ye banana nahi aata par koi bhi dish banane se pehle aapki video dekhna mendatory ho jese I love your recepie mam.,positive,negative,0.1168,0.7665
1 to 9 all albums updated official album uploaded kro ne bhai moj avi jai kya office nathi avta,positive,negative,0.1168,0.7664
"Ela aa toh ""Yam hai hum"" serial na yamraj che 😍 aa pan gujarati che ee noti khabar mane 😭🫠",neutral,positive,0.1168,0.7664
jio mara bhagvan..kirtibhai je starting chene emaj ruvata ubha thai jay che..ane rytham ma tan tan varu..😍🔥,negative,positive,0.1168,0.7664
Bahut sundar Jay bholenath.......💖❤️❤️💖💖💖 Om namah shivaya......🙏🙏🙏,neutral,negative,0.1168,0.7664
"Team kindly let the guest speak just because he is not gujarati, don't take over. If you want to do the same don't post that stuff on youtube",positive,negative,0.1168,0.7663
GJ 24 vala moj thi farvana,negative,positive,0.1169,0.7663
Kabita mam Mai bahut jyada proud feel krti hu .aap par..jinhone apna bachha or ghar sambhalte huye khud ki pehchan banai....Mai chahti hu ki har Naari aage badhe apna naam kare....apse bahut bahut motivation Mila hai mam ..Mai apki video 8 years se dekhti aarhi hu...❤ always love you mam 😊,negative,positive,0.1169,0.7663
Jaydeep tare mango khavi nai ne su plastic plastic kares bhai hathe kari ne fajeto kares tui atyar sudhi tui plastic ni bag ma masi pulp rakhta ej khato 2 di gym ma java maindo tya bhuli gyo 1 varas pela na divso wah dost wah 😂 bhai khotu na lagadto ho just kidding and entertainment i m doing comments just chill 😎 ghar ma  savthi kamdhu koi hoi to masa hardik sarika sadhna pipeline ma che haju new member che atle😂,negative,neutral,0.1169,0.7662
Vah Vidvan Charan Guru Vah Gayaki ma Tamne koi na poche bap,neutral,negative,0.1169,0.7662
Bhavna ba ne najar lagi lage che….😅,neutral,positive,0.1169,0.7662
Wahh bapu Jai Dwarkadhish bahu saras bhajan gayu tame ane Tamra dikra e thakurji ni krupa che Tamra uperJai shree Krishna 🙏,negative,neutral,0.117,0.766
ભાવના ba ne રોટલા આવડે છે? કદી bnavta joya nhi,positive,negative,0.117,0.7659
"Jai, Shri Krishna to all and I want to tell you that nobody either Sarika or Bhavna Massi or Sandhya looks like anybody who are famous in the Bollywood Dollywood or anywhere they are itself a unique personality, and which is why we are here to watch your vlogs every day every time whenever you post wherever we are, we just watch your blog. We have food together and we talked about your vlogs which makes a quality time together for us as well. Most of the time people do only screen time but because of this kind of screen time while watching your vlogs, we find our quality time together as well when we discuss about something or we laugh about something so yes, it is inspiring. It is influencing in a very good way thank you so much for effort and Jaydeep Bhai thumbs up for capturing best content..you’re so talented.😊",negative,positive,0.117,0.7659
Sev ni naakho mem papdi naakho test owsm thai jase btw mast video che 😍😍,negative,positive,0.117,0.7659
Tame je gaav chone e lavari nthi pan tamari chokri je gaay che ane kare che eto lavari ney layak nthi,neutral,negative,0.1172,0.7656
Aa movie kya aave chhe plz kaho ne..😓🙁,negative,neutral,0.1172,0.7656
maa bas ak word kafi hai  kisike bap ma itni taqat nahi maa ke bare me kuch likh sake bhavna masi 🎉🎉bhagvan se bhi aage❤❤ maa❤❤❤❤❤❤,positive,neutral,0.1172,0.7655
Kenya me Barish nathi he,neutral,positive,0.1172,0.7655
Have to potane famous karva nikli gyaa 6,positive,neutral,0.1173,0.7654
"ma mogal na song nu singing is good but madam na expression love song hoy a va Lage che ...... Plz note down respected creative director, or designing team",neutral,negative,0.1173,0.7654
Ha Vikram Thakur jitu Pandya NI MOJ,negative,positive,0.1173,0.7654
Rotlo kadak thai Jay che,negative,neutral,0.1173,0.7653
Kachri કેવી કાળી લાગે કાચા ગુવાર હળદર મીઠુ નાખી ખાટુ પાણી હોય તો નો હોય તો કેરી નખાય એક રાત રાખી સુકવાય મસ્ત બને બફાય ny,positive,neutral,0.1174,0.7653
vikaram bhai supar,positive,neutral,0.1174,0.7652
Wela cam vikarm bhai,neutral,negative,0.1174,0.7651
comment section off karo બાકી તમારા ઘરમાં ડખો કરાવી ને પાર રેસે અમુક viewer 😅,negative,positive,0.1175,0.765
Guys! Yaad raakhjo..  bhaley ketla pann views ocha aave chhe RDR2 in streams par.. Bhai Tamara shiddat thi highlights banavdavi upload karta rehshe.,neutral,negative,0.1175,0.7649
Kirtibhai pheli bar sonlben sathe bethela joya amne khusi thi,neutral,negative,0.1176,0.7647
Waah kya baat h 😂😂😂,neutral,negative,0.1176,0.7647
Ha jiga bhai ha sachu kidhu 💯%,negative,positive,0.1177,0.7647
Mam aa khalwa chhe Emaa gau no lot pan hoy.,negative,neutral,0.1177,0.7647
કિર્તીદાન ગઢવી ad બંધ કરો please,negative,neutral,0.1177,0.7647
Vikram bhai jksss,positive,neutral,0.1177,0.7646
sabhi recipe lajawab or unique hai ma'am simple recipe ma'am ❤❤❤❤ magar product kaise mangwae ma'am,neutral,negative,0.1177,0.7646
Bhai Italy ma betho chu beer laine beach ⛱️ par lavari joi rahyo chu😂 ak number,positive,neutral,0.1178,0.7644
"Jignesh કવિરાજ ne lavo ...
bewafa na song gavdavaaa
Ghayal audience ne vadhare ઘાયલ કરવા 😅",positive,negative,0.1178,0.7643
Are wah shitalben sars banavyu che sak hu jarur try karis,positive,negative,0.1178,0.7643
"Are ishani dave , kinjal dave Ane biji singers karta tamaro voice amezing che 👌👌",positive,negative,0.1179,0.7643
Mujhe vi bohat mila pur koi bhi aap jasa nahi ha mere yaara💜💜💜🙈🙈,positive,neutral,0.1179,0.7642
Dil jitu aje bhaa 👌👌,positive,neutral,0.1179,0.7642
*DJ MANAN IN THE DROP*,neutral,positive,0.1179,0.7642
Makhan dhilu thay gu hoy to,negative,neutral,0.118,0.764
Bapu kai help joti hiy to k jo. Apde all india record che 1000 vaar complete kairi che game. 😅. Best time record 3.5 min no che apdo,positive,neutral,0.118,0.764
Jai shree Krishna 🙏 jd patel and family everyone hezu ne kanu ❤mojemoj rojeroj jaideep ni sweet family aunty  kal thi bhajan  chalu karjo Mara vala❤,positive,neutral,0.118,0.764
Sarika ji haldi wala garam Dudh pio . haldi se throught ka problem thik ho jayega.😊❤️,neutral,positive,0.118,0.7639
JAY AMBE MAA,neutral,negative,0.1181,0.7639
Tamari badha recipe sari hase,positive,neutral,0.1181,0.7638
A choli na dahivada banavo Sara’s lage,neutral,positive,0.1181,0.7638
Elvis ni job javani che Manan Bhai,neutral,positive,0.1181,0.7638
Ha tamre dosti,negative,neutral,0.1182,0.7636
jay ma mogal mogal,neutral,negative,0.1182,0.7636
Jai shree krishna 🙏🙏 Aap kha se h 😊,positive,neutral,0.1182,0.7636
Waiting for you two music video please milega kya ❤️❤️🥺🥰,positive,neutral,0.1183,0.7634
Wah kirtidan bhai dil thi song gayu che bhai ma Sonal tamari har manokamna puri karr bhai Congratulations & all the best Mane Tamara song ma Abhinay karvano moko Malti te badal aabhar,neutral,positive,0.1183,0.7634
Mare nathi yad aave bov sasu ni,neutral,negative,0.1183,0.7634
Kabita ma'am aap ka to kya kehna...❤❤,neutral,negative,0.1184,0.7633
Ha charan samaj no ગૌરવ 👑👑👑,neutral,negative,0.1184,0.7632
Saras natak,positive,neutral,0.1185,0.7631
Jay davarka thish,positive,neutral,0.1185,0.763
ap me nasha to afim se vi jeyada hain🥺🥺,neutral,negative,0.1185,0.763
Prem ne mane e pgl loko kevay,positive,neutral,0.1186,0.7629
"Please gujrati mei itna baat kyu karte h
Hum hindi sider ko samjh nahi aata",positive,neutral,0.1186,0.7628
"khub saras bhai
jay ma mogal",positive,negative,0.1186,0.7627
"DINU DADA KUVA NAAM RAKHO ,DINESH BHAI NI MEHNAT ANE ENI MEHNAT NA PAISA EMA NAIKHA CHE , ,AAGLI PEDHI NE YAAD REVU JOIYE KE EMNA DADA NI MEHNAT ANE PAISA NO KUVO CHE , FROM CANADA ❤❤❤❤",neutral,negative,0.1186,0.7627
Am k fotre  ki sabji  bhi  banti hai,positive,negative,0.1186,0.7627
Makhan to dhovanu j hoy ne,neutral,negative,0.1187,0.7625
Mere Ghar pe hai couple toilet 🚽.... Ek Indian toilet or english toilet dono ek me hi hai.. baju baju me..... Ek Indian toilet use kare to dusra english toilet dono sath me 😅😅😅,neutral,positive,0.1188,0.7625
Jaydeepbhai hezu ne Sandyakaki bolvanu kaho.... Gujarati ma  relation pure lage....❤,positive,neutral,0.1189,0.7623
"Om bhai, me jami lidhu pan hath dhovana bhuli gayo, eathha hatha a bar nikdi gayo, ave su karu?😢",positive,neutral,0.1189,0.7623
Thank you for 2 vlogs today...jDbhai 1 request che ...Sarika bau j talented che ema koi doubt nathi...pan have amuk planning ma Sandhya ne chance aapo jethi ame Sandhya ni creativity joi sakiye... suggestion j che Khali...banne ma koi competition ke comparison nathi karava mangta,negative,positive,0.1189,0.7623
Jay ho kanha......🙏🙏🙏🙏,positive,negative,0.1189,0.7622
more videos please. aa jamnagar vala ne bolavo tamara stand up comedy tour ma. jalso padi jashe.,negative,neutral,0.1189,0.7621
Aa maap thi ketla samosa banse ?,neutral,negative,0.119,0.7621
"jay mataji, khub maja padi gay",negative,positive,0.119,0.7621
Jay ho Mogal,neutral,negative,0.119,0.762
Colour karanese bal jyada safed ho jate he,positive,neutral,0.119,0.762
A1 bhai khub jiyo mataji na ashirwad tamara par saday varsta rahe,positive,negative,0.119,0.762
Jay Dwarkadhish Radhe,positive,neutral,0.1191,0.7618
Ek Radha Ek Meera full Movie Upload Karo Plz Kon Kon full movie ni rah joi rahya se! Like here 👇👇👇,negative,positive,0.1191,0.7617
Fan thay gyo hiro no good ❤,negative,neutral,0.1192,0.7617
Jay mogal Krupa sada rahe 👏👏👏,negative,neutral,0.1192,0.7616
vikramji mast lage ho 😁😁😁😁😁😁😁,negative,positive,0.1192,0.7616
Makhana na hindola mast Lage che,positive,negative,0.1192,0.7615
Australia k Canberra k subway  meri sister k hi hai. Patel's hai woh log.,positive,neutral,0.1193,0.7615
Par akshita di toh dikh hi nhi Rahi..🤧 haan haan pata hai woh hi video bana rahi hai.. but fir bhi 😗,positive,negative,0.1193,0.7614
"Kirtidan bhai Radha Hu Pukaru...🙏 Khas chhelo antro "" Have Avte Bhav Radha Thavu Mare "" 💐🙏",negative,neutral,0.1193,0.7614
Bahu bahu saro,neutral,negative,0.1193,0.7614
Fate fate am  Gujarati industry's no badasa ❤😊,positive,negative,0.1193,0.7614
Aama vinegar nathi add karyo mem,positive,negative,0.1193,0.7614
""" He jag janani, he jag damba... Mat bhavani sharne leje "" Aa amari farmaish chhe 🙏🏻 -SUMAN PATEL",negative,positive,0.1194,0.7613
tame surati chho...100%,positive,negative,0.1194,0.7613
Aa sak ma kanda nai aave . Aa Original recipe ma kanda. Aavta j nathi,neutral,negative,0.1194,0.7613
"tried to copy ""zaruri tha""",negative,neutral,0.1195,0.7611
"JD bhai  kuch sal pehle bahot challenge karte the wo bhi special khane ka  (khakhipav,subway,mcd,brucetaa,coldcoco ......etc)
jab se unhone gym start Kiya he na to wo khud khate he na dusro ko khane dete he
So please health jaruri chhe pan sav aam audience nu to vicharo",negative,neutral,0.1195,0.761
Jd manta to nathi lidhi ney key bussiness chalu thay pachi vaad kapavis .modha karta to vaad mota lagey chy,negative,neutral,0.1195,0.761
Location kone mane Sarika ben Gaya che enu resort nu,positive,neutral,0.1195,0.761
Bhavna ben must saree pero aaje aavi kem pery,neutral,positive,0.1195,0.7609
Sandhya ne kitchen Kem sopta nethi,neutral,positive,0.1196,0.7609
JaY Vihat Maa @ Sanand Temple 🙏🏻💫❤️,negative,positive,0.1196,0.7609
CONTECT NUMBAR SEND SIR,negative,neutral,0.1196,0.7608
Oven na ho to kaise bnaya,negative,neutral,0.1196,0.7608
All tim miss you માઁ 😢,positive,negative,0.1196,0.7607
Please share link forthe pan used,neutral,negative,0.1196,0.7607
"Jordar, song se",neutral,negative,0.1196,0.7607
Aa samdi bard che,positive,neutral,0.1197,0.7606
Kyare aavvanu se.. Album,positive,neutral,0.1197,0.7605
Aam karvani shu jarur che jaya sudi aam mame thaya shudi khavai,neutral,negative,0.1198,0.7605
Bade log shi bolte h jai sasu ma ki,negative,neutral,0.1198,0.7604
Hamare  Rajasthan mai to bajri no daliu Or sakar Or til  ghee milake  banate hai  kididan,neutral,negative,0.1198,0.7604
It's good to crispy test 😋,positive,neutral,0.1198,0.7604
Sir obc female mate chaln nthi,neutral,negative,0.1198,0.7604
😂😂😊 khud Bahar jaate Hain to kuchh nahin😊😊 aur mere Aunty Ji ko dant rahe ho😊😊😊😊 aur aunty ji aap bhumika didi ko acche se pyar Karo😊 uncle Ji ko Happy fathers De bola tha na bhumika didi ne bataya tha unke video mein😊 uncle ji kabhi bhumika Didi ke bare mein kuchh nahin kahate Hain ya kuchh baat bhi nahin karte Hain😊 uncle ji bhi pyar kam karte Hain😊 baki sab achcha hai,positive,negative,0.1199,0.7603
Wah jiga Bhai Wah,positive,neutral,0.1199,0.7602
Sarsa dekhay che 👌👌,negative,neutral,0.1199,0.7602
હું તો.. આ ગીત 🕉🎼🎤🎧માં ખોઈ ગઈ.... 🤗Very... NiCe 🎶SoNg,positive,negative,0.12,0.7601
ssss mast Vikram 2,neutral,negative,0.12,0.7601
Jay ho gkts,neutral,positive,0.12,0.7601
"With all due respect to Kerala story, I am sure the stories would have been true. I would appreciate if same light is shed over Godhra hathyakand 2002, Bilkis banu rape and massacare.",positive,negative,0.12,0.76
"Kem cho manan sir 🤝, sorry aaje thoduk vellu nikadvu padyu meeting maa thi 😅🤌",negative,neutral,0.12,0.76
Kirtidan bhai pela jem lokgayak gujarat jeva program chalu karavone,positive,neutral,0.12,0.76
Namaskar shaheb  Abhar  tamone malavu chhe shaheb,neutral,negative,0.1201,0.7598
Me mari janu bav hachvi,negative,positive,0.1201,0.7598
"Aa parane dat kadhva jaruri chhe.?
Normally vaat kare chhe. 
Atlu bdhu hasvu aave avu kai chhe nai.",neutral,negative,0.1201,0.7597
"Manan bhai Tamne kayu sevsad bhave mahakhadi ,gunjan, la-la nu",positive,neutral,0.1201,0.7597
"Rice ka crops 4 month बाद milta hai,diwali ke बाद कटाई  hoti hai😊 from maharashtra",positive,neutral,0.1203,0.7595
Masi ne moneco ki biscuit dali thi hamne oriyo cream biscuit dala 😄 oriyo cream biscuit yaad raha jd bhai ko apne video may bola Thanks 😊❤,positive,neutral,0.1203,0.7594
Haa jiga bhai Haa Tamari moj chhe,neutral,negative,0.1204,0.7593
Khare Khare man mohi le che aa song,positive,negative,0.1204,0.7592
KHATARNAK CHE,positive,neutral,0.1204,0.7591
ending jordar hoy 6e video ni 🤣,positive,neutral,0.1205,0.7591
Jay babari Lalpur mini ranuja vada,neutral,positive,0.1205,0.759
"Aap Anuj sharma ji  ke  Bhagawad geeta ke video suniye, aapko acche se samaj aayega",positive,negative,0.1205,0.759
Jay sonal maa 🤗❤️💯👑❤️🤗💯🙏❤️🤗💯🙏❤️🤗💯🙏🌎 ok 😊,neutral,positive,0.1205,0.7589
Yarr Bhavin ke hi itne km likes kyu ate hai..😥btw Bhavin you are  amazing😍,positive,neutral,0.1206,0.7588
Dada vasai west ma kaya reta hata bov sari vat kare che bov maja aavi gay Jaydeep Bhai,negative,positive,0.1206,0.7587
Wow papita se bahut badhiya recipe share ki hai ma'am aapne ❤❤❤😊,positive,negative,0.1207,0.7587
Dines bhai tal bahuj saras se,positive,neutral,0.1207,0.7586
"પહેલા સાંભળા વગર જ લાઇક કરુ તમારા ગીત માં ખોટ ના હોય ,Nice Vikram bhi",neutral,positive,0.1207,0.7586
Aa vijdi ne ko avta varse aave😐,negative,neutral,0.1208,0.7583
Vikram bhai tamari film mo Gujarati channel colours Gujarati cimema channel ma mek please 🙏,positive,neutral,0.1208,0.7583
Waoo ma'am maine kabhi try toh nahi kiya magar dekh kar hi maza aa gaya ❤❤❤❤❤,negative,neutral,0.1209,0.7582
Haટાઈગર હા,positive,neutral,0.1209,0.7581
Ajj kal.mimum 500 expected😂,neutral,positive,0.121,0.7581
satadhari pax ne chinta hoyaj,positive,negative,0.121,0.758
What to do to avoid dents in the gulab jamun,positive,negative,0.121,0.7579
Sharikha ji tame Kem sahan karo cho atali garmi ma smile thaiy jawabapo cheo amaro to batloj fatijayche,positive,neutral,0.1211,0.7579
Kayu mandir che video ma??,negative,neutral,0.1212,0.7577
Jay babari jordar,neutral,negative,0.1212,0.7577
Wah khub khub Abhinanadan kaviraj 🎉❤️,neutral,positive,0.1212,0.7576
Haa Bhai Ha ❤❤,negative,neutral,0.1212,0.7576
Ha jagu dada 😢😢😢,negative,positive,0.1212,0.7576
Bov saras kirtibhai....,negative,neutral,0.1213,0.7575
Su movie che boss kya baat hai 😂,positive,neutral,0.1213,0.7575
Kya bat hai bro wedding industry ko sach ne kuch naya Mila with traditional touch .....❤️,positive,neutral,0.1214,0.7573
I want to join but the timings I’m not sure cos I’m in America 😊,positive,neutral,0.1214,0.7573
Deshbhakti nu ek song Banavyu hot to Maza aavi jaat Ho Vikram bhai Nice dosti song,neutral,negative,0.1214,0.7572
Pan have shahabuddin saheb ek nu ek j bole 6e.,neutral,positive,0.1215,0.7571
Sachi vat chhe baa ni,positive,neutral,0.1215,0.7571
"Ha Sir sachu kahyu aevu feel ave che
But Bad luck This Years Navratri Na Thay",positive,negative,0.1215,0.7571
"Aam-ras nai, aam ki gutaliya dalane ki hoti he, and thin honi chahiye, ye bahot thick banaya he....... akhi gotali nakhi ne banavay.....Bau juni recipe chhe ....Varsho thi bane chhe Fajeto...",positive,negative,0.1215,0.757
Jio ma send kar va mate karo jignesh bhai,neutral,negative,0.1216,0.7569
Please try to arrange the Lavari with Anant Ambani.,positive,neutral,0.1216,0.7568
aama chash nahi nakhvani ne,negative,neutral,0.1216,0.7568
Maja aa gya aaj mai 2nd baar bana raha hu 😋,negative,positive,0.1216,0.7568
Va જીગ્નેશ કવિરાજ supar song,positive,neutral,0.1216,0.7568
Please visit Ranchi ma'am. Would love to host you😊,positive,neutral,0.1216,0.7567
Gujarati thy ne modhera nathi khaber,positive,neutral,0.1217,0.7567
ha gujrat na superstar ha,positive,negative,0.1217,0.7566
Jai bar bij na dhani,positive,negative,0.1217,0.7565
Gitar no avaj nthi aavto tamare aave se,negative,neutral,0.1218,0.7565
Khub saras banglo,positive,neutral,0.1219,0.7563
Bapo bapo Jay murlidhar maharaj,neutral,positive,0.1219,0.7563
Aapki vedio mai actually bhot phele se dekh rha hu and you're the inspiration of me to make me a home chef but the thing is about voice❤. Actually about the voice is now getting too low as compared to before. I'll like to please be little louder at voice. Rest all the vedios are outstanding 🫂,neutral,positive,0.1219,0.7562
Tame papaad nu khar kem add karididi,negative,neutral,0.1219,0.7562
ગઢવી સમાજ માં first વખત દેશી ઢોલ ના tale ઉતર ગુજરાત ના લહેકા માં ગીત ગાનાર કીર્તિ દાન ગઢવી...🏆👀,negative,positive,0.1219,0.7561
"👌👌👌😊😊haaa ભાઈ,,, હવેં shu કરશો,, ભઈલું 🌹🌹જય વીર...... એવી દુઆ કરું વિરને.. Ke ભાઈની આત્મામાં થોડું ઠન્ડુ પાણી રેડો 😊😊 ..🙏🙏🙏nice song 👍👍",negative,positive,0.122,0.7561
Mem saras che,neutral,positive,0.122,0.756
Daily yoga khane me home food only Sargava na paan ki roti anushashan khub raheta hai tabhi ye sab hota hai modiji ka hum ne suna hai kahise,positive,neutral,0.122,0.756
Hamare kuldevta hai Shyam baba. Bacchon ka mundan hotey hai wahan. Kyunki Shyam baba hare k sahara hai jo harne lagtey woh unke sath ho jaatey to yudh kabhi khatam nhi ho pata. Isiliye Krishna bhagwan ne aisa kiya. Aur bheem k putra nhi potra they Bhim k putra Ghatotkach . Aur Ghatotkach k putra Barbarik jo aagey chalkar Shyam baba kehlaaye.,neutral,positive,0.122,0.7559
Vaat to sachi chhe,neutral,positive,0.122,0.7559
33:43 etla loko nathi jota k viral thai jai 🥲🥲 though I watched all the lavari episodes,negative,positive,0.122,0.7559
Jay shri Krishna 🙏🏻sorry to say that Have tmaro vlog thodo thodo boring lage chhe pela bau mja avti ti hve khbr nai nahi mja avti pela recipe no video avto bau mja avti,negative,neutral,0.1221,0.7559
Mane khub j bhave chhe Hu dumas ma kaki ni khava jaye chhe Hu jarur thi banavis..thank you,negative,positive,0.1221,0.7559
Maye gai system ane chakrwat,positive,neutral,0.1221,0.7559
Khub Sara's,positive,neutral,0.1221,0.7558
yaha pr Billa ko bel fal kehte h . is ka murraba banta h. bahot gunkari hota h. busri baat aap hardik or sandhya ko salah suchan itni mat Diya Karo jaise woh jeena chahte h jeene do. aap ko koi etni salah de toh achha lagega? ni  na? papel paaji🙏,neutral,negative,0.1221,0.7557
In Chatniyo ko bnana to sikhaye.,negative,neutral,0.1222,0.7557
Bahu saras telent lai ne aavo cho bahuj gamyu,positive,negative,0.1222,0.7557
Atlu khas nathi,positive,neutral,0.1222,0.7556
Aa Full Song che,neutral,positive,0.1222,0.7556
Jay Ranchhod Jay Dhwarkadhish,negative,neutral,0.1222,0.7556
🙏🙏Jay Ambe MAA 🙏🙏,neutral,positive,0.1222,0.7556
Nat me dakhha ho gyi ..😊😊😊 glow dikkh rahi he jdji.,neutral,positive,0.1223,0.7554
Tamara geeto n bhajan sambhdi ne maara jivnma khub j badlav aavyo che baapu ane tamne j divase na sambhdu maaru man n aatma shant nath retu ...,negative,positive,0.1223,0.7554
Jay Goga bapa Jay chehar ma Jay mataji,negative,neutral,0.1223,0.7554
Pichli video me to aapne pista dalne se mna kiya tha,negative,neutral,0.1223,0.7553
Mari Jode git se mokalu,positive,negative,0.1224,0.7552
Bahut achhi movie hai ❤❤ Hu gujrati nathi pan Mane gujrati song movie game chhe,neutral,negative,0.1225,0.755
Ma'am..soda k eno add nahi karvanu?,neutral,negative,0.1225,0.755
Bhai ben mate badhani jode ladi lei chhe😂😂😂😂😂😂😔😔😔😔😔😔,neutral,positive,0.1225,0.7549
"bhavin - find mistake
bhavsena fangirls- hume to bas ap hi dekh te ho apki mistake kha dikhti hai",positive,negative,0.1225,0.7549
Ha mara vikram thakor. Tamari moj Vikram bhai thakor \\એક રુડી રે રૂપાળી જાણે પરીઓ ની રાની મારા સપના માં આવી રે એક છોકરી રૂપાળી આ ગીત બનાવો,negative,positive,0.1226,0.7548
2022 mate record kryu tu k su 🙄,neutral,negative,0.1227,0.7547
"Hun jain chu ame jyare pan mango ni season ave tyare fajeto, mag ni chuti dal ane basmati rice khaiye..bahu j tasty lage...",neutral,positive,0.1227,0.7546
Bahut sundar chutney ma'am 👌👌👌👌❣️❣️❣️❣️..... Iska thoda aur simplified version hamare ghar me mummy bnati thi......bas kuch ingredients ka her fer hai........but tasty to sach me ye.... 👌👌👌👌👌👌👌👌Thank you ma'am 😊for adding all best cuisines ( desi❤ ) to our menu...😊,neutral,positive,0.1227,0.7546
Me mari ma ne Joi nathi jiga bhai,neutral,negative,0.1228,0.7545
શહેરોમાં RCC રોડ ના લીધે ને ગટરો નું પાણી ઉભરાય એટલે તમને વરસાદ વધારે પડ્યો હોય તેમ લાગે,neutral,positive,0.1228,0.7544
"abhishek we knew ur not arrogant 
ignore all the negative comments just be u",negative,positive,0.1228,0.7544
"વાહ વાહ.... પરફેક્ટ. 👌👌 જ્યોતિબેન તમે મીઠાઈ માં કેટલું માપ લો છો તે તો બતાવો છો પણ તેટલામાં કેટલા ગ્રામ મીઠાઈ બને તે કહેતા જાવ, તો એક idea આવે. આપણે સામાન્ય રીતે એક કે અડધો કિલો ખરીદતા હોઈએ છીએ. અંદાજ આવે અને તે પ્રમાણે બનાવી શકાય.",neutral,positive,0.1229,0.7542
sir ganesh chaturthi par mix gane gana 10-20 gane mix filmy ganesh ji ke or same rydem par maja aa jana chahiye jaise sawan ka mix hai sawan ko ane do chum chum baje lakh sagar ho gahra to kya meghq re megha re ase pranam 🙏,neutral,negative,0.1229,0.7542
suport karjo jigabhai ne.....jay mataji,neutral,negative,0.1229,0.7542
Uncle ae mast kuvo banavi didho😊 Have jaldi ghare aavi jav😊Mahenat rang lavi😊,neutral,positive,0.123,0.754
"તમે તમારો સમય કાઢી ઘર ના કામ કરો માં નું હાંભણ બાકી તમે આળસુ તો chojh જીમ માં ban કરવાથી વદારે માં બાપ માનવું મોટી ઉદારતા છે તમારી ફેમિલી એક નંબર છે બાકી બધું મૂકો મુછો વગર તમે વાંદરા જેવા લાગો છો
જે શ્રી કૃષ્ણ ખોટું લાગ્યો હોય તો બે રોટલા વદારે ખાઇ lejho",positive,negative,0.123,0.754
Mam karela nu lot valu sweet taste nu saak n aapde surat ma male te cold bhel chiness taste ni aadajan ma male te rcp share krso,neutral,negative,0.123,0.7539
Jd bhai morbi ma rain nathi avti karo ne kik plz 😅,negative,neutral,0.123,0.7539
"Bhai.... generally I am silent viewer, never post a comment on any Youtube video. But this video is at the top-top-top level... So much fun and big laughs. (Pappa baju na room mathi avi ne bolya k ""Gando to nai thy gyo ne"") 😂",negative,positive,0.123,0.7539
Jaydeepbhai jo aapne bola vo ek dam sahi hay 🙏😊,neutral,positive,0.1231,0.7539
Dil khus rahe bhai,negative,neutral,0.1231,0.7538
Sheetal didi  tamari badhi recipe   sari.  Hoy che,neutral,positive,0.1231,0.7537
umesh rajput jay ho charan,positive,neutral,0.1232,0.7536
Gujarati ma pan Ravi filmography bane cheers....?,negative,neutral,0.1232,0.7536
Bhuj saras chhe,positive,neutral,0.1232,0.7536
Jig@... bhai Sara's song banavyu 6..,positive,negative,0.1232,0.7536
Jaydeepbhai aaje to vlog jota gaya ane comment karta gaya. Last ma je tame aapni body na bare kidhu ne te khub Gamyu. Aatla divas je khadhu pidhu je karyu te pan have nahi svasthy saru hase to badhu saru. THANK YOU SO MUCH🙏🙏,positive,negative,0.1233,0.7535
KHEDA THI FULL SUPPORT BHAI NE,neutral,negative,0.1233,0.7534
Ye to hona hi tha.,positive,neutral,0.1233,0.7534
a badsa bhai,negative,neutral,0.1233,0.7533
Keltla divas pasi saru song avyu🎉🎉🎉,neutral,negative,0.1234,0.7533
Diwas ni saruaat tamara video thi thay to moj padi jaay 😁,positive,negative,0.1234,0.7533
Model use karyo hot to saru hatu...,neutral,negative,0.1234,0.7533
Hardik pandya ne lavri ma 0:00  lava nu kaik karo ne aa pn Gujarati j che ne 😁😁🫡,positive,neutral,0.1234,0.7532
Jay meldi. Maa❤,positive,negative,0.1234,0.7532
"સબંધો છે ભાઈ, ક્યારેક માનવું પડે અને ક્યારેક મનાવવાય પડે ખુલાસો કરવાથી મન હળવું થાય પણ ખોટી જીદને પકડી રાખવાથી કોઈનું ભલું નહીં થાય ગમે તેટલાં દૂર હોય, તો પણ ""આપણાં એ તો આપણાં"" જ રહે.........✍🏻* 🍁₲๑๑d ℳorning🍁 🙏Jay mataji 🙏",negative,positive,0.1234,0.7531
"Bhai dil jiti lidhu yaar tme to 😍😍😍
Have to mare pan dwarka javu pdse bhai 🌼🙏🫀",positive,negative,0.1234,0.7531
Khub j saras recipe che ma'am. Just kaale j sanje mai try kari aa recipe and khub j tasty halvo banyo ...... Thank you......🙏,negative,positive,0.1235,0.7531
Ben Ekdum Mast Testy Recipe Shikhwadi Bahuj Saras 👌👌🙏 U Ben 🙏🌹🌹,positive,negative,0.1235,0.7529
"Nai majaa aavi aa episode ma team lavari...good efforts, talented guests, but not upto to the mark....paraaane pataavyo episode, since can't skip any episodes even if it doesn't work to the audience. 

As a regular viewer, I feel I have right to comment and put up our thoughts...last ghanaa episodes ma nathi majaaa aavi....plz work on it...havey excitement nathi aavti new uploads ni...",negative,positive,0.1236,0.7529
Jay Babari 🙏🙏🙏 Mr paliyad vada,positive,neutral,0.1236,0.7528
Hu ready Patti Hakeem chichi mathi lavi ne samosa banav chhu,negative,neutral,0.1236,0.7528
Dhire dhire se meri jindgi me aana.....mari frmais hti.....thank u,negative,positive,0.1236,0.7528
Ha maja Ha,neutral,positive,0.1237,0.7527
kabitaji tumi khub sundar khichuri baniyechho anek ane k danya bad very very taste purnima katihar Biharthheke bye,neutral,positive,0.1237,0.7527
jay meladi bhai,neutral,negative,0.1237,0.7526
Hope k aa tiffin series ma routine dal saak ni rcp chalu j rhe👌👌,negative,neutral,0.1238,0.7525
Hu sure try karis ..,neutral,negative,0.1238,0.7525
Rinku ke vblog me choki dani dekhi .Dono sister bahut Hasti thi majja a gya dekhake.Masi tc .Masa ko respect jayada do bhai.,neutral,negative,0.1238,0.7524
Jay Sonal bijj,positive,neutral,0.1238,0.7524
"Jaydeep bhai bau dhila 
Sarika didi kevu kam kare che",positive,neutral,0.1239,0.7522
આતો ટેલર છે પીચ્ચર હજી બાકી છેઃઃKing Fo Vikram Thakor..હા મારા ઠાકોર સમાજ નુ અનમોલ રતન ંવિક્મ ભાઈ ઠાકોરઃઃખુબ ખુબ અભિનંદન ભાઈ,negative,positive,0.1239,0.7522
Khub sundor rajuaat che. Hu pan youtuber che,negative,positive,0.1239,0.7522
Bhai aa official Chennal se tamri,neutral,negative,0.1239,0.7522
Mane tamari recipe bhu game che mane aavdtu hoy tobi ek var tamari recipe joine j banavu chu mane cooking no bhu sokh che,positive,neutral,0.124,0.752
Su Vat Che 👍Moj Moj👌,positive,neutral,0.124,0.752
Boj sundar awaj che VT,negative,positive,0.124,0.752
Ma'am muh mai paani aagaya 🙏❤,neutral,negative,0.124,0.7519
"Mam આપ પ્રતીલીપી ગુજરાતી એપની એડમાં આવો છો? અવાજ 100% તમારા જેવો જ હતો, એટલે પુછું.",negative,positive,0.1241,0.7518
Movie bahu saras che yaar ❤❤❤,neutral,positive,0.1241,0.7518
Bhuj  saras,positive,neutral,0.1241,0.7517
Kisse pyaar hai?😁.. meri bestie se?😁❤️,positive,neutral,0.1243,0.7515
Vikram bhai haju nathi aavyaa😢😢😢😅😅,neutral,positive,0.1243,0.7515
Ha 🐅 ha Hu to tamaro divano su Gujrat ma ak j Superstar 6 Vikram Thakor,negative,positive,0.1243,0.7514
Jignesh bhai plz spot mi,positive,neutral,0.1243,0.7514
Khoobaj saras mara bhai ne aaj che aapni gadhvi ni olakh,positive,negative,0.1243,0.7514
14:00 Comedy Factory nu j song joine toh hu sikhyoto. Tmne kyanthi na khbr hoi baporiyu su 😂,positive,neutral,0.1243,0.7513
Amdavad ma saakahaari se ne to pachi kem,negative,neutral,0.1244,0.7513
Aatmaram Thakor Sathe kyare aavso navu movie lai ne,negative,neutral,0.1244,0.7513
Ha bhai jay mogal,negative,neutral,0.1244,0.7512
"Mam , agar bunamane aapki dress look sundar hai, agar online hai to please link share kare",negative,neutral,0.1244,0.7512
Tamaro awaz khub saras che. Radhe Radhe. ❤,positive,negative,0.1244,0.7512
Tari sathe movie Mane game che jinal ni,positive,neutral,0.1244,0.7511
Bahu j saras,positive,negative,0.1245,0.7511
GUJARATI RAAJ KARTE HAI KAHI BHI 🔥,positive,neutral,0.1245,0.7511
"Sir hu Gujarati ma pubg funny Gamplay nakhu chu 
Mobile thi edit karu chu tamara bus 
5min.. magish video 
#classicgujju Par mali jase  
Jojo Plzz Hu pan Meme Nakhi ne Edit Karyu che Plzz Bus Ek varr joi lyo tamne gamse",neutral,positive,0.1245,0.751
Sachez  kothmir monghi che. 😅😅,neutral,positive,0.1245,0.751
Ha jiga Maro jiv,negative,neutral,0.1246,0.7508
એંધાણ નું હિન્દી अंदेशा  થાય,positive,neutral,0.1246,0.7508
અરે વાહ part 2 aave ગીયો tack care 😊,positive,neutral,0.1246,0.7508
Vah kirtidan uncle tamari sathe sathe krishna bhai pan rajkot nu gaurav banse,neutral,negative,0.1246,0.7508
Me bhi same masale use kr ti hu but me lemon salt Ginger garlic paste se marinate karti hu uske bad masala paste me coat karti hu andar tak masale coat ho jate hai,negative,neutral,0.1246,0.7508
Hello Kavita jee. ... Maine aaj apki recipe follow kar ke Methi paratha banaya hai....bahot bahot super duper tasty bana hai ha thoda sa salt kaam hai but taste ek number...khasta bana ....thanks 👍❤,positive,negative,0.1246,0.7507
bhai hu dwarka thi chu... Jay Dwarkadhis 🙏🙏🙏🙏,neutral,positive,0.1247,0.7506
Ravi Teja na movie ma pn joya che❤,neutral,positive,0.1247,0.7505
Supar hitt song..... Ha jiga bhai Barot Ha,positive,negative,0.1248,0.7505
Ha tamari jodi ha,neutral,negative,0.1248,0.7505
Didi kya aap Bengali ho?,negative,neutral,0.1248,0.7504
Here for Aniket bro ... jay shree Krishna 🙏👍✨️,negative,neutral,0.1249,0.7503
kirtidan gadhvi hu tamaro fan 6u but Jeni Loko pooja kre 6 ene tame pag ma gasedo 6o aa vastu khoti 6 mara saheb 🙏🙏🙏@kirtidan Gadhvi,negative,neutral,0.1249,0.7503
Paresh rawal aavya che to 1 million kari do yaar😸,neutral,negative,0.1249,0.7502
hal ma YouTube par koi navi film kem nathi aavti,positive,negative,0.1249,0.7502
કાકા એમા તમારી ભૂલ છે તમારી પાસે કોણ આવેલું અને તમે શાને માટે પૈસા રોકેલા આ કોઈ investment plan નથી એવું દરેક મિટિંગ મા કહેતા હતા.,negative,positive,0.1249,0.7501
JAY THAKAR OLL,positive,neutral,0.125,0.7501
i miss ba 😭😢😢😭,neutral,negative,0.125,0.7501
જીગા ભાઈ તમારાં ગીત તો દિલ માં લાગી જાય છે યાર I miss you my Jaan 💞💞💞,neutral,negative,0.125,0.75
Kasam thi jignesh kaviraj big faaaan💓💓💓mara dil na guru etle kaviraj jay Sonal maaaaaa....,negative,positive,0.125,0.75
Gta and RDR2 sivaay tamne jovani majja best horror ma aj aave che. Resident Evil ramo ema wachaka bhoom pan karvanu aavse,neutral,positive,0.1251,0.7499
Sath me nhi rhne wali bahu or sabse choti Bahu ka saas ke sath aisa hi bonding hota hai,negative,positive,0.1251,0.7499
Aane bolayo to have vijudi ne pan bolavo,neutral,negative,0.1251,0.7499
Badhu saru dhay jashe badhu bhagwan par che kanaji badhu saru karesh,positive,negative,0.1251,0.7499
Bhavin jab camera apki taraf hua. Na to vo view zyada achha tha,positive,neutral,0.1251,0.7498
🌷🙏🏻🌷maa mane darshan mate bolavjo...🙏🏻...,negative,neutral,0.1252,0.7496
Bhai aje mane Tamara mate bahu lage avu  rat divas dimag vaparine vlog banavnaranu Mansik kam gharna ane bahrnae alsu ane kamchor Kahi  utari padu Tame Jani joine hasavama  lochokaran tame jano Cho ke sab ka sath Che toj ahi sudhi no Vikas Thayer che,positive,negative,0.1252,0.7496
Wah masta chhe haa...kirti saheb ane Joneshbhai joy to moj j hoy chhe,positive,negative,0.1252,0.7496
Bollywood ma saro actor che pan bahu underestimated kare che,positive,negative,0.1252,0.7496
Sandhya ni bav udare che ho badha jaane Sarika to kai khati j nai hoi arvi rite vat kare che jaydeep,neutral,positive,0.1252,0.7495
આ ગીત sk માં બોવ વગાડું સુ હો,positive,neutral,0.1252,0.7495
Khubj saras,positive,neutral,0.1253,0.7495
Jay ho thakor samaj,positive,neutral,0.1253,0.7494
Tame nazar utari dejo jd bhai get well soon,neutral,positive,0.1253,0.7493
Devayat khavad ne  bolavo have 😂,negative,neutral,0.1254,0.7493
Manan bhai bau Consistantly  videos upload karo chone  Alvis ni salary vadhari che lage 😁😁,negative,neutral,0.1254,0.7493
મારી સોનલ ને બોવ miss કરું છું 😢,positive,neutral,0.1254,0.7492
Kaal mera board ka paper hai aur me aap logo ka video thek raha,positive,neutral,0.1254,0.7492
Ha mara gujarat na tiger ha,negative,positive,0.1254,0.7492
Ha jignesh bhai boom boom noom 💢💣💢💣💢💣💢💣💢💣,negative,positive,0.1254,0.7492
Tamaru ghar surat ma kya raho cho,neutral,negative,0.1254,0.7492
👌👌👌👌👌👌 Vikram thakor bhai bhulsho nahin Send message karo like karo share karo bhai🙏🙏🙏🙏,positive,neutral,0.1254,0.7492
Mane khubj bhave chhe.,neutral,positive,0.1254,0.7491
Khub j saras recipy ame try karishu,negative,neutral,0.1255,0.7491
badhaa celebrity ne bolaavo j chho to have saurabh dwivedi ne pan bolaavi j lo,neutral,negative,0.1255,0.749
Jay mataji baap.. Just missing benjo,negative,positive,0.1255,0.7489
Supar song mota bhai,neutral,negative,0.1255,0.7489
Jene tame important samjo e tamne kay nathi ganta 🥺🥺,positive,neutral,0.1255,0.7489
gujarati recipe tame saras rite banavo che.nice mam,neutral,positive,0.1256,0.7489
Mast pakoda banavya,neutral,negative,0.1256,0.7489
Ronak che,neutral,positive,0.1256,0.7488
Bohut he zabardast❤,negative,positive,0.1256,0.7488
Jaydeep tamara pappa sathe sari rite vat karo tevo bahu menat kare chhe temani udavo nahi,positive,neutral,0.1256,0.7487
Jay sonal MA Jay mogal,negative,neutral,0.1257,0.7486
Yeh tricks hai 😂 video ke naam pe roz roz naye naye khana khane ka 🌚😂 bhavinnnn we know you 🌚😂,neutral,positive,0.1257,0.7486
Bhavin Please Make A Vlog On Wrestling Challenge Please 🙏 Bahut Maza Ayega 😅,positive,neutral,0.1258,0.7485
Jay hnuman. Layk. Karo,neutral,negative,0.1258,0.7484
Mane to bhavna mashi bahu game che,neutral,positive,0.1258,0.7483
Jaydeep you have traveled all over the world and you know that plastic bottle reuse is not good at all. Please throw those plastic bottles away use glass bottles that’s much better.,negative,positive,0.1258,0.7483
Bhanya nathi masi pan ganya etlu cho k ghar ne ek sathe Jodi ne rakhyu che. You are great bhavna masi,positive,neutral,0.1259,0.7483
Next.. super star ni entry.... Jay mataji mahaveersinh,positive,negative,0.1259,0.7482
Sahi baat hai Bhavu apse kehne se darta hai mera Dil🙈❤️,positive,neutral,0.1259,0.7481
Vikram bhai Vadodra vadu por,positive,neutral,0.1259,0.7481
Koi ne pf related koi kaam karavu hoy to aama reply kar jo,neutral,negative,0.1259,0.7481
Jay Ho Ram Ranuja vada,negative,neutral,0.126,0.7481
Jay someswar parvati maa jay aavad maa jay ujein mahakal jay kedarnath jay kailash parvati maa jay ho kailash jay dada somya jay kanya jay beidnath,negative,neutral,0.126,0.7479
Solt nathi nakhavnu,positive,neutral,0.126,0.7479
Ha jiga mari halat aavi 6😢,negative,neutral,0.1261,0.7479
Jordar filam che vikram Bhai tamari filam jovani bahu maja aveche 14 tarikhe maja avi jache,negative,positive,0.1262,0.7477
"Aa movie na Krunal jeva samju, Sahaj, Brave elder brother badha ne j mde.... Evi bhagavn ne pray 🙏🙏🙏",negative,positive,0.1262,0.7477
Finally bhai  ae ek ne toh sache raste paadi.... She did smile... and she was ok after she spoke to you.... i mean this is what we saw..... Manan Bhai kya hata tame :p ... i think #MananniNiTherapy commoners maate pan sharu karvu joiye tamaare  lol.... But hats-off bro ... tamaari Game Streaming thi lai ne Omegle  steamings maa pann majaa aave che ... and yes i do likee and share buss  comments ochu karu chu. Kudo!  ane Aunty ne Jai Shri Krishna,positive,negative,0.1262,0.7475
"Have to Yaar
Clutch pandya brothers
Sc0ut
Snax
K18
Viper
Lolzz
Mayur
Cluthgod
Ne bolavo Yaar",positive,negative,0.1262,0.7475
Jay vadaj na thakr,negative,neutral,0.1262,0.7475
"Ha, hu awar nawar banavu 6u, kyare beet, palak, dudhi, pumpkin to kyare k pudina wada.😊",neutral,negative,0.1263,0.7474
Uncle aatlu kaam karine aavya chhe to bi always happy 😊,positive,neutral,0.1263,0.7474
Divas ma 10 thi 20 vaar sambhalu chu aa geet addiction thai gayu che  ❤,positive,neutral,0.1263,0.7473
"Jaydeep looks like aussie mate, aus wala j 2 kaan ma butti perta che n awi mucch e rakhe...",positive,neutral,0.1264,0.7473
Bhai Tame kajiya thakar chho ame pn kajiya thakar chhi,negative,neutral,0.1264,0.7472
હેં goli ગુજરાતી છે😮😮❤❤,positive,neutral,0.1264,0.7472
Ha Bhai jatoryo,negative,neutral,0.1264,0.7472
Can pregnant women have this sweet ?,neutral,positive,0.1265,0.7471
Please upload laalo gujarati movie,negative,positive,0.1265,0.7471
Left side bau panning karyu che badho aavaj left thi vadhare aave che,negative,neutral,0.1265,0.747
Muje sajannnn k ghr Jana hai 🤣🤣🤣🤣,positive,neutral,0.1265,0.747
Vikarm bhai ha,negative,neutral,0.1265,0.747
Joooooooooooooooordar song vikram bhai,negative,neutral,0.1265,0.7469
Jaydeepbhai e new business start karyo lage che,positive,neutral,0.1266,0.7469
Call manav gohil who played sushant bansal in dhurandhar and also was in tv serial yam hain hum and tenali rama🙌🙌,negative,positive,0.1266,0.7469
tane kya padi mara jivva marvani aa song video banavo record todsho,negative,neutral,0.1266,0.7468
Ha vikram bhai ha..,neutral,negative,0.1266,0.7467
Muh me pani aa gya😋,neutral,negative,0.1266,0.7467
વાહ. जीGનેsh બારોટ,neutral,positive,0.1267,0.7467
Biju Kai nai vikram bhai nu english bav jordar chhe 😂😂 show ma actually 10 vaar bolya,neutral,negative,0.1267,0.7466
Main bhi Bihar se hun❤,negative,neutral,0.1268,0.7465
જેટલી વખત sablu એટલી વખત મોજ આવે છે,negative,neutral,0.1268,0.7464
Manan bhai aavi rite Omegle na videos banavtoh raho....bau maja aave che....🤟🤟🤟😂,neutral,positive,0.1268,0.7464
Waah kirtidan ghadvi sir moj karaavii didhuu ❤️❤️❤️❤️❤️❤️❤️🔥🔥🔥🔥,negative,positive,0.1269,0.7462
"Aajno vlog mast chhe 
Khali panipuri j kyani chhe ae batavo 😅😅😅",neutral,positive,0.1269,0.7462
12.30 nay 11.30 thaya che time khoto che 😂 sorry😂😂,neutral,negative,0.1269,0.7462
Socho jra aap ham kitna chahate hai aapko 🤭❤️,positive,neutral,0.127,0.7461
Gujarati dish Handvo hai ❤,neutral,positive,0.127,0.746
Jai chatti maiyya 🙏🥰,negative,positive,0.127,0.746
Mara Gare avo,positive,neutral,0.127,0.746
Jai mata chatti maiya ji maharaj ji ki jai,positive,neutral,0.127,0.7459
Thakor ha Thakor ha,positive,neutral,0.127,0.7459
Jarur jova jaesu filam... visngar,negative,neutral,0.1271,0.7459
Jaydeep bhai pavya  jeva lage che,neutral,positive,0.1271,0.7458
Premalbhai tame dekhaya@premal,neutral,negative,0.1272,0.7456
Are dekho ye Zinda hai! Ye zinda hai!,neutral,negative,0.1272,0.7456
"કાશ દોસ્તી માં પણ ચુંટણી આવે,,,,ગજબનું ભાષણ કરું તારી દોસ્તી માટે... Miss You My All Friends...",negative,positive,0.1272,0.7455
jignesh bhai Tame mara uper j video song kem banavo so A j nathi khabar padti 😍,neutral,negative,0.1273,0.7455
Avo bhayalo bhai,neutral,negative,0.1273,0.7454
Bavaj mast banavyo che❤,positive,negative,0.1273,0.7453
Atyre.ghar.ma.badhe aamj hale.badhi.ledies.atyre bhakti ma lin hoi.ghar nu vatavaran .bhakti may hoi,neutral,positive,0.1273,0.7453
Umm hmm 😄☺️kabhi pyaar nahi hua!! Merese kisiko.. 😂💔,neutral,positive,0.1273,0.7453
Bhai tamaru shog hitej hoy vala jay babari,negative,neutral,0.1274,0.7452
"Wah! Sir jordar...👏👏👏👏
Aap ekdam chhokha shabdo ma gay shako chho...bov mast...garaba song...",positive,negative,0.1274,0.7452
Legends says: garmi bov che atle nava padi rahyo hato,neutral,negative,0.1275,0.7451
Jor dar bhai Thanks bhai,neutral,positive,0.1275,0.7451
"Wow i have played in his hands when i was small 
At my nanas home
Very bless med",positive,negative,0.1275,0.745
ગુજરાત માં ગુંજતું નામ એટલે ગમન સાંથલ .... Please એક વાર ગમન ભુવાજી ને બોલાવો ....,positive,negative,0.1275,0.745
Sharika badhu mathe kaiy ne bahu fhare 6 pan aapada thi kaiy n thay kachara pota washan karawo 69 ne kapada wosh macin ma to tamare aevu su Kam hoy 6 ke ke biji hoy aevu dekhav karwano,neutral,negative,0.1275,0.745
Jai shree Ram di happy chath Puja,positive,neutral,0.1276,0.7448
OP SONG JINGESH BHAI,neutral,positive,0.1276,0.7448
"Cheese tho aap add kijiye hi kijiye. Thodi soupy lagi. Khavanu chhe ke, peevanu chhe?",negative,neutral,0.1276,0.7447
Jo jo ho salman bhai set todi ne naa ave andar gaadi ly ne 😂,neutral,negative,0.1277,0.7447
We have to boil the jaggery or only dissolve it? What we have to do,neutral,negative,0.1277,0.7447
Aama mahabharata ni majak banavi che 😠😠😠,neutral,positive,0.1277,0.7446
"BGM WHILE SHOOTING TO TAME JE LAO CHO ""LAYA BAKI LAYA""",neutral,positive,0.1277,0.7446
"ગીત સારું છે, અવાજ પણ સારો છે, રાગ, લય, તાલ e પણ સારું છે..પણ ગીત ના શબ્દો માં કવોલિટી ઓછી છે . કારણ કે, અમુક લાઇનમાં શબ્દો હજી સારા ઉમેરી શકાય..ઘણા ગીતો .માં મને આ વસ્તુ જોવા મળી.. કારણ કે એનાથી તમે ગીત ને વધારે સારું બનાવી શકાય...જેમ કે આ ગીત માં એક લાઇન માં #(મિનિટે મિનિટે મોઢું દેખાય છે.)# #(એના કરતાં ઘડીએ ઘડીએ તારું મોઢું દેખાય છે.)#એવું રાખ્યું તો વધારે સારું. હવે next ગીતો માં ધ્યાન રાખજો....well...to પણ સારી મેહનત કરી છે.. ધન્યવાદ👍👍👍",neutral,positive,0.1277,0.7445
Jigrra koi divas Apne disappoint Nathi Karta ❤,positive,negative,0.1277,0.7445
Tamara mammy pan danthaya સાથે વાત કરતા નથી,positive,negative,0.1278,0.7445
Aa bhu khrab khevay aava Loko same jrur pgla leva joiae,negative,positive,0.1278,0.7445
Dada nu kam saras che,positive,neutral,0.1278,0.7444
Tikkha piy levay ges  thay aetle 5 6  tikha  mtlb  mri  gme tevo hoy mti jay,neutral,negative,0.1278,0.7443
Vary vary nice bhai,neutral,positive,0.1278,0.7443
Baat to sahi hai,negative,positive,0.1279,0.7443
Havaj jigar bhai full mojjj❤❤❤❤❤❤❤🙏🙏🙏🙏🙏🙏🙏🙏,negative,positive,0.1279,0.7443
Ha Raja Ha,negative,positive,0.1279,0.7443
Ben Gorama pani kevuk riae che thandu thy che,neutral,negative,0.1279,0.7442
Video muko bhai,neutral,negative,0.1279,0.7442
Jay ho Dwarka dhis ki,negative,neutral,0.1279,0.7442
vikrambhai tame tamari film 1=patelni patelay thakorni khandani 2=rajvadi chhaye man bher rahiye 3=jag jite nahi hayu hare nahi aa 3 film have youtube ma uplord karo plz vikramvhai and tamara old and new album pan uplord karo plz plz,positive,negative,0.1279,0.7441
Please full movi aolode Karo please,neutral,negative,0.1279,0.7441
Hache vat bapu 😂😂😂,negative,positive,0.128,0.7441
Sarika sachu k che badhu j khavanu pan balance ma khavo to kai vandho na aave,positive,neutral,0.128,0.744
bus to badhi sari che barbar maintance thavu joiey ane jankar mikenik bharti karvi joiey sathe micenice staff ne purtu pagar aape ane orignal sparepart vapare to koi vandho nahi aave,negative,positive,0.128,0.744
ગરબા ni પાથરી દીધી હો ભાઈ 🤬🤬🤬🤬,negative,positive,0.128,0.744
Soooo yummy ❤❤❤ west bengal se,positive,neutral,0.128,0.744
"Special kurmura raheta hai 
Thick n small size kurmura",neutral,positive,0.128,0.744
Hezu is very smart 👌  for everything  specially  she is doing  vlog maja aave che jovani ne. Sarika  puja jovani maja aave che  please  saw more part 🙏🏻.  Jai shree Krishna from California USA,positive,neutral,0.1281,0.7439
Swadishtttttt ab isi recipe se bnaungi bht tasty hai chef kabita ma'am ❤❤,negative,neutral,0.1281,0.7439
jay hind હા હાવજ હા,neutral,positive,0.1281,0.7438
Mane khub j bhave chhe kachu aa juvar na rotla sathe khub j saras lage chhe,negative,positive,0.1281,0.7438
Bhai aap ye kis line me aa Gaye...😂,negative,positive,0.1282,0.7436
Ama pani kya nakhu che?to tel pani na kem bole che?,neutral,negative,0.1282,0.7436
જેને પ્રેમ કર્યો હોય હેને ખબર પડે Love.....P,positive,negative,0.1282,0.7436
"Aa varse to garmi ni saruvat j thndi thndi dishes thi thay che su vat che SHEETALBEN,khub j srs btavi kosimbir ni recipe…..❤❤",neutral,negative,0.1282,0.7436
ha janu hs😈🥵,positive,neutral,0.1282,0.7436
Sarika di pls from the shop u went with didi is Lankan for blouse dangling  cap available we wanted in golden colored pls if can get shop name n phone number pls,neutral,positive,0.1282,0.7435
"એંધાણ --- संभावना ....... Bipinbhai Kharsani, Rajkot",positive,neutral,0.1283,0.7434
Sarika bolva ma dhyan rakh aadivasi bov aagad che,negative,positive,0.1283,0.7434
Jay mataji vikram bhai thakor જય રામાપીર,positive,neutral,0.1283,0.7434
Jami gyu ho baki navratri ma,neutral,negative,0.1283,0.7434
Oshm song bhai,negative,neutral,0.1283,0.7433
Saru thandu thase. Thoda divas pa6i. Saru 6. Matlu ame vapriye 6. To,neutral,negative,0.1284,0.7433
Khatekhar bhai Tamara jetla aalbum aave che hu akha jovu chu bhai,negative,positive,0.1284,0.7432
Rajgra na lot thi bne but 👌👌👌,positive,negative,0.1284,0.7432
Manan desai kon che 😅,neutral,positive,0.1284,0.7432
Mujhe lag raha hai ki jay dip jivan ka hiro banane Jaa Rahi hai,neutral,positive,0.1284,0.7431
આજે નહિ તો કાલે મારી યાદ જરૂર આવશે મારી daxu... Always miss you daxu,neutral,positive,0.1285,0.743
Ben mast che👌👌👌👌,positive,negative,0.1285,0.743
😅 bahut khush hue 😅,positive,negative,0.1285,0.743
Badshah ki begam hoti hai,neutral,negative,0.1285,0.7429
Bahut hi zabardast recipe,positive,negative,0.1285,0.7429
Me to fan ho gya jignesh sir ke gano ka chahe mujhe Gujarati nhi aati😅,positive,neutral,0.1286,0.7429
Jay MA Mogai...🙏🚩,negative,neutral,0.1286,0.7428
Hu brmhandeswer mandir ma j rhu chu e amaru gar che,positive,neutral,0.1286,0.7428
supar mara bhai....,positive,neutral,0.1286,0.7428
"Maro bhai architacture che,jordar plan  aapse, intersted hov to rly aapjo",positive,negative,0.1287,0.7426
Song saru 6 pn.. bdha ne jo video ma na leva hoy to mehnat km karavo chho,neutral,negative,0.1288,0.7425
Jay mogal..khub j sunder song,positive,negative,0.1288,0.7424
Va bhai joradar sog,negative,neutral,0.1288,0.7424
you may have pulled lower back Muscle. It will take time to heal.,positive,neutral,0.1288,0.7424
Aa pehla aapna JAYDEEP BHAI joya k j aatlu badhu pain thatu hoy ane Hospital ma pan comedy kare.😂. Baki bija hoy to rado j pade. Get well soon💐,negative,neutral,0.1288,0.7424
Kem chho la majama ??,neutral,negative,0.1288,0.7423
"Hii,hu north Gujarat thi chhu",positive,neutral,0.1288,0.7423
Main Vikram khoob khoob Abhinandan tumhara Prakash Bhati purushon tumhara Bhagwan kare tumhara picture,neutral,negative,0.1289,0.7421
Gaman bhuvaji ne try karva ni jarur nathi   bhuvaji nelavo lavari ma 1m viwe vadhi jase...,neutral,negative,0.129,0.7421
II Jay RuKhad II,positive,neutral,0.129,0.742
vikramji. mast. lage,neutral,negative,0.129,0.742
Juni yaad aavi jaay,neutral,negative,0.1291,0.7418
"Muje.bhi.lagta.tha.nak.tak.mitar
Napa.jata.he.acha.hua.aap.ne.bataya.abhi.tak.hum.nak.tak.nap.he",neutral,negative,0.1291,0.7418
Ma'am aap to bhut talented h aapko onion esse bhi katna aata h 😊,neutral,negative,0.1291,0.7418
તોકે ખીર આય(congratulations )કિર્તી જયભીમનાથ જય મોગલ,negative,positive,0.1292,0.7416
Ha tar full movie jovi che,positive,negative,0.1292,0.7416
Shetalben hamra ahi white chocolate male a proper melt nathi thati to su karvu?i m from uk,neutral,negative,0.1292,0.7416
Ye ye mazo aavi gayo,negative,neutral,0.1292,0.7416
Hun pan mara husband roj tiffin aapu chu e pan jaydeep Bhai ni Jem navu tiffin aj online ma joya kare che😅😅,neutral,positive,0.1292,0.7416
Haa jiganesh kaviraj barot sir ni moj super song hu tamaro moto J fan chu,negative,positive,0.1292,0.7415
JAY HO SONAL MAA ❤🙌🏻🙇🏻,negative,positive,0.1292,0.7415
Prem kirtibhai ane sonal bahenno loko arite jvjo,neutral,negative,0.1293,0.7415
Dry ponk surat ma male che kya malse as living in abroad miss ponk wada too much so can u pls give where its available in winter season,negative,neutral,0.1293,0.7414
Apre to Vikram thakor jignesne to bolta avdtu nathi love is Vikram thakor,positive,negative,0.1293,0.7414
Be tame to bo jabri sudhdh gujarati bolvani try kairi.. ... Game etlu try kairu pan surati to hambhadati j chhe... Khabar padi j jati chhe..,negative,positive,0.1293,0.7414
Behro panini botale sambhli gayo😂,neutral,positive,0.1293,0.7414
Bahut saro lage che Prashadi vala fada yevi rite bane che su,negative,positive,0.1293,0.7414
Maine 10 bar ye videos dekh lia ...kya awaj hai .....sir aapka music sunkar direct soul se connect hote hai ...,negative,positive,0.1293,0.7414
Jay Ho Santvani Hare Hare,neutral,positive,0.1293,0.7413
Sir I am following you since soo long Sir we are missing Vishal on Benjo Bring him back,positive,negative,0.1294,0.7412
Banana milk shake mane gami❤,positive,neutral,0.1294,0.7412
Khub maza avi 🎉,positive,neutral,0.1294,0.7412
⚔🙏Vah vala...!!! Jay moga⚔l🙏,positive,negative,0.1295,0.741
VICKRAMBHAI THAKOR JEVU TO NAJ AVE,positive,neutral,0.1295,0.741
"Jai shree krishna Jaydeepbhai 
Sarikaben kem na geya? Rupal from Melbourne Australia. 
Sandhyaben bahu pretty lage che.",neutral,positive,0.1296,0.7409
સાઈરામ દવે Be like - સર ગાના ગા વો રહા હે લેકિન શબ્દ મેરે હૈ. 😂,neutral,positive,0.1296,0.7408
Ekdam mest .dabeli..,neutral,negative,0.1296,0.7407
aa song koi gujarati movie ma add karo plz,positive,neutral,0.1297,0.7406
Jio Mara charan kirtidan gadhvi,positive,neutral,0.1297,0.7406
Jdbhai tamari mehnat safad thay bovj  aagad vadho 👍god bless u 👍🌹Sarika no. 1 person jdbhai tame lucky cho mst wife madi che 👍,neutral,positive,0.1297,0.7405
Kuch zyada overacting kar rahi hai......,positive,negative,0.1297,0.7405
*_🙏જય નાગબાઈ માં🙏_* Supar dupar hit song Wald Bhai Ha *🎤Jiganesh Bhai Barot* Ha,neutral,negative,0.1298,0.7404
Kaju na poweder ni rotli khaye che modi ...sarika ben tame wi chalu kari do..😂😊,neutral,positive,0.1298,0.7404
Jorrr mara havj,neutral,negative,0.1298,0.7403
Hi didi..i also want to try this gujrati special mithai.. aap plz quantity details bhi mention kardo na comment me 😊,neutral,positive,0.1299,0.7402
"Sheetal Ben, tame rasoi banavo tyare tamara sasuma interfere kare khara?
Tamne bole khara ke aam nahi kar ne tem kar. Aavi rite nahi kar. Aavi rite kar. Aam karay ne tem na karavy. Aavu tamara jeva cooking experts sathe kitchen ma thay che kharu ???
Mane to Mummy bau toke kitchen ma to nathi maja aavti 😢😮
Tamara jeva expert na experience share karo please.",neutral,negative,0.1299,0.7402
Jay Somnath Dada,positive,neutral,0.1299,0.7401
Me request kareli. kaa Amara કુળદેવી નું મઢ છે મારે પરિક્ષા હોવાથી હું ન આવી શક્યો ખૂબ ખૂબ આભાર આ વિડિયો મૂકવા માટે,negative,positive,0.13,0.7401
Bija nu name puchu ae seventy na fool nu chor chhe,positive,neutral,0.13,0.7401
"Hu bi Manu Chu k sarika overaction kar 6, aavu sandhya sathya na karay",positive,negative,0.13,0.7401
Bdha dha dhove che,positive,neutral,0.13,0.74
BHAi comemet back vani maja Avey sey,negative,neutral,0.13,0.7399
@ Jaydeep bhai...Haji pan ungh Puri nathi thayi??,neutral,negative,0.1303,0.7395
Manan Sir tamne PARUL UNIVERSITY ma joi ne bauj maja aai gai pan tame mari saaame na joyu🥲🥲,neutral,positive,0.1303,0.7394
Jay shree ganeshay namah OM NAMAH SHIVAY JAY SHANKAR PARVATI MATA SADA SAHAYATE,positive,neutral,0.1303,0.7393
Aa badhi generation ni vat aj kaik alag che...me amne live saimbhda ta amuk varas pella same to same avaj lagta hata ane avij saras hasya ni vatu kairo to bau maja aivi ti..amni sautho moti khubi including many other artists dayro k singers nu a hatu k a loko vachta bahu...e loko ne varso pellani kaya year ma su date a su thyu tu e ekdum yad hoi che,positive,negative,0.1303,0.7393
Gujarati balla,positive,neutral,0.1304,0.7393
Aava j gujarati song ane gujarati bhasha ne upar laav jo bhai song bahu mast rite tme sing karu chhe,positive,negative,0.1304,0.7393
"Bhabiji, aap ki kuch baat sun ke mujhe ahesas huay ki kabhi na kabhi aap West Bengal mein thi, agar main thik kaha to jorur bata dena, bengali labra ekdam barabar hua, from Kolkata City West Bengal ❤🙏🙂🌺👸",negative,neutral,0.1304,0.7393
Saav bakwas lage chhe,negative,neutral,0.1304,0.7393
100 epi. Live રખાય sir pls 🙏🏻🙌🏻,positive,neutral,0.1304,0.7392
Jay swaminarayan Jaydeep bhai what is the galali,negative,positive,0.1304,0.7392
Khiru chopadyu to kharu😂,positive,negative,0.1305,0.7391
Hello jaydeep bhai Tame tamara pappa ne gal ma chimta Bharo chho em maro dikaro mane kare hamesha pan chiday jav chhu pan uncle bilkul chi data and nathi to me have nai china a nu nkaki karyu chhe thankyou so much …Bhagwan karshe ne Badhu Saras karshe ❤❤❤,negative,positive,0.1305,0.739
Ye maine pehle bhi kai baar try kiya ghar par but appe pan main ek. Problem hoti hai ander se cook nai hota ye achhe se,negative,neutral,0.1305,0.739
Jaydeep bhai kids na wrist par 1 rupiya no coin bandhva thi flight ma car ma k cruise ma seekness na thaay..nd avoid much food while flying..but please try this coin things,negative,neutral,0.1306,0.7388
Sup? Jignesh bhai 👌,negative,positive,0.1306,0.7388
Bau saras movie che avu life partner male toh ketalu sari life tai jay ❤️😍,negative,positive,0.1307,0.7387
Thankyou bhaiya mere comment ko Etna importance diya aunty ji sandhyaji ne aaj ke vlog mein hi hindi bolne ki koshish ki thankyou once again bahut acha laga aaj to jaydeep bhiya. Aapne bhi unko hindi bolne ke liye majboor kar diya main Dehli mein hi rehti hu punjabi hu,positive,negative,0.1307,0.7386
Sarika umar bhaley hoy pan ilaj karay,positive,neutral,0.1307,0.7385
Bakvas che jota nai koi…..divas bagadse,negative,neutral,0.1308,0.7384
Su name che face treatment nu,positive,neutral,0.1308,0.7384
Is navratri main apni mata rani k liye main ye halwa jaroor banaungi...thank you ma'am 🙏,positive,negative,0.1308,0.7384
Tame youtuyaboyzz ma avtata ne,neutral,negative,0.1309,0.7383
Have ama kya dhanajiru saru lage,positive,neutral,0.1309,0.7382
Please full movie upload karo,neutral,positive,0.1309,0.7381
આ movie જોય ને મને મારૂ ગામડુ યાદ આવી ગયુ🥹❤️,positive,negative,0.131,0.7381
Panipuri kolkatta se famous hai.. puchako se famous hoke hamre pass aa gai hai 😂😂... My favourite panipuri,neutral,positive,0.131,0.738
Aa team maa ne kaam karelu che 😅❤,negative,neutral,0.131,0.7379
Bhai bija nhi malta k su puja j aay aaya kre che😅😅😅,neutral,negative,0.1311,0.7379
"Aap sau no khub khub aabhar mara aa prayas ne vadhav_va badal 🙏🏻❤️
Next song Kayu karu Mahadev ne arpan karva niche comments ma janavjo ❤️❤️❤️ 
#myfansmyfamily #jigarwaley",positive,negative,0.1311,0.7379
"BHAVNA BEN JAYDEEP NE SAACHI VAAT KIDHI BAV BAAR NAHI RHYO ,GHERBHELA THAO",positive,neutral,0.1311,0.7379
Je chamunda ma.na bhakta hoy to like aapo♥️✨,neutral,negative,0.1311,0.7378
"Panipuri India ni famous che 
And some neighbour country like Nepal,pakistan,bangladesh",positive,negative,0.1311,0.7378
Gito to mara jignesh bahi bevfa,positive,negative,0.1311,0.7377
Surat nu jaman .. ane ...kashi ....,neutral,negative,0.1312,0.7377
Ala re ala Jignesh bhai als,positive,neutral,0.1312,0.7376
Plastic ના ડબ્બા માં ભરી freeze ની બહાર મૂકી સાચવી શકાય?,negative,neutral,0.1312,0.7376
JAi Mââ MoGAL kirtidan Gadhavi,negative,neutral,0.1313,0.7373
hello mananbhai kem cho?,neutral,positive,0.1314,0.7373
Vaha jignesh bhai rieyal stori soong,neutral,negative,0.1314,0.7372
Jay ho gaman bhuvaji,neutral,negative,0.1314,0.7372
Ha rajvadi thakor ha,negative,neutral,0.1314,0.7372
Hihu bombay rav chu,positive,negative,0.1315,0.737
Decicated coconut na hoy to normal coconut nakhi shakai  masala ma ?,neutral,negative,0.1315,0.737
Tame kathyawad na choo..,neutral,negative,0.1315,0.737
🙏Jordar song chhe jiga bhai 1M thai jase jay thakar❤,positive,negative,0.1317,0.7367
Tamara project vishe to janavo j D bhai,neutral,positive,0.1317,0.7367
Jyotishi ki padai hoti hai. Woh ek science hai ek maths hota hai. Jiska calculation sahi uske upar aap vishwas kar sakte ho,neutral,positive,0.1317,0.7366
Dabu ang farke e to sara samachar ni nisani,neutral,negative,0.1317,0.7365
Sandhya ni hamesha insult and avoid i kre che...,positive,neutral,0.1318,0.7365
Ha bhai kirtidan gadhvi,neutral,negative,0.1319,0.7363
First view mari,positive,neutral,0.1319,0.7361
The intro in the beginning is cutting the lavari vibe. That curtain opening is ultimate. Please dnt fix whats not broken.,positive,negative,0.132,0.736
Jay ho Thakor samaj ha,positive,neutral,0.132,0.736
May ફેવરેઇટ song vikaram bhai,neutral,negative,0.132,0.7359
Aaa ep ma to lighting pn kharab che..,positive,negative,0.132,0.7359
Ha thamari dosti ha thakor,positive,neutral,0.1321,0.7359
"Uncle ni mehnat thi ghar ma dudh ,sabji, fruits khuttu nathi . uncle ne selute che 🙏😊❤️",positive,neutral,0.1321,0.7358
Va bhai va supar sog,negative,neutral,0.1322,0.7357
હમણાં કઈ રેસીપી તો આપતા જ નથી.... તમે કંઈક બનાવો તો અમને બીજે દિવસે શું બનાવશું એ idea આયી જાય...,positive,negative,0.1322,0.7356
Ek radha ek meera patan ma kem aavyu nathi sir,neutral,negative,0.1322,0.7356
Jignesh bhai barot tamaro nambar mokalo,neutral,negative,0.1322,0.7355
Ges silender hamesha ges chula thi nichey rakhay sefty matey😊,positive,negative,0.1323,0.7355
Mara Vikram bhai na rola pade,neutral,negative,0.1323,0.7354
🔫Jor dar se🔪👍 vikarm Bhai movie 🔫,positive,neutral,0.1323,0.7354
Kon kon mari jay che manan bhai.😂😂,neutral,positive,0.1323,0.7353
Are bohot jaga he! Nhi jaga he! 😂🤣,neutral,negative,0.1324,0.7353
Ben Ekdum Mast Dhokla Recipe Share Kari Bahuj Gami 👌👌 Chokkas Karsu Tamari Rete 👍🏻👍🏻🙏 U Ben 🙏🌹🌹,neutral,negative,0.1324,0.7352
dhingli sambhali ne to hasi hasi ne thaaki gayi.... 🤣🤣 baaki tame hindi saras bolo cho 😂😂,positive,negative,0.1324,0.7352
Sare jaha se achcha hindustan hamara🇮🇳🇮🇳🇮🇳🇮🇳🇮🇳,negative,neutral,0.1324,0.7351
Kehvat che Maa marjo pan masi nahi 👍masi Maa barabar j hoy masi bhani nu bonding  Saras j hoy 👍😊🧿,neutral,positive,0.1325,0.7351
"Aa om pase magaj nathi lagtu

Jami ne haath dhowanu koi na bhule",neutral,negative,0.1325,0.7351
Coconut biskut bekari ma male te ni recipi apo ne please.jay shree Krishna,negative,neutral,0.1325,0.735
Puru terlar kiya re aavse vikram Bhai,negative,neutral,0.1326,0.7349
Sir aap kha number mujhe milega ji plz sir ji,neutral,negative,0.1326,0.7348
Ma'am recipe to super tasty hai lekin aaj aap sundar bhi Bahut lag rahe ho 😍,neutral,negative,0.1327,0.7346
jay kaliya thakar,neutral,positive,0.1327,0.7345
Bojj must program hato . Puro sambhaydo ane last ni 25 minits toh dance karva par majbur thai gayo bojj bojj must hatu,positive,negative,0.1328,0.7345
Jay mogal Krupa,negative,neutral,0.1328,0.7344
Mein banane wali thi or aap ki recipe bhi aa gyi❤❤,positive,negative,0.1328,0.7344
Ha Vikram Bhai Thakor,positive,neutral,0.1328,0.7344
Waaw ma'am mja aa gya dek kr,neutral,negative,0.1328,0.7343
Boring...jab bhi shorts dekhti hu...hamesha ye 3 logo ki hi vedio aa jata hain.... Lagta hain in logo ko serf video banana hi ata hain.. Aur kuch nahi pata in logo ko....duniya mein aur koi kaam inko ata nehi. Serf show off... Show off..show off...🤮,neutral,negative,0.1328,0.7343
"We use raw mango (kadhi) nd in baghar put the Methi  Dana, dry red mirch nd Ginger no need of mirch powder.   In Rajasthan nd Gujrat  it is very old  recipe",positive,neutral,0.1329,0.7343
Sandhya gharma jgda kravse...bnne bhai ni vacche...hardik hve jagda na tonma j bole 6 jdbhai jode..pela mastima bolta...pn sandhya hve pote khush re and bijane pn emni mastima reva de to saru...nhito🔥,neutral,positive,0.1329,0.7342
"Buying a washing machine is no longer a luxury, it is an essential need. If your mom ruin her health and end up with body aches, the cost of medicines and medical reports will be far higher than the price of the machine. Let’s think about this practically and make the right choice for your family health.",positive,negative,0.1329,0.7342
"Dilip Joshi ne bolaavo please
Love the show❤❤",neutral,positive,0.1329,0.7341
Ram ram Ram ram Pawar and ram,neutral,positive,0.1329,0.7341
vaa kirati bhai,neutral,negative,0.133,0.734
Jay. Goga ram,positive,neutral,0.133,0.734
Lockdown ma rahine pan public ne kevirite Anand puro padvo and Sara msg apva a Tamara jeva kalakaro j Kari sake so great work 👌👌👌👍,positive,negative,0.133,0.7339
Aa baam nai.... Baam no b bapo che... Mara mother pase b che aa... Jaldi saru thai jay ❤,positive,negative,0.1331,0.7338
Jay Chamundma 🙏Motabhai...Jordar Song....👍👍👍👌,positive,negative,0.1331,0.7338
Mara ek Uncle che Mumbai ma e Dhudhi ni chaal na kakori kebab banave che. Very tasty,neutral,positive,0.1332,0.7336
Tamne badha joy tyare  mara sasu sasra Yad aavi gya  😢❤❤❤❤❤❤❤❤,neutral,positive,0.1333,0.7335
JAY MOGAL BHAI,negative,neutral,0.1333,0.7334
"I've noticed that an increasing number of your recent videos are being restricted to channel members only. I've previously expressed my concern about this trend, but haven't received a response. I'm worried that this approach might limit the reach and engagement of your content. Could you consider making your latest videos available to all viewers, regardless of membership status? This would greatly benefit your audience and encourage more people to engage with your channel.
Best regards,
A Concerned Viewer 😊",positive,negative,0.1333,0.7334
"Me bhi yehi hi diet follow karti hu❤😂🤣
Bhai pik pok star kab aayega🙄❤✨",positive,neutral,0.1333,0.7333
jay somnath jay ujein jay mahakal baba jay kedarnath baba mahadevo jay someswar parvati maa jay aaval maa jay sree 12 jayotirling jay maha shivratri jay somnath baba jay kalbheirav om namah shivai om namah parvate pate har har mahadevo jay sree rameswar baba jay sree dada somya iswar kudarat parmatma bhagavan sree som devo jay dada somya iswar jay tanot aaval ma jay nilknath mahadevo jay amarnath baba jay shidheswar jay om kareswar jay kileswar baba jay khimeswar mahadevo jay trambkeswar baba jay sree som devo jay shiv baba jay sree dada nageswar baba jay dvakadhish jay somnath baba jay kuldevi maa jay higalaj naa jay sree ganesh jay karti ke jay bhutanath mahadevo jay nandeswar mahadev jay gangeswar baba jay sree someswar baba iswar kudarat parmatma bhagavan sree somnath bhagavan sree bhavanath jay bhagavan sree ujein mahakal baba jay mahakalkeswar bhagavan sree kalbheirav bhagavan jay sree bhagavan sree nageswar baba jay sree jay bhagavan sree kedareswar baba jay kedarnath baba jay kedar jay sree someswar iswar bhagavan kudarat parmatma bhagavan sree somya dada iswar sree som jay sree bhagavan kailash dada mahadevo jay sharan maa jay sree trambkeswar baba jay som devo baba jay sree someswar mahadevo jay sree somnath mahadevo jay sree shiv baba jay sree dada somya mahadevo jay sree khodal maa jay sree som devo jay sree sonbai maa jay sree someswar baba jay nagabai maa jay sree som dev jay bhutanath mahadev jay som jay sree tanot aaval maa jay somnath baba jay sree rukhad jay somnath bapa jay sree pashupati mahadev jay somnath baba jay umaya maa jay somnath baba jay dhan laxmi narayan jay sree dada somya dada bapa jay pirbapa jay sree someswar baba jay bram dev jay som devo jay sree brama visnu mahesh mahadevo jay somnath baba jay somnath jay nilkanth mahadevo jay sree ram siya maa jay som devo jay somnath mahadev jay vachhraj jay som devo jay trambkeswar jay sree somnath mahadev jay kalo ke kal mahakalkeswar baba jay sree shiv baba jay somnath mahadevo jay sree narvai maa jay someswar baba jay sree momai maa jay sree somnath dada mahadevo iswar kudarat parmatma bhagavan sree somya dada bapa jay baba somnath jay baba ujein,positive,neutral,0.1333,0.7333
Sachi vat Vikram bhai Jay mata ji 🙏,positive,negative,0.1334,0.7333
Jay mari vad Vihat,positive,neutral,0.1334,0.7333
Supp mota bhai,neutral,negative,0.1334,0.7332
Jy ma sonal.🙏.,positive,neutral,0.1334,0.7332
Ha Bapu tamari roje rojni moj,positive,negative,0.1334,0.7332
Munro che,neutral,positive,0.1334,0.7331
Ma'am very nice recipe appe pan ma banavi shakay chokkas janavsho,positive,neutral,0.1335,0.733
Jaydeep bhai aap hume Apr full bna rho sayad  aap jaipur janevale hoo sarika ben ko lene,positive,neutral,0.1336,0.7328
Kem cho Vikram Bhai,positive,neutral,0.1336,0.7327
Jai shree Mata Prabhu ji ki Jai ho,neutral,negative,0.1337,0.7327
COMING NAVRATRI 🤩 જીગ્નેશ બારોટ નાં તમામ સોંગ સુપરહિટ હોય છે જીગ્નેશ બારોટ માટે એક લાઈક કરી થઈ જાય 👍❤️,neutral,positive,0.1337,0.7327
❤Jay Maa Hinglaj ❤,positive,negative,0.1337,0.7327
"First of all Congratulations to both of you !

While going through all the notifications , I thought I will listen this track for once & then will return back to work. But, after listening to this , my brain drowned into it and I failed to let my brain out of this track !

All the very best  !",positive,negative,0.1337,0.7327
Jorrrdddr 😎😎😎 supar BHAI,neutral,negative,0.1337,0.7327
💐🙏🙏Kuch shabd badalne ke liye aapka jignesh Bhai aabhar 💐🙏🙏,negative,neutral,0.1337,0.7326
Vikram Bhai Jordar songs,positive,neutral,0.1337,0.7326
Jo kerala stories ek satya ghatna par aadharit hoy to honorable court a tamne sharuaat ma disclaimer mukva no kem aadesh aapyo....?,neutral,negative,0.1337,0.7326
"Mereko bhi koi yeh wala snow man lakar dedo 
haan wahi upar wala snowman neeche wala nahi😁",neutral,positive,0.1337,0.7325
Khub saras badha kachumber,positive,neutral,0.1338,0.7325
"Km thyu have Pani gyu jd bhai,?",neutral,negative,0.1338,0.7324
Joradar kirati dan bhai,positive,neutral,0.1338,0.7324
Rakesh barot jevu to noj gai sake,positive,negative,0.1338,0.7324
Sarika ben che news paper emnoj photo che😊,neutral,positive,0.1338,0.7323
Can we have Nirali Oza on Lavari 😍❤️,positive,neutral,0.1338,0.7323
Sandhya ne bandho panchmasi khush khabr lage che ne 😂,neutral,positive,0.1339,0.7321
Didi Village se ageye ho kay village ka long video dijiye na please,negative,neutral,0.1339,0.7321
Sandhya kam kare che very simple personality che 👌😊♥️,positive,neutral,0.1339,0.7321
Git khub saru chhe.,neutral,negative,0.134,0.7321
Ek bhai ne ben per ketlo❤ trust hoy che mummy question puche a pela ben Ni same joyu & pachi hezu. Ni same joene kanu a answer ha ma aapyo ❤,neutral,positive,0.134,0.7319
Gujju rocks ne bolavo ne please ❤,neutral,negative,0.1341,0.7319
Jay Jay Jay dwarkadhish,positive,neutral,0.1341,0.7319
"Bahuj saras film che, gujarati papa aavaj hoy Che, papa potana kids ne kadi harava nathi deta, hamesha majabut divar ni jam sathe rahe Che. Tamne khub khub thak you tame duniya ne sachi vato aapana gujarati family ne batavo cho baki ""Hindi serial""wala gujarati family ne bahuj kharab chitra che, I proud of you sir aacal gujarati calchar batava mate",neutral,negative,0.1341,0.7317
Show ne successful karva mate backend team nu bahu motu kaam chhe ❤,positive,negative,0.1341,0.7317
Shaitan aani aajubaju pan kyay nai aavtu,negative,neutral,0.1342,0.7317
Ye to muli ki sanzi ban gai,negative,neutral,0.1342,0.7315
Hu Bharuch thi chhu,positive,neutral,0.1343,0.7315
Ha je varse ghar ma lagan thya hoy te varse aathanu  no karay be mathi 1 hadhre am key chev,neutral,negative,0.1343,0.7314
Everything about the show is funny and good. The fun is spoiled the moment the guest start promotion of their work.,positive,negative,0.1343,0.7314
Siddharth randeriya (gujju bhai) jignesh kaviraj,positive,neutral,0.1343,0.7313
Bhai full video moklo,positive,negative,0.1343,0.7313
Elvis maja na Aavi ho Aama ..,neutral,positive,0.1344,0.7313
Sir imps chalu Kara ke sab garib log ka paise return karo,negative,neutral,0.1344,0.7313
ofc jato to ne tamaro video jova ma late thase have😂😂😂😂,neutral,negative,0.1344,0.7312
Mai bhi trainer ke saath hu😂😂,negative,neutral,0.1345,0.7311
Amar darbar to bovj mst modiya hoy😊,neutral,positive,0.1345,0.731
Manan bhai have Jethalal ne lavo lavari ma,neutral,positive,0.1345,0.7309
Naspti kevay kadak hoy amne phocha hoy ane bbucha kevay,neutral,negative,0.1346,0.7309
Kona kona fevarite che jignesh kaviraj,positive,neutral,0.1346,0.7308
Jay hinglaj bhavani,positive,neutral,0.1346,0.7308
🎉🎉🎉🎉Kone game chhe lavaari,positive,neutral,0.1346,0.7308
Aap apne gav se aa gyi Kya,neutral,negative,0.1346,0.7308
Chitting yaar 😂yeh shirtless adha hai 🥺😂,neutral,positive,0.1346,0.7307
Jay ho MA shakti,positive,neutral,0.1346,0.7307
sir audio song laavo.....,neutral,positive,0.1347,0.7307
Joddar jiga bhai,neutral,negative,0.1347,0.7306
Bhai tamari entry,neutral,positive,0.1347,0.7306
Sarika  mast bolyu kam acha hai per dheema hai😂😂😂😂😂hezu ne kanu ❤,positive,neutral,0.1347,0.7305
Hi jd u always said comment karo kro but u nvr read or even like it but i watched yr videos from 4 yrs i also DM once n do comment on yr recent video of farm when u took yr mom alone to meet papa but u nvr read it so whats the meaning of doing comments by the way i love to watch n jem masi e kahyu we r addicted to watch yr vlogs i watch it when I cook in everyday sane time in usa love from me to all,positive,negative,0.1347,0.7305
Jay vihat raam Jay chehar sarkar,negative,neutral,0.1348,0.7303
mind fresh ho gaya,neutral,positive,0.1348,0.7303
"Jya atiyare jarur chhe tya nathi aavto khedut bichara no paak pani vagar no sukay chhe 
Ane jaydeepbhai tamare to saru chhe light to re chhe amare gamde to 2 chha ta pada nathi light gay nathi",neutral,negative,0.1349,0.7301
Tamara  gaayjeva kamvada bain sigda ulade che  Aaje vasan   Udade che😅😅😅❤❤,positive,neutral,0.135,0.73
16:50 b12 Kem ochhu thay se badhaynu.?,neutral,negative,0.135,0.73
Bhu saras ben.,neutral,positive,0.135,0.7299
khali aa eek game che j tame ramo with hindi comments to maja aave,positive,negative,0.1351,0.7299
Mandve sajan malke che 😍,positive,neutral,0.1351,0.7298
Ha Vikarm supar,negative,neutral,0.1351,0.7298
Medam mixi ma kem na daray,neutral,negative,0.1351,0.7298
Lot na nakhvo hoi to,neutral,negative,0.1351,0.7298
Kl try krti hu...😁😁,negative,neutral,0.1352,0.7297
Bolvano varoj nathi avto sandhyano. Cemero ftafat ghum jata he.😅😅🧔🫣,negative,neutral,0.1352,0.7297
Jay mataji thakor,positive,neutral,0.1352,0.7297
MA MOGAL TARO RE AADHAR... 🙏🙏,negative,neutral,0.1352,0.7297
Bahuj Saras recepi hu chokkas banavish thanks,positive,negative,0.1352,0.7297
Ha kirtidanbhai ha,negative,neutral,0.1352,0.7296
14 no.ni soy chhe sarika last ma lakhelu chhe😊,positive,neutral,0.1352,0.7296
MAST GET JIGA BAEY👌👌👌👌💕,positive,negative,0.1353,0.7295
माने गुजराती समज में नथी अवंती 😁 but I like Jignesh bhai ji😘,neutral,positive,0.1353,0.7295
🙏🙏🙏Jay meldi ma🙏🙏🙏,neutral,positive,0.1353,0.7294
One of teentigada video they discussed sameeksha will marry first but destiny planned something else and that is special the youngest one is married first . No Nazar 🧿 please 🌷🤧,positive,negative,0.1353,0.7293
Tamari sabudana ni khichdi reshipi ti me peli var bnavi msat bni,neutral,positive,0.1353,0.7293
Bhai sport karo plise bhai hu Gujarat no Desai su,positive,negative,0.1354,0.7293
Jay ma moagl 🚩🚩🚩,negative,neutral,0.1354,0.7292
What a turn what a turn and directly into the jadddd 😂😂💪 manan bhai op 💪,positive,negative,0.1354,0.7292
"Wahhh wahhhh🔥
Khub saras 👏",positive,negative,0.1354,0.7292
Freez ma mukvanu ke freezer ma ?,negative,neutral,0.1355,0.729
"16:07 Bolya to Amir bhai j ho 😅😅😅 Baitko bolyo j nathi😅 khote khoto fasavyo😅😅😂 wahhh what an organic comedy,😅",neutral,positive,0.1355,0.7289
"તારી યાદ પણ શિયાળા ની ઠંડી જેવી છે, જેમ જેમ રાત પડે તેમ તેમ વધતી જ જાય છે... Mr. Viju",neutral,positive,0.1355,0.7289
Jai Mogal ma,neutral,negative,0.1356,0.7289
Live stream kya karo cho Manan bhai ane jo na kartah hoy toh karo ne plz ❤🙏,negative,neutral,0.1356,0.7289
Ben jaldi bharti karavo,positive,neutral,0.1356,0.7288
Ame Singdana Ni Jagya par Kaju Badam ane Pista nakhiye chiye Pan aa Recipe Aluna Mate che 😊,negative,neutral,0.1356,0.7287
Kanisak aadi jevo lage che,positive,neutral,0.1356,0.7287
USTAD KI JAY HO,positive,neutral,0.1357,0.7287
Aankhon mein aansoo aa gaya.,positive,neutral,0.1357,0.7287
શપોટ bhai,neutral,negative,0.1357,0.7287
Mara foe ne koik samjavo,positive,neutral,0.1357,0.7286
Sarika beta hindola na decoration ma upar shopari lagavo  ... Nada chadi par saras lagshe...,neutral,positive,0.1357,0.7286
Saachi vaat che Paisa sivai Kai thathu nathi😊,neutral,positive,0.1357,0.7286
21ni salma tamaru sanman dilthi kre che rde che page lage che ghare gya pachi svagat kre che bhuj lki,negative,neutral,0.1357,0.7285
jay ma mogal jay ma bhavani,negative,neutral,0.1358,0.7285
"હમણાં PM ज़ी એ ""સોના"" ની ના પાડી છે ને નૌતપા માં વરાળ જ છે",positive,negative,0.1358,0.7285
Manan bhai yaar jor tame India nu naam roshan karo cho 🤤🙌,negative,neutral,0.1358,0.7285
Jai chhati mayia ji ki 🙏🙏,positive,neutral,0.1358,0.7284
khub saras Jigneshbhai,negative,neutral,0.1358,0.7284
Jay Ho.... Vikram bhai,neutral,negative,0.1358,0.7283
Ha dosti na divana ha,positive,neutral,0.1358,0.7283
Khub jsaras❤,positive,neutral,0.1359,0.7283
Aa makhan kevi rite banayu che??,negative,neutral,0.136,0.728
Tamatar ko bina boil kiye pisne se kacha pann nhi aata?..maine ek baar kiya tha/.mera malai kofta pura barbad ho gya tha.. uske baad se mummy ne banane bhi nhi diya kch 🤧,negative,neutral,0.136,0.7279
surti lala lago so ben,positive,neutral,0.1362,0.7276
"Maaru favourite, 
The Radha, tara vina mane gamtu nathi  ⭐✨",positive,negative,0.1362,0.7275
Log bs isi mein pgl h... Pdai likhai chopt ho gyi h... Desh brbdi ki trf agrsr h kyuki yuba brbd ho rh h,positive,negative,0.1363,0.7275
Jay jay mogal.. 🙏🙏,neutral,negative,0.1363,0.7274
Ye sab kya Dekhna padraha Hain... achha hain main andha hu,neutral,negative,0.1363,0.7274
"Who tells that new gujju songs are not good, just listen this",positive,negative,0.1363,0.7273
Tamaru judai song saru chhe sir,negative,neutral,0.1363,0.7273
Jay mogal MA,negative,neutral,0.1364,0.7271
Ame to badha ne karela j 6 to su kariye,neutral,negative,0.1365,0.7271
Vaa Jiganesh bhai supar song👍👍👍👍👍👍,positive,negative,0.1365,0.727
😂😂😂😂😂 Shu thyu Aapde cricket ramta ta .........,negative,neutral,0.1365,0.727
Jay maa somal,neutral,negative,0.1365,0.7269
Hu tamaro ashik chu yaar,negative,neutral,0.1366,0.7268
Lili Lemdio Jabri chhe Nailed It...🤣🤣🤣🤣😂😂,neutral,positive,0.1366,0.7268
Jaydeep bhai hardik bhai ne badshah karta vadhare kgfg kyo e shut thay che amne kgf sambhadvani Maja aave che,neutral,positive,0.1366,0.7268
Mere se to nhi bne😢,neutral,negative,0.1366,0.7268
Moma Pani avi gyu wah ben,positive,neutral,0.1367,0.7267
Jaydip saras kam karyu,positive,neutral,0.1367,0.7266
Gujarati new movie kadaknath vala Hero ne dairect ne bolvo,neutral,negative,0.1367,0.7266
Sab change ho gya .. Lekin bhavin ka background ..nope!!!!,neutral,positive,0.1367,0.7266
Bhai tame badha tamari wife's ne lavo ne contant the lavari show ma ❤️❤️😂😂,positive,neutral,0.1367,0.7265
"Mane puru yad che jadkamad ❤ Maru favourite che , mara badak ne pan avde e akhu ❤",positive,neutral,0.1367,0.7265
Saras banavya hu jarur banavis,positive,negative,0.1368,0.7265
vikram thakor aa song Kevu,negative,neutral,0.1368,0.7264
Bhale kale english ni board che toi aakhu jois hu 😂,neutral,positive,0.1368,0.7264
Adbhut voise khub j mast svarankan,positive,negative,0.1368,0.7263
Bahu divas pachi maja padi gayi,positive,negative,0.1368,0.7263
Jaydeepbhai  sav sachu bolo cho tame khava ni babat.,neutral,positive,0.1368,0.7263
Supper Dupper Film Bhai 👍👍,neutral,positive,0.1369,0.7263
Jaydip beta bhut kamjor dikha ne lge ho jayada khana khavo,negative,neutral,0.1369,0.7262
Voice mast che.....,positive,negative,0.137,0.726
15 minutes me itni soft idli 😍 Texture dekh kar hi recipe ka result samajh aa raha hai 👌,negative,neutral,0.137,0.726
Jaydeep bhai bahar thi bou khush batave che enu dukh kyarey batavta nathi badhane hasavta rahe che❤️❤️❤️❤️,positive,negative,0.1371,0.7259
vah bhai su vat che khub sarash 👌👌👌👌♥️,positive,negative,0.1371,0.7257
"Aap log age to dekho 
Uncle and aunty k liye one leg se khada rehna muskil hi hota hey",positive,neutral,0.1372,0.7256
Ek bhag ne pani ma ketlo time sekyo 6?,negative,neutral,0.1372,0.7255
Kabita me yeh puch raha tha ki gym exercise karta hu to health khanna kya khanna chaiye ❤❤❤,neutral,negative,0.1372,0.7255
कनिष्क na gaal uper white સ્પોટ  દેખાયા છે. ..દવા કરાવવા जो ❤,positive,neutral,0.1373,0.7254
Mara gre milk ni 8 the li 6 to su aema thi bnavi saki sh hu dahi 2 day pehla ni 6 freeze ma j 6 to plea mne replay aapo Kevi rite banavu hu dahi,negative,neutral,0.1374,0.7252
Daro 8 che chokha na ladva khase meg raja ane varundev...moj ma rahese...,negative,neutral,0.1375,0.7251
Jay ho shardar,neutral,negative,0.1375,0.7251
Chokriyo ne durthi slam krjo,negative,neutral,0.1375,0.7251
Frozen shoulder che ice no sake karo,neutral,negative,0.1375,0.725
Hello tamari vlog editing room ni new chair ni company or link aapo ne,neutral,positive,0.1376,0.7249
"Hi mara soya chunks chavad thay chhe
Can you give some tips
Nutrela brand",positive,neutral,0.1376,0.7248
Ha ... Vikram bhai thakor ...ha,negative,neutral,0.1376,0.7248
Have khbar padi jigabhai,neutral,positive,0.1376,0.7248
ગુજરાતી શબ્દ ફરસી નો અર્થ Crispy છે. દેખાવમાં પણ ફહરી ( ફરસી ) જ છે.,neutral,positive,0.1377,0.7246
Sapna mare pan frind che😊,neutral,negative,0.1377,0.7246
Maa mogal ni aradhna antar hriday sudi poche che jay maa mokal khub thank you jigar bhai ❤,positive,negative,0.1377,0.7246
Jaideep bhai  skin sari lage che. Vasul che treatment. Expenses kejo.,positive,neutral,0.1378,0.7245
Kai bolta nathi ene kahyu k maan n dyo to na javay,neutral,negative,0.1378,0.7244
18:48 here i thought the video froze I checked my net twice but then realised they became statue for few seconds as if there was some glitch in matrix🤣🤣🤣🤣,positive,negative,0.1378,0.7243
Aa git hit che ho,positive,negative,0.1378,0.7243
Pushpa movie chahie mujhko message karo,negative,neutral,0.1379,0.7243
Deep bhai bov saru gav cho tame 😀,negative,neutral,0.1379,0.7243
"Aa garba ne koi pan music ma set kari ne as a background ma use karvu, e khali tame j karo cho... Eni par pan ek video bani sake.. Garba remix.. 😂",neutral,negative,0.1379,0.7243
Hello hu Drashti Amreli thi chu jaydeep Bhai hu corona time thi tamara daily vlog jov chu tamaru family bov mast che khash to tame ne Sarika Ben mara favourite couple cho mare ek Question che tame Kanishk ko je uptan lagata nano hato tayer tani recipe kejo ne please mara baby boy pan bov hair che atle mate please Aaj na vlog ma kejo ne recipe please bhai ek Ben ni help thay jase please 🙏,neutral,negative,0.1379,0.7242
Sorry to say but Goyani aetle prashad jamadvano hoy pela mataji ne tharvano hoy pure satvik bhojan hovu joiye,neutral,negative,0.1379,0.7242
Tamara Mate mea Pan shong lakhyu 6,negative,neutral,0.138,0.7241
Aa Mari chenala che laik Karo Bhai panchal,neutral,negative,0.138,0.724
Who is the Lady ?,neutral,positive,0.1381,0.7238
Masi mi vaat Sachi che Sarika  jevi heroine nahi  made 👍jdbhai,neutral,positive,0.1381,0.7238
Sarika  ka photo acha laga,neutral,positive,0.1381,0.7238
Right bhagwan geeta me sab problems ka solution hai,neutral,positive,0.1381,0.7238
Man can not be old  he can do what ever he likes vadiro gahrodo thi pun kudos Maradona na bhula,neutral,negative,0.1381,0.7237
Niche 90 rs ka 4 stand j vu ave datta j vu a lay le jo niche muki deva nu. Kayj nathi thatu. Mare aj che. Bav fine ave che chalvo moj karo,negative,neutral,0.1381,0.7237
kirtidan karta pan chote kirtidan moto kalakar banse,neutral,negative,0.1382,0.7237
Jai shree Krishna 🙏 jd patel and family everyone happy family wadi na vlog  bahu majja avey aunty ni vatj nirali hoi kam karyaj karey ❤sarika hezu n kanu jalsa karey ❤,positive,neutral,0.1382,0.7236
Jay. Fuabai ma Limbodara,negative,neutral,0.1383,0.7235
Kabita Ma'am aapka instagram story humlog bhut enjoy karte h .. mja aa jata h 😊,neutral,positive,0.1383,0.7233
Without sure kodratni bhet che.,neutral,positive,0.1384,0.7231
Hero lage maro bhai,neutral,positive,0.1384,0.7231
Bhai tmara mama ane lalabhai mojila chhe mja avi Jay really evu j hovu joiye e j jindgi,positive,neutral,0.1384,0.7231
As Cha no masalo banave che ke chicken no masalo banave che. White Mari koi diwas Cha na masala ma na nakhay. She is already adding black pepper. OMG vedio banava kuch bhi ??,negative,neutral,0.1385,0.7231
JAI MATA DI 🙏🏻 🙏🏻🙏🏻🙏🏻🙏🏻,negative,neutral,0.1385,0.723
ha jignesh kaviraj J,positive,negative,0.1385,0.723
Teri to ho hi chuki hu😇🥰 jab se dekha hai tab se khoi bhi hu🥰😘.,neutral,negative,0.1385,0.723
JAI SHRI AMBE MAA,neutral,negative,0.1385,0.7229
Ma mogal maro jivan adhar 🙏🙏🙏🙏,negative,neutral,0.1385,0.7229
tmara gare hve chakuben km nathi avta,neutral,negative,0.1386,0.7228
Hindi Kem naikhu😮,negative,neutral,0.1386,0.7228
Jaydeep bhai bhaniya mate peli reels banavjo mosad maru rajvadu ne mama mara raja re kmk mari mummy ne hu tamaro video Pele thi joye aaj mara mummy  4 years thhi amari sathe nathi to mare piyar bhi javanu bandh 6 to plz amara vati aa banavjo mari mummy bhi upar thi bhi bless karse 🙏,positive,negative,0.1386,0.7228
"I’m also dying to see him in moviessss plzzz Darshan one exclusive movie for us, I’ll be in theatres everyday to watch it on repeat 🤌🏻🩵🧿 I don’t speak Gujarati but I understood most of it n still laughing nonstop 😂🤌🏻👍🏻",positive,negative,0.1386,0.7228
Elvis bhagi gyo k su??? Video edit thai ne nathi aavta…. Salary vadharo to bhagi na jay,negative,neutral,0.1387,0.7227
"Bov mast recipe banavi
Tmari bdhi recipe hu regular jov 6u bov mst hoy 6",positive,negative,0.1387,0.7227
"Navratri special recipe bahut hi badhiya bana hain 👌👍❤ Navratri shubhkamnaayein, jai Mata di🙏 mai dekhti hu Instagram mai aapko",neutral,negative,0.1387,0.7226
Sarikaben ne news batavo neet na paper lick thaya pachi Ketla chokrao a sucide karyo.a to jena gaya hoi ana par su vite tame su jano bolvu selu che ke tame su ukhadi lidhu.ane mehnat kari hoi bau ukhadva mate j pan sarkarr a  moko j na apyo.have tame j kyo kyathi ukhadi lye.nana manso par je atyachar thay che a jovo pachi bjp na vakhan karjo tamara par vitse tyare khabar padse haji bey badko Mota thava dyo bjp hase to tamey anubhav karjo ben🙏,negative,neutral,0.1387,0.7226
Jignesh bhai mast song,neutral,negative,0.1387,0.7226
J d bhai tame bolo ne bov game che love you❤❤❤,positive,negative,0.1387,0.7226
Maja avi jovano recipe,positive,neutral,0.1388,0.7224
Ae toh Amara Diu no che baka.🙏🏽❤️✨,positive,neutral,0.1388,0.7224
Maru name lo,negative,neutral,0.1389,0.7222
A resepi to mane joitij hati,neutral,positive,0.1389,0.7221
KYA BAAT HAI  JORDDDDDDDDDAAAAAAAAAAAAAAAAR BHAI 1 MILLION TARGET THAI JASE,neutral,negative,0.1389,0.7221
Actually me mere beta gym jata hai to ushe healthy recipe khana pasand karta hai,positive,neutral,0.139,0.7221
Recipe vigat writing ma,neutral,positive,0.139,0.722
જય શ્રી Krishna,neutral,positive,0.139,0.722
But expressions ne samjne hi nhi diya ki aap bhul gaye ho🥰😘,neutral,negative,0.1391,0.7217
App videos kab banaoge ?? Bunty kab aega ???,neutral,negative,0.1391,0.7217
Jai shri krishna 🙏🔥💐jai sonbai maa 🙏,positive,neutral,0.1392,0.7217
Jai Jai shiv shambu,positive,negative,0.1392,0.7216
Wah chef maaza aa gaya,neutral,positive,0.1392,0.7216
Kaha se aata he ye talent😂❤✨muje bhi sikhna hai ye🤣,positive,neutral,0.1392,0.7216
Mast song👌👌jigo😍👌,positive,negative,0.1393,0.7215
Khub saras bhai,positive,neutral,0.1393,0.7214
"Thanks a lot for your support to my western friend understand that Jai Rachod Makhan chor was one of the mischief of lord Krisna doesn't mean people who says it must be disciplined as thieves or falshfully put the shoftlifting charges. Sincerely, Deshan Patel.",positive,negative,0.1393,0.7214
Mummy chhe locha padi jase 🤣🤣🤣,neutral,positive,0.1393,0.7214
Khub saras aajno apisode kyk alag lawari,positive,negative,0.1393,0.7214
Koe par vsvas nae karta plis ha,neutral,negative,0.1393,0.7214
"I made this in the morning. I don't even have much experience in cooking, and it was the best Halwa I have ever had. ❤I am still confused how could I prepare such tasty halwa 😅 Main Mummy ko bana ke khilaunga when i will meet her and surprise her. Thanks Kabita Ma'am 🙏",positive,negative,0.1394,0.7213
Tulsi ni manjre pan bagvan ne chravauy cha bhu saru,neutral,negative,0.1394,0.7212
Car lai ne j jav jaipur best che,positive,neutral,0.1394,0.7212
Wow kabita g ye to socha hi nhi ragi se laddu bhi ban sakte h very testy ❤❤❤❤,positive,negative,0.1395,0.7211
Jay ambe Maja Avi ho Vah vah,negative,neutral,0.1395,0.7211
Moj padi gy ho kirtidan Bhai,negative,neutral,0.1395,0.721
Ha Maru gj2 ha,neutral,negative,0.1395,0.721
Same as u ma'am ❤🎉🎉,positive,neutral,0.1395,0.7209
O ho swag,positive,neutral,0.1396,0.7209
Masi right kahe chhe 😊,neutral,positive,0.1396,0.7209
Guest sara lavo yar nhi maja aavti aa loko ma 😮😮😮😮😮😮,positive,negative,0.1396,0.7208
ham ne bhi kiya ❤❤❤🤓ham se bhi sam di ki tarha he ho jata he ❤❤❤❤😂🤓,positive,negative,0.1396,0.7207
Mujhe songs achha lga bhai,neutral,negative,0.1397,0.7207
Vote For Hardik Pandey atyare to ee Free pan hase etle 🎉🎉🎉🎉,neutral,positive,0.1397,0.7206
Aa iron mate enu stain aave ema lagvi ne karvanu hoyi ne aa stim iron che vadhre kari ne silk mate hoyi che mumbai ma kapda stim press mate aavu vapre che,neutral,negative,0.1397,0.7206
DUMAS NO LASKARI BHAJIYA VADO BO LUTE CHHE TAMETA NA BHAJIYA 50 RS NA 3 AAPE ANE RATADU PURI 100 NI 2,negative,neutral,0.1398,0.7205
Hu Regadi Karu chu Garba karu chu Ane Santvani pan Maro Anubhav Mane avu kahe che,negative,neutral,0.1398,0.7204
Ene gya pachi jindgi jaan Puri thay gay,negative,neutral,0.1398,0.7204
Jay sambhu sankar ..har har mhadev,neutral,negative,0.1398,0.7204
Sandhya Ben Wagar block Jovanni Maja Nahi Adi,positive,neutral,0.1398,0.7203
"Shame on you people 
Mane to e khabar nathi padti ke Tamara modha kem bandh chhe ?
Desh ma youth upar thai raheli hinsa upar be shabdo bolavani to kashti karo have 😢😢",neutral,negative,0.1399,0.7202
Kubj Saras 😋,positive,negative,0.1399,0.7202
Na hoy jignesh Bhai,negative,neutral,0.1399,0.7201
View se jyada pyaare aap ho Bhavu🙈❤️,positive,neutral,0.14,0.72
"Sandhya don't waste ur education,do some work from home related ur degree ..job karo at yr  free time, Tamara sasra pase thi koi kam karo...utilise ur study...",positive,negative,0.1401,0.7199
I never felt that I couldn't understand the story line it was so much easy to understand due to their expression and acting,positive,negative,0.1401,0.7199
Fun & friendly dosa che,neutral,positive,0.1401,0.7199
"That ""Mereko khelna hee nhi hai yrr"" was the funniest😂",positive,neutral,0.1401,0.7198
Jay ma mogal Jay ma Bhavani,negative,neutral,0.1402,0.7197
Sarir ma wayu nu param wadhu gayu hoi atale pan thaiy,positive,neutral,0.1402,0.7196
Awosom song bhai,negative,neutral,0.1402,0.7196
Maja avi ho pela jode vat kri ne tame piz ani jode j vato kro ane video banavo maja ave 6 yarr,neutral,positive,0.1403,0.7195
Ava j singer na lidhe apadu gujatari music chali rahyu che bhai 👌🤗🤗,positive,neutral,0.1403,0.7193
Jordaar song Che,positive,neutral,0.1404,0.7191
jay aai khdal khamkakari ❤❤❤❤❤❤❤❤❤❤❤,neutral,negative,0.1405,0.7191
Whaa jiga bhai,negative,neutral,0.1405,0.719
masa no su buisness kejo??,neutral,negative,0.1405,0.719
બેન આમાં કૂકર ખરીદતા પેલા તમે શું ટીપ આપી? તમે બન્ને બ્રાન્ડનું પ્રમોશન કર્યું છે. આમાં કૂકર ખરીદતા પેલા શું કરવાનું ઈ જણાવો અને કાં તો caption બદલો. 😂😂🙏,positive,negative,0.1405,0.719
Moj To Tamari j Ho .........,positive,negative,0.1405,0.719
Vihat mane kon kon like kre🙏🙏🙏🙏,positive,neutral,0.1406,0.7189
Tamari filmo tamari channel ma upload Karo,neutral,negative,0.1406,0.7189
mananbhai hu canada ma chu ane have jamti vakhte tarak mehta ne badale lavari e sthan layi lidhu che..❤,positive,neutral,0.1406,0.7188
Combiflame sauthi kharab dava che pls nai apo dava sarika ben ne,neutral,negative,0.1406,0.7188
Joy ne ichcha thay gay,positive,negative,0.1406,0.7187
Fakt patidar mate che,neutral,negative,0.1407,0.7186
Khub saras Avaj chhe Jigarbhai,positive,neutral,0.1407,0.7186
Jay dip bhai aalshu nathi nathi,negative,neutral,0.1407,0.7186
Bhai bhage જીવ lan,positive,neutral,0.1408,0.7183
Haa mara barot haa,neutral,negative,0.1409,0.7183
Jdbhai jaldi hospital પહોંચો,neutral,positive,0.1409,0.7182
Bhut khub ma'am 💗,negative,neutral,0.1409,0.7181
Jay ambe maa,neutral,negative,0.1409,0.7181
Supar giga bhai❤️👍👍❤️,positive,neutral,0.1409,0.7181
"If it was done here...the background music would have ""yeh kya hua..""",positive,neutral,0.141,0.718
"Labi karo lavari 
Baaaau j majaa ave છે 
Please",positive,neutral,0.1411,0.7178
Supar. Bahi. Song. Se.,neutral,negative,0.1411,0.7178
5vyakti mate katli adki joia,positive,negative,0.1411,0.7178
Pehla tara gujarat na rata sudhar pachi lavari karjee worst road condition in India all Butterworth malfunction worst state road condition pan india,positive,negative,0.1412,0.7177
Sarika ne thodo aaram to karavo full day kaam j karti hoi baki na su kare aur kaamvali rakho,negative,neutral,0.1412,0.7176
Aadivasi samaj ma thi Full sporty,neutral,positive,0.1412,0.7176
Aaji vakhat kai navu laya che gujrati movie vada,neutral,positive,0.1413,0.7175
"Hi Bhavin bhai. 
Kaise ho aap???
Really jugaadu Bhavin bhai. 
Bhavin Bhai mai bhi class ke time book par book rakh kar mobile stand bana lete hu l am also jugaadu .
After soo long aapako dekh kar bohot acha laga really.",positive,negative,0.1413,0.7174
તમે લોકો સંધ્યા ને support નથી કરતા....તક તક કરે છે...મજાક ઉડાવે,positive,negative,0.1413,0.7174
Usme thoda gud bhi milayenge to Aur mast lagega,negative,neutral,0.1413,0.7173
Osumm Sachy ta mara song ma kai k to chy jay sambhr ta j ❤️ tuch,negative,neutral,0.1414,0.7172
Muje khana bana na nahi ata tha fir aap ke vidio dekhi tab se muje aa gaya he thank you dee ❤❤ese hi video dala karo ham seje ko sikhne ko milta he ❤,negative,neutral,0.1414,0.7172
Satvic che,positive,neutral,0.1415,0.7171
Mujhe aapki recipe se bahut kuchh sikhane Ko milta hai aur TRAI bhi Karti hun thank you di🙏🏻🙏🏻🙏🏻🙏🏻👌🏻👌🏻👌🏻💓💓💓💖💖❤❤🎉🎉,positive,negative,0.1415,0.717
Hal muthiya khata khata j tamaro vdo avyo jova ma.mare pan .ast chhe pochha pochha muthiya dudhi na,neutral,negative,0.1415,0.717
Suvichar ma mistake nathi dikra karta dikri ma baap na heart ni najik hoy chhe aem kaheva mange chhe 😊,neutral,negative,0.1415,0.717
education maate ek song thai jay,positive,neutral,0.1416,0.7169
Jay man mogal Khoob Pragati karo Jay Mataji,positive,neutral,0.1416,0.7169
ખંાળિયા nu name sambhde khushi thy hu tya j chu,negative,neutral,0.1416,0.7169
khama bap tamne,negative,neutral,0.1416,0.7169
Ha jignesh barot.tamari.moj,positive,negative,0.1416,0.7168
Vary nice but zaro kyathi lidho saras che,neutral,positive,0.1416,0.7168
Jay Jay jay mogal,positive,neutral,0.1417,0.7167
Jayare pan. Hu. Eklo. Padu. Tyare only. Jignesh. Bhai. Ho............. 😭😭😭😭😭😭😭😭😭,negative,neutral,0.1417,0.7166
Ala stream kya karo cho ko ne yaar ketli comment kare,negative,neutral,0.1417,0.7165
Sachi vat 6 bank vada koi e kam j nathi karvu apda Rs. Mate apde heran thavanu khas karine govt banks SBI BOB,neutral,negative,0.1417,0.7165
wah jigneshbhai tamaru song saras se jordaar 👍👍👍👍👍👍👍👍👍👍👍👍👍👍👍👍👍👍nice,positive,negative,0.1418,0.7164
Jay maa manidhar mogal mataji 🙏🙏🙏,neutral,positive,0.1419,0.7162
Limbu gota ane bataka vada ma su different hoi chhe??,neutral,negative,0.1419,0.7162
Aap hamare allready heero ho hi jd bhai❤😊,positive,neutral,0.1419,0.7162
GUJJU pasand jigneshbhai ABHINANDAN,neutral,negative,0.1419,0.7162
Bhagvan badhanu bhalu karo,neutral,positive,0.1421,0.7158
"Omg ""Mard Tu mera lagta hai"" Iss step par Vishal ne Bhavin par sign kya😲😂😂😂",neutral,positive,0.1421,0.7158
"In karnataka and also Tamil Nadu- we call it bagala Bhaath- we cook the rice a bit soft and well done- donuts soft and mushy hot and we sometimes even add a little milk hot first in hot rice to make it mashed well mushy n creamy soft so it tastes extra creamy soft- then we add thick sour curds to the mashed soft rice add salt and mix well then add grated thin carrots , some fine chopped or grated skinned and seeded cucumbers too if we have fresh ones at home- yes and you can add pomegranate seeds for a seeet tangy taste some people add green grapes too for sweet sour taste - then put tadka of mustard seeds chana dal urad dal curry leaves , dhania leaves , 1/4 th piece ginger , chopped or slit green chillies without seeds n directed chillies too if you like it spicy - add this tadka and mix well with curd rice n enjoy Bagala Bhaath! Yumm!❤😋😋😋",positive,neutral,0.1421,0.7157
Maatam shabd Mahaatmya thi banyo che.,neutral,negative,0.1421,0.7157
salman ko salman khan bolo kyu bhai vtai,neutral,negative,0.1421,0.7157
Jay bhimnath Mahadev,neutral,positive,0.1422,0.7156
Jignesh bhai no filter chhe ❤,positive,negative,0.1422,0.7155
દીપભાઇ ની Poetry,neutral,positive,0.1423,0.7155
tamara aa badha video songs kyare aavse 1=ore vidhata 2=jakhmi shayar 3=tane kya padi mara jivva maravani 4=abhiman 5=jalim 6= a ash kare mhel ma hu jer piv jelma 7=gujrati ash kare aa badha song banavo plz boom padshe all songs khubj sars chhe vikrambhai,neutral,negative,0.1423,0.7154
Bhai jaldi jao jim ma saru che jim javu,neutral,negative,0.1424,0.7152
"Jaydip Bhai, Welxome Back Man... You were being missed. Tamari jode maja vadhi jaay che...Sarika tries well, but yours is different....No Offence to Sarika Ji.",positive,negative,0.1425,0.715
Bahot acchi he aap sas,positive,negative,0.1425,0.715
kone keva kapda pehrva potani choice che aapde aapdu karay aapdi amuk vastu bija ne na game 😢😢,negative,neutral,0.1425,0.715
Jay dwarkadhish.supar song,positive,neutral,0.1425,0.7149
"Surat no sewage system seems to be horrible 
Itlej paani bharai gayu che
Municipality has to clean the sewage n gutters before the monsoon arrives 
I hope u agree to this",positive,negative,0.1426,0.7149
Jay ramdev jor song thakor,negative,neutral,0.1426,0.7149
Aa recipe old che aama kai new nathi,positive,neutral,0.1426,0.7148
તમારા senior ને મળો,neutral,positive,0.1426,0.7148
"Jaydeep bhai mehnat karo, fal ki asha mat karo, maata raani aapke aur aapke parivar k saath hi hai",positive,negative,0.1426,0.7148
Jai Chhath Maiya ji,neutral,positive,0.1426,0.7148
JD bhai movie ma acting karta hoy evu lage chhe,positive,neutral,0.1427,0.7146
Jay shree ganesay namah,neutral,negative,0.1427,0.7145
"Kirtidan saheb Tame aama naa sobho . Tame to sahitya na raaja chho , tame amaj sobho . 👍🙏",neutral,negative,0.1428,0.7145
Jigar sir maa mogal tamne  aa rite aagal lave aevi prathna chhe tamari voice to su chh ae koi n khabar nathi pan mu to tamne kharo gujrati kashish sir ♥️👑,neutral,negative,0.1428,0.7144
Jordar song #mojilorayko mara video jovo,neutral,negative,0.1428,0.7143
Ha bewafa song is King ha,positive,negative,0.1429,0.7142
Bahot badhiya hai,positive,negative,0.143,0.7139
Jai ho Jai ho,negative,neutral,0.143,0.7139
Mera favorite he mango jitna do itna kha lete hai,neutral,positive,0.1431,0.7139
Jai ma mogal ma,negative,neutral,0.1431,0.7139
Sandhiyaji ne good news lage che❤❤❤❤❤❤,positive,negative,0.1432,0.7136
moj ma dabal moz,positive,neutral,0.1432,0.7136
Bajre da sitta se yaad aaya Bhaveeksha song kab aayega woh Chandigarh wala?? 👀,positive,negative,0.1432,0.7136
Besra Bird hai,positive,neutral,0.1432,0.7135
Va kaviraj tamari boom ha,positive,negative,0.1433,0.7134
Umergaam  ma paani bargaya hai. And 9 inch barish huwa hai,positive,neutral,0.1433,0.7133
Gaman Santhal Ne Lavo Have,positive,neutral,0.1433,0.7133
Mumbai mein to Hapus aam hi  khate Hain  rs 1500 rs darjan,neutral,negative,0.1434,0.7133
Zharna ghee from where to purchase?,negative,neutral,0.1434,0.7133
Jay ma vihat Vah jigneshbhai..... ધન્ય છો તમે...,neutral,negative,0.1434,0.7133
Aa orignal soi nathi,negative,neutral,0.1434,0.7131
Saras geet jigrdan,positive,neutral,0.1435,0.713
About the suprise thing jaydeep bhai I think it can be a movie or a small mini flim that u and darshak are working on because he has already worked in a swaminarayan movie so I think so .,positive,negative,0.1435,0.713
Lagan geet ma campose beutiful,negative,neutral,0.1435,0.7129
Ha maru tarabh vadinath 🙏🙌🌹 Jay vadinath har har Mahadev ❤️❤️❤️❤️🌹🌹🙌🙌🙏🙏😘😘🥰🥰☺️☺️👑👑💐💐🔱🔱😍😍💯💯💗💗👍👍💝💝💞💞🚩🚩💕💕🔥🔥💖💖❣️❣️🙏🙏🙏🙏🙏🔱🔱🔱🔱🔱,positive,negative,0.1436,0.7128
Saras jiga bhai 👌👌💯,neutral,positive,0.1436,0.7128
Hu pan harivila no 6u may be tamne yad hoy to,neutral,negative,0.1437,0.7127
Finnally target pura ho gayaaa😁😁🤩🤩🤩❤❤❤,positive,negative,0.1437,0.7127
Supar mara bhaiiii,positive,neutral,0.1437,0.7127
Jignesh bhai supar,positive,neutral,0.1437,0.7126
Mee izzz thinking woh iphone hai kya iphone ka box 😂 lol,neutral,positive,0.1437,0.7125
લાખેણો કૂવો.....beat name. ભાવના ben ની વાત સાચી છે.... ઢોકડી એક સાથે નખાય...... આમ તો અડધી કાચી રેય.,positive,negative,0.1438,0.7124
"Me vikram thakor abhineet ek pan chalchitra nathi joyu, pan su vansli vagadi chhe ❤ waah 😊",neutral,negative,0.1438,0.7123
Laddu banava tene krta plat ma nakhi ne brfi typ banavi shkai??,negative,neutral,0.1439,0.7123
Ben surati lage chhe tt bole chhe,neutral,negative,0.1439,0.7122
Bhai tamaro Aaj khub j saras che❤🥰❤️🙏🙏,positive,neutral,0.144,0.7119
Jay ma vihet,neutral,negative,0.1441,0.7119
Ha aamara thakor samaj na king ha,positive,negative,0.1441,0.7118
A su banavu,negative,neutral,0.1442,0.7117
Mara husband astrologer che ane e ekdm accurate jove che.maro timing born no nhoto to pn emne Maro nature joi ne timing fix kryo ane exact j kidhu e pramane j thy che badhu,positive,neutral,0.1442,0.7116
Mai Hu Bihar ki But Niwasthal Jharkhand Radhe Radhe Jai Sri Ram,neutral,negative,0.1442,0.7115
Wah jitubhai... saras,positive,neutral,0.1443,0.7114
Ha Amaro Thakor samaj Ha,positive,neutral,0.1443,0.7114
Mara tafthi 10 ganu name thay tamaru ok by,neutral,negative,0.1443,0.7113
Aakhi duniyama Darek jagya a matlbij preem malse Jo Sacho prem khali ne khali Aapdi Ma j krse Jema koi swarth Ke koi Matlab Nathi So Love You Mom,negative,neutral,0.1444,0.7112
mast DIRECTOR : PRANAV JETHVA,neutral,negative,0.1444,0.7112
Lyo blo kyakj varsad nathi baki badhe saru chhe aane 2027 ma javab devano chhe,negative,neutral,0.1444,0.7111
OTT ઉપર રીલીઝ કરો,neutral,negative,0.1445,0.7111
Jay Thakar Supar hittt song,positive,neutral,0.1445,0.711
Yad atti hai APNI purani team ki,positive,neutral,0.1445,0.7109
Apne bhi toh humari neend churai hai 🙈❤️,positive,neutral,0.1446,0.7109
Ha Sachi vaat Che Marriage thaya hoy te saal ame Achar nathi banavta 👍,neutral,negative,0.1447,0.7107
Vikrambhai hu tamari badhi filmo jovu su,neutral,negative,0.1447,0.7106
Jordar movie chhe BRO ❤,neutral,negative,0.1447,0.7106
ha tamari dosti ha,neutral,negative,0.1448,0.7105
Inveter nathi? Hoy tho betteri uper rakhy,neutral,negative,0.1449,0.7101
Tamne subscribe karva ma su bagdi javanu Che #ds_creative_6823,negative,neutral,0.1449,0.7101
Ha mara Guru ji ❣️ niec song,positive,negative,0.145,0.7101
Bhi gta na video Nako ne ek ne ek video ho jo Karu 6u nawa video Nako plz,neutral,negative,0.145,0.7101
Mari pase geet che products karso,negative,neutral,0.145,0.7101
Film career banao so bolo bhai,neutral,negative,0.145,0.71
"Diwali nu kam kru chu😂
Kam krta krta aa song sambhdva ni bov aave che
Nonstop repeat mode ma aa song sambdhu chu 
Song chalu thay ane kam karva no jusso aave che jigra


What a enthusiastic song❤Lots of love🧿",positive,negative,0.145,0.7099
Jay hoo sri sonal mat,positive,neutral,0.145,0.7099
Chilli potato ki recipe bnayiye na chef kabita ma'am ❤❤ aapki recipe se try Krna hai,neutral,negative,0.1451,0.7098
Hjuto shrkha mala pn nta tya kudrte Mari jan lylidhi aem ne,negative,neutral,0.1451,0.7098
Mast Lage che hidola,positive,negative,0.1451,0.7098
14:34 amul nu name bolya chhe (kem ke amul anand ni chhe)😂😂 and me treadmill ubhu rakhi aa comment karyu chhe...pan charotar ma aa show thayo to bav majja aai ....one of the best show,positive,neutral,0.1451,0.7098
jay sonal maa kub sarsa jignesh and sagar bhai aagala vadhe aavi aasha,negative,neutral,0.1451,0.7098
Jay Khol Devi Marina Mata,negative,neutral,0.1451,0.7098
Vikram Bhai To Bhai Che ❤❤,positive,negative,0.1451,0.7097
Jignesh bhai Aa song mara mate bau laky che🙌🙌,positive,neutral,0.1452,0.7097
Main aapki bahut badi fan lekin aapane type tiger Shroff se kaise Mila,positive,neutral,0.1452,0.7096
"Chand to 6 aasmane 
Pn tu nathi ❤️❤️❤️
👏👏👏👏",positive,negative,0.1452,0.7096
Jay vihat maa 🙏 kuldevi Krupa 🙏,positive,negative,0.1453,0.7095
JAY SHREE SONAL MA NI KRUPA,negative,neutral,0.1453,0.7094
Bhai porbandar ni vat je bhai gava nu kiye che ane moklo porbandar mari pase,neutral,negative,0.1454,0.7092
Milk add karke aamras bananey se aam ki heat kam ho jati hai aur thoda easy ho jata hai digestion k liye,neutral,negative,0.1454,0.7091
"I am shocked to see her on this show.
Being a Maharashtrian, we have seen her in many Marathi films and TV serials. Not aware she can speak Gujarati so fluently....",positive,negative,0.1455,0.7091
*JäY HØ મારી માં😘 mOGAL માં*,positive,negative,0.1455,0.709
Sachi vat 100 taka vikarm bhai thakor,negative,neutral,0.1455,0.7089
"Ala guest ne to bolva do laa

As special chirayu vat no chhed udavi de 

Thoda divas ena vagar ek be show karo aaram aapo 

Deep and Om banev best chhe",negative,neutral,0.1455,0.7089
સંધ્યા ji ne jo chivda banaya usko recipe  share  karo,neutral,negative,0.1456,0.7089
Jay visat ma gunvant mama,negative,neutral,0.1456,0.7088
આ સોંગ નુ Green Status જોવા માટે અમારી ચેનલ ની મુલાકાત લો...જય મેલડી મા,positive,negative,0.1456,0.7088
Tme ધૂમ machavso bhavin bhai,negative,neutral,0.1456,0.7087
2024 kon kon AA git sambade se,negative,neutral,0.1457,0.7087
Hello. બેન હું સુરતમાં રહું છું. તમારી રસોઈ નો સુરતી ટેસ્ટ મને પસંદ છે. તમે પ્રસંગે કેટરિંગ વાળા ની જેમ રસોઈ બનાવીને આપવાનું કામ કરો છો ? જો એમ હોય તો મને તમારો કોન્ટેક્ટ કેવી રીતે કરવો તે જણાવશો?,positive,negative,0.1457,0.7086
Jinone khud humari neend le gaye hai aur wo humse keh rahe hai apni neend le jane ke liye🙈🥰,positive,neutral,0.1457,0.7086
Mast che song Jiggra❤,positive,negative,0.1458,0.7084
Chaaa jindgi ma na pidhi hoi to pava khava nay ???? 😂😂😂😂,neutral,negative,0.1458,0.7083
🙏🙏🙏 Jay Jay maa mogal 🙏 🙏 🙏 🙏 🙏 🙏 Jay Jay maa sonal 🙏 🙏 🙏,positive,negative,0.1459,0.7082
Jene pan unlike Karu Te gando che,positive,negative,0.146,0.7081
Wah kirtidan Jay mogal,positive,neutral,0.146,0.708
"Aalsu to ho hi aap
Jaydeep bhai aapne kitne mahine pahele bola tha bhajan Chanel ka abhi tak nai kiya aapne 
Baki aapki comedy entertainment , or moj aalsi nai hai ✌🏻👍🏻😂🫣",positive,neutral,0.146,0.708
Khub saras song jigabhai,negative,neutral,0.146,0.7079
Palak shurma jain resipe apo ne,negative,neutral,0.1461,0.7079
આ સોન્ગ ને દિવસ માં ઘણી વાર સાંભળી ને આંખમાં થી આંસુ આવી જાય છે મારો પેલો પ્યાર યાદ આવી જાય છે સુપર સોન્ગ જીગા ભાઇ Miss You Mara Love 🥺Mari Jaan Rinku🥺,positive,negative,0.1461,0.7078
Ma'am rasogolla odisha ki hai,negative,neutral,0.1461,0.7078
diljale movie aavi rahyu se bhai,neutral,negative,0.1462,0.7077
"video thodok tuko thay gayo che ///
aa valo vidio lambo hot to vadhare maja aavat .",neutral,negative,0.1462,0.7075
Vah Bhai Moj,positive,negative,0.1462,0.7075
Hi didi ky ap tasty and healthy snacks recipe la skte h ek video 6 recipe without fried and to improve hair healthy and skin pls,positive,neutral,0.1463,0.7073
Ha aashik ha,negative,neutral,0.1464,0.7073
"धन्य हो सर जी,कोई शब्द ही नहीं है।stay at home stay safe. Jai BHOLENATH JAI HO MAA SHAKTI...SABHI KO SAHKTI PRADAAN KARO , BHOLENATH RAKSHA KIJIYE SABHI KI.",positive,negative,0.1464,0.7073
Sarika is correct it's till the nose,positive,neutral,0.1464,0.7072
Jay valinath Mahadev,positive,neutral,0.1464,0.7071
Partham Barmaji......madhaym. Viasnu...ane..ant se Mahadev har har jay moagl jay Valmiki dada,negative,neutral,0.1466,0.7069
Saty mev jayate.nyay no divas aavi rahyo che.pastavo Kro,negative,neutral,0.1466,0.7069
Jay bhola nath.,positive,neutral,0.1466,0.7069
aa nhi hale gayk ma,neutral,negative,0.1466,0.7068
"Memes na timing ekdum jordar che…
💯🔥😎👌😂🤣",positive,neutral,0.1466,0.7067
"Amara jungadh ma pan 3yr pela avi rite j pani avi gaya hata ,upper vass ma thi pani avi gaya hata akha ghar ma kichad kichad thai gayu hatu, 1 month sudhi saf safai chali hati😂😂amne tamri situation feel kari saki chi",neutral,negative,0.1467,0.7066
Hum bhi bhale bnyyege. Dekhne ke bad.,neutral,negative,0.1467,0.7065
Mara Bahu j saras banya,positive,negative,0.1468,0.7065
Wow mam mane to khava nu mane thi guu tyy.. & kale banavish,positive,negative,0.1468,0.7064
But aa su che aarohi employment  yojna?,negative,neutral,0.1468,0.7063
Milk powder kitna add kare ya mawa add kare toh kitna add kare pls tell,neutral,negative,0.1468,0.7063
Nava jamana na nava music instruments pn amuk song j samay mujab banya hoy ema e j instrument suit thai pn nava instrument hoy to navu j songs hova joy.,negative,neutral,0.1469,0.7063
"Ye to shuru hote hi khatam ho gaya 😅 10 Minutes no video banavo manan bhai, Hu lunch karti vakhate  tamara videos jovani maja aave che pan 6 minutes ma lunch kai rite karu",positive,negative,0.1469,0.7062
Song chalu thata pela like dabave a pakko gujarati 😁,positive,neutral,0.1469,0.7062
"With all due respect,jaydeep bhai ,just research the word DEEP STATE AND SOROS , your eyes will open wide , there is only one truth ,that Modiji is with sanatani ,all this so called movements are funded by soros and activated by opposition",positive,negative,0.1469,0.7062
I gfgl it to,positive,neutral,0.147,0.7061
Aava bakvash seen pan hoi che gujrati ma ne aava bekar kalakar hoi aaje j joyu,negative,neutral,0.1471,0.7058
Sarika bov comedy che😅 ye mere bachhene comment likhi,positive,neutral,0.1471,0.7058
Nasa ye fakki ka nasa he🎉guter ting tig bazao🎉kaha bhhe thuko mat yaro🎉raho tum hoss me kathiyavadiyo❤❤❤❤,positive,neutral,0.1471,0.7057
Jd bhai  sorry to say per tamara per log hair  sara nthi lagta,positive,negative,0.1472,0.7056
jay ho kaviraj,neutral,negative,0.1472,0.7056
Bahu mast bhajan che bhai ❤,positive,negative,0.1474,0.7052
Hamne. Bhai. Kabhi. Nahi.  Bnyaya. Khya. Bhi. Nahinhai,neutral,negative,0.1474,0.7052
Manigyo Bhai Layo layo,negative,neutral,0.1474,0.7052
Vah music king super star vikram bhai thakor ...... Gjb ..........🎶🎶🎶🎶🎶🎶🎶🎤🎤🎤🎤🎤🎤🎤 Bhai hu tamane joi ne j flute and singing shikhyo chu hu tamane mara guru j manu chu aam to aapne ketlay var phon ma and 1 2 vakhat vidio call ma vat kari 1 varsh thi aapne vat nathi kari hu ek day tamara home aavish bhai ... Love u vicky bhai..... 🙏🙏🙏🙏🙏🙏🙏🙏,positive,negative,0.1475,0.7051
Aadivasi timli song banavo vikram bhai,negative,neutral,0.1475,0.7051
Baat to sahi hai 😂😂😂🎉🎉,positive,negative,0.1475,0.705
"Sheetalben tamne vat karta sambhalinej puro vdo joi nakhyo ,bahujaja aavi, ame bharela shak maagfali-ganthiya-tal noj coarse powder vapariye chiye, bahu yummy 😋i",positive,neutral,0.1475,0.705
Badhu thik pan aama Mumbai jevu ak bi seen nathi lagyu 😅🤣,negative,neutral,0.1475,0.705
Gujarati actor Hiten kanodiya jeva same j.,positive,neutral,0.1476,0.7048
Jay mogal ma.....Jay mataji,neutral,negative,0.1476,0.7047
Jay sonal màà,negative,neutral,0.1477,0.7046
Vikram bhai thakor,positive,neutral,0.1477,0.7046
Oh my God 😂amo lunch kariachhia apka toilet  and potty ki bat agai  sab bata achhi karataho but toilet   kyu dikhataho😅,positive,neutral,0.1477,0.7046
Aap jio hajaro sal,positive,negative,0.1477,0.7045
Jor dar ... Mast chhe bhai gajab..... When I want to sleep but some time I can't sleep that time I listen this and sleep,positive,negative,0.1478,0.7045
Kirtidan bhai kale ek bav j prasidh bhajan je mei Niranjan Dada na avaj ma j sambadyu che evu Gagan gadh ramva ne avo gaso ?,negative,neutral,0.1479,0.7042
Allah aap ki mdad Kare bhi,neutral,negative,0.1479,0.7042
kone kone jignesh kaviraj na song game chhe like karo😎😎😎😎,positive,neutral,0.1479,0.7041
Bov j must muvie che ho yarr..❤😊 mn fresh thy gyuu..💗🫶🏻,negative,neutral,0.148,0.7041
Gaman bhuvaji thodo avaj change thayo aevu lage che..baki to mst gayu che,negative,neutral,0.148,0.704
Kirtida bhai ladli song....,neutral,negative,0.148,0.704
Jignesh bhai tamara tole na aave koi😈😈,neutral,negative,0.1481,0.7038
Wah Ben tamo e khubaj saras rite patra banaviya chhe thankyou,positive,negative,0.1481,0.7038
Khub srs aakhu muvi btavo,positive,negative,0.1481,0.7038
Saras 👌👌🌹 harsad mer song 🙏🙏,neutral,negative,0.1482,0.7036
Tamari rit barabar nathi,neutral,negative,0.1482,0.7035
મારી જાનુ મને ભુલી જાઇ એ ગીત તમે બનાવો vikarm bhai,positive,negative,0.1482,0.7035
Is this really shot in the hall with audiance? Except voice even for once audiance was not shown 🤔,positive,negative,0.1483,0.7035
"""too.. Siddha tum esa bhar nikal k haina, dariye me esa jhampla sakte ho!"" 😁",positive,negative,0.1483,0.7035
Aa song mate kay words nathi ❤️❤️❤️❤️🎉 Ruvata ubha kri de avu Git and rag chhe ❤️❤️❤️,positive,negative,0.1484,0.7033
Have  devayt khavad  ne bolavo please,negative,neutral,0.1484,0.7032
Thakor નામ ના લેવાય મજા આવે નહીં રીકસ હોય ત્યારે Thakor Fiksh hoy Thakor betha hoy power na karye,negative,neutral,0.1484,0.7032
Jay shree Somnath parvati ma aaval ma mogal ma jay Mahakal Ujjain mahakalima kedarnath kailash parvati ma aaval ma krupa magal ma krupa sonal ma kuldevi ma meldi ma gatral ma gel ambe ma vihat ma pitru devo 12 jyotirling 51 sakti hari dwar om namah shivay jay shree Krishna radhe siya ram hnumate laxman ji bharat ji jay sai baba jay rama pir jay vachhraj jay shree gaytri ma jay shree higlaj ma,negative,neutral,0.1484,0.7032
Bhai je improvise karo chho show vakhte ena pan videos post karo as a different IP. Camera setup to hoy chhe j.,negative,neutral,0.1484,0.7032
Vah kaviraj jay valinath 🚩,positive,negative,0.1484,0.7031
Om. Shanti. Billimora. Mey. Varsha. Patel. Dr. Skin. Tritment. Karey. Pimpal. 4.din.mey.khatam.ho.jayeygey.,positive,neutral,0.1485,0.7031
Aesha kuch hota he meri sas ne bhi nhi bnaya tha aachar,neutral,negative,0.1485,0.7031
Tame amara badha ni comments khare khar vancho chho? Ha k na ?,neutral,negative,0.1485,0.703
jordaar jiga.bhai,neutral,negative,0.1486,0.7028
HA DOSTI HA,neutral,negative,0.1486,0.7027
om shanti.....Jay Babari 🙏,positive,neutral,0.1486,0.7027
Watch Phir Hera Pheri in Gujarati - For More Such Videos Subscribe to our channels - Follow us on Facebook - facebook.com/shemaroogujarati Instagram - instagram.com/shemarooguj Twitter - twitter.com/ShemarooGuj,positive,negative,0.1487,0.7027
Maine bhi pehli baar he suna hai,positive,neutral,0.1487,0.7026
"Okay like I'm not able to believe it's his voice only I mean offcourse we have listen his vaaani already many times, even have listened songs too in his voice but this one 😭❤️ The versatility in his vocal cords 🙇🏻‍♀️🙇🏻‍♀️ hatts off Bawa 💕",positive,negative,0.1487,0.7025
Muh me pani aa gaya mam,negative,neutral,0.1487,0.7025
Jay alakhdhani Baba Ramdev ki jai ho Taro,positive,neutral,0.1487,0.7025
"The Lavari Show—Upcoming Shows:
https://in.bookmyshow.com/events/the-lavari-show/ET00477321?fbclid=fbclid

Also, do join the Hara Bhara Bhidu Sena on 21 Feb at P. P. Savani University (Surat) with Manan and Chirayu.",positive,neutral,0.1488,0.7024
Hi didi I was very little girl wen i used to watch ur cookinh Now m big and successful in life i just remembered ur name and have just seen u to find out that u r ok?,positive,negative,0.1488,0.7023
Sachi watt che jiga bhai,negative,neutral,0.1489,0.7022
Voice nathi video ma,positive,neutral,0.1489,0.7022
Location in Mandvi Kutch Gujarat,positive,neutral,0.1489,0.7021
જયહો Jay Ho દિપોમા,positive,neutral,0.149,0.702
Aa Katra che ame aane કાતરા kaye,positive,negative,0.149,0.7019
Tiger to Tiger se ho bhai,neutral,negative,0.1491,0.7019
Supar song chhe ❤jignesh bhai kaviraj ❤🎉,positive,neutral,0.1491,0.7017
Vikram Bhai Tamri 🙏🏻 Baa Ne Om Shanti 🙏🏻,neutral,negative,0.1492,0.7017
"તમે લખ્યું એ મેં સોંગ બનાવી દીધું | 
https://youtube.com/shorts/FL2PCWHBY20?si=gMfi-FkJD1DdpERB",positive,negative,0.1492,0.7016
"Snappy bhale umar ma nano lage 
Baki umar karta shbdo tena dhardar chhe …..",positive,neutral,0.1492,0.7015
Lavari krta podcast vadhare lage chhe.,positive,neutral,0.1493,0.7014
JD bhai gujrati movie banvo che ke hindi?,positive,neutral,0.1494,0.7013
Bhodana aetale su Bhai ?,negative,neutral,0.1494,0.7012
Costco ma tamo shoping karo chho ane je te product na bhav janavo chho pan aa bhav kilo na chhe ke te tamo janavta nathi to have je kharidi karo teni price ane vajan means aa price kilogram ni chhe shu te janavo to khabar pade,neutral,negative,0.1494,0.7012
3:58 adanan ni vat kare che😂,neutral,negative,0.1494,0.7012
Same lines aapke liye hain BHAVSU❤️,positive,negative,0.1494,0.7011
Jai Maa Ambe 🔱🫶🏻🫠,negative,neutral,0.1495,0.701
Kaan sheri ramo doesn't have any meaning....what are these lyrics ??,neutral,negative,0.1496,0.7009
16:59 Vaat sachi chhe,positive,neutral,0.1496,0.7008
Suppar song vikram bhai,neutral,negative,0.1497,0.7007
Vahh jigraa jyare aa sambhliye etle same ubhi hoy mari ladli,positive,negative,0.1498,0.7005
Bhgavan mataji ne ame prathana karishu Amara super 🌟 Vikrambhai Thakor ne tandurast rakhe koy jat no rog no ave,positive,neutral,0.1498,0.7004
"Hrithik Roshan na Lakshya movie na Main Aisa Kyo hoon, song ma movie ma sneeze chhe.",positive,neutral,0.1499,0.7003
Mr Mahakal A1 નામ છે,positive,negative,0.1499,0.7003
Aj ka suvichar he kaka no laheko mst che like mosikaka,positive,neutral,0.1499,0.7002
Mare pan tamari jem singer banavu che to tame mane sapport karo,neutral,negative,0.1499,0.7001
Jigneshbhai mate Ek like,positive,neutral,0.1499,0.7001
Jay mogal..charaj khub saras 6e ma mogal banavnar and sambhadnar banne ne sukhi kare tevi prathna,positive,negative,0.15,0.7
Ha moj ha jiga bhai yad have kare che janu apadi,positive,negative,0.15,0.6999
Aap ka yotub dipi ye rako,positive,neutral,0.1501,0.6998
Su thyu didi ne,neutral,negative,0.1502,0.6997
Bhavu camera thik hai video banne ke baad😂❤️,positive,neutral,0.1502,0.6996
Heroin na hath ma je troly bag chhhe copy to copy mari pase chhe,negative,neutral,0.1502,0.6996
Jaydeep bhai tame jiyare jiyare mama mosar ma bhega thay tiyare bovj maza aave hasavani ❤❤,positive,neutral,0.1502,0.6996
HEPPY maha shivratri mota bhai hu Dahod thi su bhai,negative,neutral,0.1502,0.6995
Bhai apki hairstyle dekh ke dance vala terence ki yaad aati hai,positive,neutral,0.1505,0.6991
aaj mare pivo che preet no pyaalo 😍😍 ek or song sir saybo re govadiyo vadu thay jay 👌🏻🤩,neutral,negative,0.1505,0.6989
Hamare Bhavsu ka gana ganeka style kuch alag hi hai....😁❤,positive,neutral,0.1505,0.6989
Amara Rajkot ma Bhavani na gola try karo 400 thi start thay nd Ema fry dryfruit nu 1 packet aape😊😊😊 yummy....😊,positive,negative,0.1506,0.6989
Big fan manan bhai ahemdabad kyare avo cho ❤️❤️❤️❤️,positive,neutral,0.1506,0.6989
Tamari tarif karva mate sabdo nathi,neutral,negative,0.1506,0.6989
Khubaj Sara's chhe,positive,neutral,0.1506,0.6988
આવું ના કરાય કાના Watch Full Song Video,positive,negative,0.1506,0.6988
12:18 My man asking the real questions😅😅,positive,neutral,0.1507,0.6987
Ha dansaheb ha,positive,negative,0.1507,0.6986
Vavazoda ni sakyta nathi 22 September thi chomasu boday lese,negative,neutral,0.1507,0.6986
Supar Bhai gayo. To,positive,neutral,0.1507,0.6986
Thanks alott ma'am...bahut zabardast bani maithi ke parathe👌🏻👌🏻❤❤,positive,negative,0.1507,0.6985
Preet de chhe koi ne saad.......re.........❤️,neutral,negative,0.1508,0.6985
Muslim pase thi kai iskhva jevu nathi,negative,neutral,0.1508,0.6985
Apdi chenal pan jojo badha dear,positive,neutral,0.1508,0.6984
"Oo gadhada oo ketli var Ahmedabad ma aawya cho ?
Ahmedabad ne shu karva badnam karo cho ?
Gadhadao aa surat nathi
Sala tame majuro tame nahi sudhro😢😢😢😢😢",neutral,negative,0.1508,0.6983
"Testy recipe Good job... Plz sweet shakkar para ni recipe share karo, with exact measurements... Dikri o ne upvas ma chale teva... Aluna vrat ma Please fast upload karjo",positive,neutral,0.1508,0.6983
Kash aesa hota insan bina kahe bate samjh zate problem khatam Ho zati nhi ❤️😂😂😂😂😂😂😂,neutral,negative,0.1508,0.6983
"Are Wah wah 👌🏻👌🏻  kya thi lavo cho.... New New recipes...
Juvar na lot ni sukhdi 😋😋😋😋👌🏻👌🏻👌🏻👍🏻👍🏻",positive,neutral,0.1509,0.6983
Tari yaad bov aave chhe miss you jaan 😢😢,neutral,negative,0.1509,0.6983
Ham bhi kal rat ko consert me the apko dekh ko vha dekhake bahot acchaa laga ❤❤,positive,neutral,0.1509,0.6982
A1 song jignesh bhai,positive,negative,0.1509,0.6982
Vrraja ne pokhna krya hoy tene  oe vrma   bnya hoy tene achar na bnavay,neutral,negative,0.1509,0.6981
Jay jay maà hîñglàj,negative,neutral,0.1509,0.6981
Ye 5 minutes Mai to sirf grill hi hogi baki 30 to 40 minutes ka process hai di,negative,neutral,0.151,0.6981
Aa jgya kya che ??,neutral,negative,0.151,0.698
krishna bhai gadhvi tamaro avaj pan tamara pappa jevo j saras 6 😊😊👌👌 jay mogal🙏,positive,neutral,0.1511,0.6979
"Main Bihar se hoon, aur aapki Bihari thali dekhkar dil khush ho gaya. ❤️ Bilkul ghar jaisa authentic swaad laga. Hostel ke din yaad aa gaye, main bhi aisi thali banati thi aur sab log bahut tareef karte the. Bahut pyari recipe, shukriya! 🥰🙏",positive,negative,0.1511,0.6978
Sarika jo tamne gujarati atpatu lagtu hoi to hindi ma read karo ane tamne ema Kai pan confusion hoi to tame mane puchi sako cho km k hu ISKCON thi connected chu Ane kadach hu tamara question no ans aapi sakis Ane BHAGVAD GEETA vachavu samjvu khub j jaruri che HARE KRISHNA 🙏,neutral,negative,0.1511,0.6978
Jay ho Jignesh Barot & Sagardan Gadhvi,positive,neutral,0.1511,0.6978
Su faydo aatla amir no loko 2000 loko ne khavdaviyu aema to gani vatave,neutral,negative,0.1511,0.6978
Mast video che,positive,negative,0.1511,0.6977
Bav majbut shong se 👍,negative,neutral,0.1511,0.6977
માય સેનલ share price,positive,neutral,0.1512,0.6977
Konu lakhelu chhe a git..?,negative,neutral,0.1513,0.6974
Chand to Che Aasmane pan tu Nathi Heart Touching Line.😍☺️💓,negative,neutral,0.1513,0.6973
Didi jab aap gaon jate ho vaha ke vedio dalte ho to bahot bahot achchha lagta hai,negative,neutral,0.1514,0.6973
Jaydeep bhai koi na comments maan ma nai leta …. Badha Navri Bajar che comment karwa wada don’t take it to heart,neutral,negative,0.1514,0.6972
Mam saras recipe👏👏 aapi shivaratri pahela,positive,neutral,0.1514,0.6971
Mere dil ko bhi tumse pyarr hua hayee 🙈🙈🙈❤ tabiyat kaisi hai ji ? ❤,positive,negative,0.1514,0.6971
Aa geet lagan ma dhoom machavse d.j system par....avaj effect eco aj rite na geet gao,negative,neutral,0.1516,0.6969
Tiger jordar che song,positive,negative,0.1516,0.6969
"Song khub s srs che 
Aam ne aam tamara avaaje badha ne mojj aapta rejo
Jiga bhai🙏🏻",positive,negative,0.1516,0.6967
"Gadi chalao pote pachi kabar pade kon lute se,47 km na 535,su tamari gadi hoy to su tame jalavana.. company and customer j driver ne lute se..badane saru lage se 47 km na 535 ma malese super se e to potene 1 year incriment na vade tyare kevu lage,evu j amne fil 4 year driver bhai bhogvi rahya se ane tamne ane badhane ferve se kemake emne pan family se....medam",negative,neutral,0.1517,0.6965
Jay shiv shakti,positive,neutral,0.1518,0.6964
Jaydip Bhai mari Ben ne baby aavi che enu Nam hezal aapyu che badha ke che hezal muslim ma hoy che to hezal no arth su thay aano reply aapjo please riplay aapjo,neutral,negative,0.1518,0.6963
2nd song nu su name che?,positive,negative,0.1518,0.6963
Ha suparstar Vikrambhai,negative,neutral,0.1519,0.6963
Jyare social media no trand noto ne juna jamana ma tyare loko gam na chore besi ne panchat krta ek bija na ghr ni ane ghr todavta aaj online panchat thai che ane ghr todave che koi thi koi nu sukh jovatu nthi je je khrab commente kre che ema thi ketlay na mummy papa vrudha aashram ma hse ketlay na bhayu bhayu alg reta hse athva ketlay na mummy papa bhayu bhayu na vara ma sacuvata hse tme vlog bhavo cho atle tmaru dekhay che comments krva vada vlog ny bnavta mate enu ny dekhatu,negative,neutral,0.1519,0.6962
Hu pan rah jovu bhai tamara vidio ka,positive,neutral,0.1519,0.6961
Jigrra taro avaj k su,positive,neutral,0.152,0.6961
"101 to aapne jada hi bol diya, humne to 11 aur 21 ke lifafe me enjoy Kiya hai 😂😂😂😂😂",negative,neutral,0.152,0.696
"Chipkali ghar me hoti to mata laxmi ka baut ashirwaad
Baut subh hota hai
Mere shoulder par giri thi moti vali",neutral,negative,0.152,0.6959
Unsubscribe to this channel bhai jyare koi sara guests member only doba ohhh ye jale ke onlyfann hoy tem membership leva nu ke che,negative,neutral,0.152,0.6959
"YOU’LL GOTTA STOP INTERRUPTING THE GUEST- Especially CHIRAYU AND MANAN
you guys are really funny and humorous but please please please let them speakkk 
We know you guys are talented 
Tamari lavari na bija videos share kro please jema tme loko separate hou 
Ne guest saathe nu interaction eno episode alag rakho",positive,negative,0.1521,0.6958
Ma'am hamesha long video main dekhta hu /is video ko bhi dekhsuka hu💖 Always support,positive,neutral,0.1522,0.6957
Jiga bhai itle jiga bhai,neutral,negative,0.1522,0.6956
Wao mubarak ho Didi 🎉❤😮,positive,negative,0.1523,0.6954
Badha couple sigle che 😅,neutral,negative,0.1523,0.6954
"Hello Bro, I've just one request to bring Mr. Samay Raina (The Legend of Standup Comedian) on Comedy Factory, that video will go on highest peak. Bija badhane samjeiye ke bdhu normal che. But haju sudhi Mr. Samay Raina jevu koi battle nai kriske world ma.",positive,negative,0.1523,0.6954
"Sharika ben tame online gpay nathi use karta.,.kayam paisa ghati jai chh....",neutral,negative,0.1524,0.6952
Jordar kaik Nabu laya ho jaydip bhai jojo mast viral thase ho 😂😂😂,positive,negative,0.1524,0.6952
Hi Ma'am aloo puri ma koi masalo nakhe che e kayo hoy che plz eni recipe share karjone,neutral,negative,0.1525,0.6951
Jiga bhai sad song lavo,negative,neutral,0.1525,0.6951
Haash....aje koi *Ane bolavo ne falna ne bolavo ne dhimka na bolvo* eva comments nathi 😌,negative,neutral,0.1525,0.6951
Avi gai mari diku ni yadd,neutral,negative,0.1525,0.695
Jay jay Mogal..,negative,neutral,0.1525,0.695
Wow !! maine socha bhi nhi tha ye kaju ktli itni easy h acutely easy isliye h kyuki aapne bhut pyar se or aasan shabdon me samjhaya....mai bhi try krungi...❤😍aap khub trrki kro ..,positive,negative,0.1525,0.695
Cooking shooking aa gye par aapka recipe aacha lagta hai,negative,neutral,0.1527,0.6946
Mp3 song kaha se dawunlod kare,neutral,negative,0.1527,0.6946
Masi sachu ke che,positive,neutral,0.1527,0.6945
Ame bhai 2026 ma b aa movie jovi j chhi😅,neutral,negative,0.1528,0.6944
Delhi me avi bhi thandh par hi rahi mdm😂😂.. Garmi aane to dijiye,negative,neutral,0.1528,0.6944
"I have been watching lavari show since last 8 months,and i watched all episodes and i really like that ,but please this is my humble request please don’t insult the audience, bcs they are watching your episodes and loving them all that’s why you guys are now on this point so please respect you guys ,specially chirayu, i am big fan of lavari show but this is only one thing hurt in my mind, so please i hope you guys understand my request. 
Thanks",positive,negative,0.1528,0.6944
Boom To Chhe J Ane Boom To Revani Vala .🙏Jay🙏 Hind🙏,positive,negative,0.1528,0.6944
Jay chehar ma Jay Goga bapa,negative,neutral,0.1529,0.6942
im Krishna lavr,positive,neutral,0.153,0.694
"Humko ek muh issliye diya hhai 
2 aankhe = zyada dekho acha dekho 
2 kaan = zyada suno suno samjo zyada 
1 muh = kam bolo 
Suno dekho zyada 
Par soch samaj kar bolo 
Issliye 1 muh diye hai",neutral,negative,0.1531,0.6939
Amare tya sunday ane tuesday na divase golo  saf nthi karta pani nathi karta gola mathi,negative,neutral,0.1531,0.6937
Rockkk Kabitaji 🤗 Jai Shree Krishn 🙏,positive,neutral,0.1532,0.6936
Aap to kolkata se hai mam kuch authentic recipe leke ayi plz,positive,neutral,0.1533,0.6935
Mast Recipe Diii ...😋,neutral,negative,0.1533,0.6934
"Dingdong 

Only the ones who were there on the show live know this !",positive,neutral,0.1534,0.6932
Osm songs bhai,positive,neutral,0.1534,0.6932
Kon kon jiga bhai na friends se,positive,neutral,0.1536,0.6928
Apam no hoi  ?,neutral,negative,0.1536,0.6928
Mast ho baki navu lavya ❤,positive,negative,0.1536,0.6927
Mast chhe shital ben,positive,negative,0.1536,0.6927
Hu Aje banavu chu,positive,neutral,0.1536,0.6927
Road પર કેરી કાપી જોઈ ને મજા આવી,positive,neutral,0.1537,0.6927
Wahh su unite chey tamari? kash badha am jivta hoy God bless you ❤❤❤❤❤❤❤😂,positive,negative,0.1537,0.6926
"khara cho la, bhai tame loko",neutral,negative,0.1537,0.6926
Ha mojila thakor ha,positive,negative,0.1537,0.6925
Voice bv srs che vikrambhai no 😍 graba to bv j sara❤,positive,negative,0.1538,0.6925
Mam aapki cooking se inspiration milti hai maine bhi cooking channel start kiya hai maine kai cheeze aapse sikhi hai aapko dekhkr ghr ki jimmedari k sath cooking channel ka socha hai bhagwan kre aapki trh success mile ap annpurna ho,positive,negative,0.1539,0.6922
Shrenu no avaj mast ho bakiii🌟 marii bau fvrt chhe ❤,positive,neutral,0.1542,0.6917
Baa is right save money you have two kids think about when then grow up they will ask you why u done for them,positive,negative,0.1542,0.6917
Maharashtra me ek barish padti tab aachar banate hai...,positive,neutral,0.1542,0.6916
Bal barabar nathi,positive,neutral,0.1542,0.6916
Hamare gar par hai Ham rajsthan se hai,positive,neutral,0.1542,0.6915
Sarika didi tme sarees kya thi purchase karo cho address aapo ne,neutral,negative,0.1542,0.6915
Kanu has raha hai,positive,neutral,0.1543,0.6915
"Finaly hugesh aavi gayo...
Have Dilip Joshi (Pethalal) Ne lai aavo..",neutral,negative,0.1544,0.6913
Jay maa sonall,negative,neutral,0.1544,0.6913
Prashad mai kabhi Baigan Bhagwan ko Bog nahi lagaya jata Baigan Khana Paap hai hamare Vedh Purano mai likhha hai.. 🙏🙏HARE KRISHNA🙏🙏,negative,neutral,0.1544,0.6912
Jay hi bhai,neutral,negative,0.1544,0.6912
Mai apki bahut badi fan hu punjab se,neutral,negative,0.1544,0.6912
ha vicky bhai ha,positive,neutral,0.1544,0.6911
Jignesh BAROT mate KON Like❤ KRE,positive,neutral,0.1545,0.6911
Ketli simplicity che team ma...salute,positive,neutral,0.1545,0.6911
Tomato add nahi karvana  ?,neutral,negative,0.1545,0.691
Jay ho maa sonal,negative,neutral,0.1545,0.6909
Haa Bhai karsu,negative,neutral,0.1546,0.6907
Ghole ekdam se fine pisna hai dardra nahi rahne chahiye ho sakta hai us vi mere dosa nahi acha banay hoga,negative,neutral,0.1546,0.6907
HA BEWAEA GHAYAL HA,neutral,negative,0.1547,0.6906
Saro idea 6 aa tamaro live noo,positive,negative,0.1548,0.6904
"Khub j srs ,,khub j sundar 😍🤘❤️😍",positive,negative,0.1548,0.6903
Vikram thakor Jay mataji,positive,neutral,0.1549,0.6903
Jhooth bole se Maine poochha nahin khabar se Mara doctor rakha value aata hai samne wale ko kaise niche giraya jaaye usmein usko Anand aata hai doctor friend hai lekin doctor out off India hai,negative,neutral,0.1549,0.6902
Jay thakar Jay gopal Jay Krishna Jay lala,positive,neutral,0.155,0.6901
TAMARI RECIPIE TO KHUB SARAS CHE PN TAMARI VANI ATI SUNDER CHE BEN.,neutral,negative,0.155,0.6901
"Reading all your comments with a smile. 😊

One thing I'd like to say—if I came across as arrogant or egoistic, that certainly wasn't my intention. Humour, especially roasting, isn't my strongest suit, and I was probably more nervous than it looked.

But one thing I hope never comes into question is my respect for the Gujarati language, its audience, and the cinema I have dedicated my life to serving. That respect has always been, and will always remain, bigger than any joke.

Thank you for the love, the criticism, and for keeping me honest. ❤️

Team TCF is home and a family, all jokes on them is just out of love and an attempt to have fun, but the jokes that I cracked are actually pale. 😊",positive,negative,0.155,0.69
Khubj saras 6e,positive,negative,0.155,0.69
"Aava guest ne Naa bolavo, jara pan maja na aavi, ketlo badho ego che and sav kevi vaat kare che",negative,neutral,0.155,0.69
Har Har Mahadev Jai shree krishna Jai mata ji...... Bharat Mata ki Jai.....,positive,negative,0.155,0.6899
Jay dakor Naa Thakor ❤,positive,negative,0.1551,0.6899
Hatake ho bhai 😊😊😊❤❤,positive,negative,0.1552,0.6897
Aa Kai movie 6,positive,neutral,0.1552,0.6896
"6, 7 means maybe maybe not a trend in the UK; every child does this.",neutral,negative,0.1552,0.6896
supar hit song vikram bhai,positive,neutral,0.1553,0.6893
"I noticed @Chirayu's shirt, he wore the same shirt when KD and Janki came for Vash 2",positive,negative,0.1554,0.6893
"when you say ""alya bau badha loko che ainya"" and after that bhide scene, that's hilarious .🤣🤣",positive,negative,0.1554,0.6891
Mare pan malvu chhe sir tamne,negative,neutral,0.1554,0.6891
Ghee ka measurement to bataya nahi😊,positive,neutral,0.1554,0.6891
સુરતી સેફ હોય તો વેરાયટી તો મળશે જ. Thanks to give us tastier recipes.,positive,neutral,0.1555,0.6891
Achha ji ? 🤭🤭❤ tera hone laga hu but main apka hi hu 🙈🙈🙈❤❤,positive,neutral,0.1555,0.689
Ha bha ha,neutral,negative,0.1555,0.689
mari hambhal lenari jati .......💃👈💔,negative,neutral,0.1555,0.689
Bhai song kyare release these,positive,negative,0.1555,0.6889
Jay Ambe maa..,negative,neutral,0.1556,0.6888
Didi sarasiya khaja ma beking soda Ane Mora khaja ma baking powder use karavano hoy che,neutral,negative,0.1557,0.6887
Kritidan sathe je ladies kalakar chhe tenu naam shu chhe,negative,neutral,0.1557,0.6886
Oli ghogha ni Jem jove se ola ne😅😅😅,negative,neutral,0.1557,0.6885
"om  dhurandhar na javed khanani jeva lage che

su kevu manan bhai tamaru?",positive,neutral,0.1557,0.6885
"Jeera rice banavo and dal fries
Chaitra month and shravan month parsotham month me daan karte hai 
Pure saal ki char navratri",neutral,negative,0.1557,0.6885
Peli var love ❤️ thayo che baki to jiga Bhai ne chodi ne jay che 😂😂😂,positive,neutral,0.1558,0.6885
basket already fried j hoi chhe ne?,negative,neutral,0.1558,0.6885
Ye se video bna na 😢,negative,neutral,0.1558,0.6884
Wow kirtidanbhai na songs( giro dayrana giro ) Mara favrete chey when he is coming to london in September 2024 but all tickets are sold so I’m ———- what else can u do my son he is special son I wanted to introduce him this great Gayatri unfortunately we can’t go nd enjoy live songs of him but where he s best friend Minaben s friend she is my friend she told me Kiritbhai is coming nd she is going to go there plz plz my son is u know camo Kiritbhai’s Dayton Bhajan he is always attending the event. Godbless Kiritbhai my nae jyotsna I’m Gujarat I we do come Gujarat but we can’t meet him in Anand in Gujarat ❤️❤️❤️❤️❤️❤️❤️❤️❤️❤️❤️❤️❤️❤️❤️❤️❤️❤️🌹🌹🌹🌹🌹🌹🌹🌹🌹🌹🌹🙏🙏🙏🙏🙏🙏🙏🙏🙏🙏🙏🙏🙏🙏🙏🇬🇧🇬🇧🇬🇧🇬🇧🇬🇧🇬🇧🇬🇧🇬🇧🇬🇧,positive,negative,0.1559,0.6883
Javantri kem nahi????? Please answer!!!,negative,neutral,0.1559,0.6883
New garbo Kem nathi AAVYO,positive,neutral,0.1559,0.6883
Aapke donon bacche bahut sweet hai bahut acche Sanskar hai aap do Logon Ki Tarah hi acchi baat lagti Ham Logon Ko,positive,negative,0.1559,0.6882
4vyakti mate ketla fada leva?,negative,neutral,0.1559,0.6882
mara par jevu thay Che aevu aama kidhu Che,neutral,negative,0.1559,0.6881
saras jordar song jigar bhai,positive,negative,0.156,0.688
"Hi, aunty I use to watch your channel when I was studying and I use to get bored.....when your channel was new I guess........but stop watching......I don't know why......but after a long time I remembered and came back to hear your sweet sweet voice....after soo many years I'm feeling gud......love you video's ❤❤❤❤",positive,negative,0.156,0.688
Jai shiv sankar,positive,neutral,0.156,0.6879
"Wafer plenty get in Leicester 
Didi didi bhul javo 
Tamara kero",positive,neutral,0.156,0.6879
jaldi muko bhai,negative,neutral,0.1561,0.6878
"I will be honest, this felt that there was some weird energy between you all compared to other episodes, maybe Jaydev got interrupted a lot! Please let the guests speak too lol :D",positive,negative,0.1561,0.6878
26:04 ana pachi Instagram par line lagi jase 😅😅,neutral,negative,0.1562,0.6876
Ha bhubaji Ha kajalben Ha dan,neutral,negative,0.1562,0.6875
Baki aava ગીતો hoy to sabhaliye bhai,positive,neutral,0.1563,0.6875
Kiratidan gadhavi bhai Mara veera Jordarrrr Jio,negative,neutral,0.1564,0.6873
Moj avi gay bapu,positive,negative,0.1564,0.6873
Bhirva baba ke te hai nana corkar ne,neutral,negative,0.1564,0.6872
ભાઈ જો તમારે વિક્રમ ભાઈ ના નવા વિડીયો જોવા હોય તો અમને subscribe કરો,neutral,negative,0.1564,0.6871
Please sir! dubbed in Hindi,positive,negative,0.1565,0.6871
Mam lilva no colour green j rahe te mate tips apo ne,negative,neutral,0.1565,0.6871
23:25 Ane tame pan avaj sara sara Guest ne lavvanu bhulsho nahi,positive,neutral,0.1565,0.687
Shree Raj Rajeshwari vihat Mataji Ni Jai Ho,neutral,negative,0.1566,0.6869
Sarsh git se,negative,neutral,0.1566,0.6869
Vikarm thakor supr6 Gujarat na king6,positive,negative,0.1566,0.6869
Prachin bhajan karo chalu Kyarek karo prachin bhajan pan Bhai,negative,neutral,0.1566,0.6868
Jay bahuchar ma,neutral,negative,0.1566,0.6867
E saptapadii movie ma j child artist chhe Mohsin e maaro son chhe Heet samani,positive,neutral,0.1567,0.6866
Yeh tika mast lag raha hai ❤️,positive,negative,0.1567,0.6866
Dear friend ravo use karvanu su reason che,positive,negative,0.1568,0.6864
Manubhai manubhai aavya che.. comedy video lavya che... (please sing with rythm) 🥳🤣,positive,neutral,0.1568,0.6864
jignesh barot new song jordar jodi number one che bhai jene gamyu hoyto jignesh barot ne sport karo jigabhai agal vadhe jay mataji,positive,negative,0.1568,0.6864
Jay ho garvi gujrat,negative,neutral,0.1568,0.6864
Pay nathi kariyu   agar kai nai jove male   thik che thoda diwas miss karishu  pachi bhuli jaishu paisa j badhu nathi bhai,negative,neutral,0.1569,0.6862
Ek insan me itna talent kaise ho sakta hai 😎,positive,neutral,0.1569,0.6862
Jaydeep bhai ek request chhe uncle ne khava do pachhi suvichar pachhi lo😊,positive,neutral,0.1569,0.6861
Dil khus kar diya......અદ્.ભુત...અવાજ...👌👌👌👌👌👌👌👌👌.🙌🙌🙌🙌,positive,negative,0.1569,0.6861
Ye kdwa to nhi lgeggaa 🤔,negative,neutral,0.1571,0.6859
Jay johar. Jiga bhai,positive,neutral,0.1571,0.6858
Sachi vat jaydeepbhai Tamara papa ne help karo,positive,negative,0.1572,0.6857
Deep bav khota daat kadhe che😑,neutral,negative,0.1572,0.6856
"Wow ye to bhut testy lg rha h,mai to try karungi thnk u mam ❤",positive,negative,0.1572,0.6855
Khub sars...saral testy,negative,neutral,0.1572,0.6855
Bhai Bhai...maja avi gai joine❤,neutral,negative,0.1573,0.6855
Mam mane aap se bahut kuch sikha hai❤,neutral,negative,0.1573,0.6854
Tame sarasyu kya vaperyu??pen ma pani sathe k telva ma???,negative,neutral,0.1575,0.6851
jay mogal dansaheb 🙏,positive,negative,0.1575,0.685
Me banavyu aa shaak Bov bhavyu badhane Thank You Ma’m🙏,positive,negative,0.1575,0.6849
Lyrics che koni pase?,neutral,negative,0.1577,0.6847
Apka pehla YouTube video kab release hoti hai bhaiya??❤️❤️❤️,positive,negative,0.1577,0.6846
Me kal evu reel joi hato k mango sathe curd khava thi suger ochu thy che.. to tme khai sako mango..,neutral,negative,0.1577,0.6845
Aambliya na khata ben atyare garmi che..mara mummy ne nak mathi loi chalu thay gu tu aana lidhe etle na khata,negative,neutral,0.1577,0.6845
Rotla ma mithu Kem nathi nakhvama avtu,negative,neutral,0.1578,0.6845
Bhai ap ko pata he ke jish garme bilvpat ka ped hota he ush game hamesh mata laxmiji ka vash hota he Or ushke darshan matrshe bhagvan shivji ki krupa milti he ap bhot puniy kama rahe ho apki mami ko puchna ish garme akehi apke garme itni samti hui he kuki bilv patra ke niche kuch salkebad laxmi yantrka niman hota he  Or ishke jo thad he ushke age apko todash khada karke ushme hesha pani bhara rakho to bhot achha mana jatahe ashtrolger alka🙏🏻💐,neutral,negative,0.1578,0.6844
Sir Hindi And Gujarati Song Garba Banaye Na,neutral,negative,0.1578,0.6843
Mahisagar thi special thenks,positive,neutral,0.1579,0.6843
Jaydeep bhai hair colour kari lyo have 😂sorry to say but sarika bhabhi looking younger and tame slim thaya pan hair tamari age vadhre show Kare che 😅,negative,neutral,0.1579,0.6841
Kamaal kar diya aapne ❤,neutral,negative,0.1581,0.6839
kirti dan jevu koi nai thai bhai e he maaa e bhav koi kimmat thi no made mara vala,neutral,negative,0.1581,0.6839
Jay ranchodray ❤mara garana kay tavu jove bhagvan badhu saru tay jayy 🙏,positive,negative,0.1581,0.6838
Vikram bhai Wal came,negative,neutral,0.1581,0.6838
Sarpryas kay nay hoy tam jaypur javna cho,negative,neutral,0.1581,0.6837
Kon che aava badha mahanubhao je aavi varta ne green signal aape che,negative,neutral,0.1582,0.6837
Bhai jethalal retirement thay che to chelli vakhat bolavo,neutral,negative,0.1582,0.6836
Khava do bhai tamari ben india avine khae6,negative,neutral,0.1582,0.6836
Aavi koi story nathi and mara Papa k mom aavu koi divas na kare,positive,neutral,0.1582,0.6836
Jay siyaran kirtidaaa👏👍👌,positive,negative,0.1582,0.6836
Tamari jevi 10 year ni story muki hati evi ane sagai nakki thai eni story kyo.hardikbhai ne sadhyaji ni,neutral,negative,0.1582,0.6835
wah kirtidan tamari moj aane kevai desi style 1no 😇,positive,negative,0.1582,0.6835
Aavo friend hovo joye life ma,positive,neutral,0.1583,0.6835
Mam meri beti 2.5 years ki hai kya de skti hu aur mai khud kha skti hu kya mam plz rply 😊,positive,neutral,0.1584,0.6832
Hezu vlogger📿🧿♾️🙌khub aagad vadh beta,positive,neutral,0.1585,0.683
This is the video sabne haste haste shoot kiya hai 😂🤩,positive,neutral,0.1585,0.6829
Rakhewaal ma prem na malyo etle j vikram bhai shaathe dago karyo ne😂😂😊😊😊 bigg fan vikram 😊,negative,neutral,0.1585,0.6829
JAY MOGAL MA,negative,neutral,0.1586,0.6829
Jay maraji bhai salam che puri tim na salam salam salam salam che,positive,neutral,0.1586,0.6829
Hu banavu chu,positive,neutral,0.1587,0.6826
Supar vikarm Bhai,neutral,negative,0.1587,0.6826
AC nakhavi lo badhane saru re. ladies ketla heran thay cooking ma. Aato tamare vaho kare aj kal ni hoy a kay na kare. Facility che ne paisa che to heran su thavanu . Chokrao ne ketlu saru re. Ame hamna india ma thoda week hata chokrao heran thay jay.  Sarika ne badha cooking kar kar kare. Kitchen ma pan fan nathi have to india ma fan chalu hoy ne gas bandh na thay avi jali  gas ni made che. Kay to karo.,negative,neutral,0.1588,0.6825
Jay 64jogani ma,neutral,negative,0.1588,0.6824
"Lavari team 
Game Teva famous hoy pan 
Serious manso ne show ma lavso to 
Jetli var show ne speed pakdta lagi chhe aeni karta double speed ma down thase 
Ulta nu tamaro j show kharab thase .
Aapni public bau j chhe aakha bharat ma famous and humble 
Aemne bolavo 
aa jova valu nu mind to refresh thay ne 😊😅",negative,neutral,0.1588,0.6823
"It will be ok with the rrrr, my son had that now he is speaking clearly!",positive,negative,0.1589,0.6822
JD bhai South movie hai Nana South na Hero Nani Jv hair style karo tumhara per sary Lagshye,negative,neutral,0.1589,0.6821
pahela loko khava na time tarak mahta jota hata have loko lavari jove che @thecomedyfactory,positive,neutral,0.159,0.682
Aruna irani  & vandana pathak  &  bija khichadi ni hansa ben   ke mera name hansa  ke mera name  hansa    eni surname pn  pathak j che   shahid kapoor ni maa,neutral,negative,0.1591,0.6818
Bau j mast song chhe,positive,negative,0.1592,0.6816
Keri na hoy to su karvu,positive,negative,0.1592,0.6816
Bhai Tame Rabari Cho ?,neutral,negative,0.1592,0.6816
Ha masi vat sachi che. Mane pn viman no j aavaj aavo to. Hu ghare akli hati. Bov boy gati. Aa aavaj sabhli ne. Aa avaj seno hato a kejoo,positive,negative,0.1592,0.6816
khub saras kaviraj Jay mataji Jay mogal,positive,neutral,0.1592,0.6815
abe Kejriwal ni pen che...,neutral,negative,0.1592,0.6815
Kabhi Shrimp 🦐🍤 bhi banaiye didi 👍❤,negative,neutral,0.1593,0.6814
04:52 gajab bejati chhe manan sir 🤣,positive,neutral,0.1594,0.6812
This episode should have been longer...,positive,neutral,0.1595,0.681
Movie name su che,neutral,negative,0.1595,0.681
Ha ઘયાલ 💔💔,neutral,negative,0.1595,0.6809
Hu tamaro Moto fhen su mare tamari jode fhoto padavo se patan avvanaso tame hu Tamara sivay koi song ke film joto nathi my best singer tamro dans bahu game see sir thanks bapu,positive,negative,0.1596,0.6808
"Nitin jani
Amit Bhatt ( champakchacha)
Sundar (mayur vakani ) 
Bagha ( tanmay venkariya)
Hitenkumar (old Dholi wood gujju movie's king)
Invite Karo aa legends ne 👍👍",neutral,negative,0.1596,0.6808
Skin care ap krte ho bhai vo good bat he apne lily time nikalna achhi bat he pr apki jgh di ko hona chahiye,positive,neutral,0.1597,0.6806
Jay ma Chamunda 🙏😘🙏,negative,neutral,0.1597,0.6806
Nirav sir mate ek like to bane che,positive,neutral,0.1599,0.6803
A.A.A. tiger vikram bhai,positive,neutral,0.1599,0.6803
Kokonet atle su mem,positive,neutral,0.1599,0.6802
Gujrat na mota youtuber the experience tv channel 7M subscribe vada ne bolavo,positive,negative,0.1599,0.6802
Recipee bahut jordar lagi.,positive,negative,0.1599,0.6802
"We cannot stop the rains but the government can definitely  do the sewage drive
This is very sad
Take care",positive,negative,0.1599,0.6802
O really it's your real voice and plz reply me 🙏🙏🙏🙏🙏🙏🙏🙏🙏🙏🙏🙏🙏🙏🙏🙏🙏🙏🙏🙏🙏🙏🙏🙏and haramara yaha pa be aana kabbi yaha be snowfall hoti haa Kishtwar ma phala aap batao aap kha sa ho,positive,negative,0.16,0.68
Haan aap dono se to ho hi gaya mgr apke liye # nhi daecide kar pata rhe,neutral,negative,0.16,0.68
Gujrati 1 matru language che Ama bolwani anf sambhadwani mzaa ave ..to pls I requested kr aunty  ne ane tme bda pn gujrati bolo please,positive,negative,0.16,0.6799
"Sambhal jo ava varsad ma parivar saathe che toh ha ve ghar ni bahar na jao.Tamara ground floor ghar ma ketlu badhu varsad nu pani avi gayu,Jay bhai.🙏",positive,neutral,0.1601,0.6799
We Gujarati don't ut garlic in khichhi na lot ma,neutral,negative,0.1602,0.6797
Kya bolu ye video dekh kar main to gayee 🙈🙈🙈❤,neutral,negative,0.1602,0.6796
"Aa all gujarati industry ma ek aevo show bani gayo che ke... Jem ke hindi ma kapil no show . Ke loko maheman aave ane hasave.. Bas aa sem aena jevo blockbster show kahi sakay.. Amuk time nhi gamtu k amuk seva aave unlike man😅😅 on je aave che sara aembe jiva baju maja ave che.. Hu amuk to episode ૩ ૩ var joya che je bahu gamta hoy.. Axar patel varo kinjal varo aato hu ૧૦ vakhat to joi j nakhyo hase.. Bahu maja ave che.. Hasvani aavu ne aavu chalu rakho bahu jirdar mahema no lavo.. Aevi aasha rakhiae.
 Baki show to all ready gujarati industry ma blockbster bani gayo che aema koi sanka nu koi shthan nhi",positive,negative,0.1602,0.6795
Mummy Aaj Hardik bhai ki bat kar ke emotional ho gaye Ma ka dill Bhar says😭,positive,neutral,0.1603,0.6795
Ha kiratidan bhai,neutral,negative,0.1603,0.6795
So true ma’am 👍👍👍👍,positive,neutral,0.1604,0.6792
Bht hi mazedar tasty hai aur papaya se itna acha bnega pta nhi tha jarur try krungi chef kabita ma'am ❤❤,negative,neutral,0.1604,0.6791
Jay Momai ma bhadiyad gam,neutral,negative,0.1604,0.6791
Hi jay shri krishna bovj sars 😋 khaja bniya ame ghre banaviyata🙏🙏🙏 thanku so much,positive,neutral,0.1605,0.6791
Bhai thakar ni daya thi aaje j aa movie na 100cr thai gya chhe❤,neutral,negative,0.1605,0.679
Ha Gujarat na TIGER Congratulations,positive,negative,0.1605,0.6789
Gurudev Jay Ambe maa 🙏🌹🙂,positive,neutral,0.1606,0.6789
Jay ho Jay ho Jay ho,positive,negative,0.1606,0.6788
😊 aunty ji aap bhumika didi ko pyar Karo acche se😊❤ baki sab to achcha hai lekin aapko dekhkar aisa lagta hai ki aap rubika didi ko pyar Hi nahin karte ho... Aapki beti to bahut pyari Hai Kitna sab kuchh handling kar lete hain😊😊,positive,negative,0.1606,0.6788
Bhai story valu song banavoooo😉😉😉,positive,neutral,0.1606,0.6787
Muh me pani aa gya 😊😂😂,negative,neutral,0.1606,0.6787
Jay Ma Mogal...🙏🙏🙏,negative,neutral,0.1606,0.6787
Aap Ase hi Bhot Ache Lagte Ho,positive,negative,0.1607,0.6787
Chirayu jokes lakh ne sara,positive,negative,0.1607,0.6786
Ekdam fine banavi che,negative,neutral,0.1607,0.6786
Super maam apki recipe A1 hota hai koi tareef kare bina nhi reh sakte 🤤 or ye dosa to mast h,negative,neutral,0.1607,0.6786
Bv j mast movie😊,positive,negative,0.1607,0.6786
Masi tamaru kidiyau joy ne me pan chalu kariu thank you amne jan thay mate,positive,negative,0.1608,0.6783
Jai deep bhai solar nathi saf jarta,negative,neutral,0.1608,0.6783
જીગ્નેશ ભાઇ અમારી ચેનલ ને પણ સપોટ કરજો ભાઇ remix dj bhavada,negative,neutral,0.1609,0.6783
Kirti dada and jignesh dada mastan song,positive,neutral,0.1609,0.6782
Bakvas lage che jd bhai,positive,neutral,0.1609,0.6782
Movie bahu saras che❤,positive,neutral,0.161,0.6781
khubaj saras ben bvj gmya aa ladu,negative,neutral,0.161,0.6781
Jene sasu na hoy to biji 10 sasu thay,neutral,negative,0.161,0.6781
Mem Aa recipe mane khubj gami 6e Ane hu pan gare banavish Thank you mem Recipe sikhvadva mate,positive,negative,0.161,0.678
જીગાભાઈ રડતા નઈ કે દુર પન ના જતા મારે પણ એવુજ થયુ છે L thakor,negative,neutral,0.161,0.678
Ha Thakor Sahed,negative,neutral,0.161,0.6779
Ha mara Bhai ha,positive,neutral,0.1611,0.6779
"Mahodo khevay....ane sabu,oil bne...daru bi bne,dhokla bi bne....helth mate bi bhu saru",positive,negative,0.1611,0.6778
Tchkyu j kravjo bhai . Me dava lidhi na saru thayu,neutral,negative,0.1611,0.6778
"Ice nakhvu me koi divas joyu nathi, navu kaik janva malyu",neutral,negative,0.1611,0.6777
Gujarat 👑 King NO:1,positive,negative,0.1612,0.6776
સાકર ખાવ dayil,positive,neutral,0.1612,0.6776
Hit ni jel muko kidi nahi thai,neutral,negative,0.1612,0.6776
Khub saras chee,negative,neutral,0.1612,0.6775
Ha vikram shi,negative,neutral,0.1613,0.6775
Uncleji bahut samghdar h mehnti h unhe to Gujrat ke mukhya mantri bnana chahiye Gujrat bahut aage badh jayega,positive,negative,0.1613,0.6774
jiganesh kaviraj ના સોન્ગ કોને કોને ગમે સે,positive,neutral,0.1613,0.6774
saras kirti bapu,negative,neutral,0.1613,0.6773
Cooler le lijiye...rasika cooler best hai 400 to 500 squre feet wala le jiye mast thanda karega hall ko,positive,neutral,0.1615,0.6771
Surat ma bau badha ne bau nuksan thayu che tame bane to loko ne help karjo tamara taraf thi je bane e,positive,negative,0.1615,0.677
Are bhen surti undhiyu j dhndha mate bnave ama muthi Ave vajen vdharva Asel surti undhiya ma muthi nhi hoy j surti na germate bne ama,negative,neutral,0.1615,0.677
Dharmesh thakor labha laxmi pura jay mataji vikram thakor,positive,neutral,0.1615,0.6769
Jigabhai વાળ મોટા રાખો,negative,neutral,0.1616,0.6769
Sarikaben tame jaydipbhaina marriage ma kyo complete lagavyo hato tame anu namah b aapelu hatu to please Mane Anu nam photo sahit moklso.   Me screenshot lidho hato pan jato rahyo  lage to please Mane moklso.   Aapno aabhar rese ben please Mane moklso mari I'd ma ok ben,neutral,negative,0.1616,0.6769
protein se bharpur lajawab Channa dall recipe ma'am ❤❤❤❤❤,neutral,negative,0.1616,0.6768
Microwave ketla minute mate prehit karyu tu ane kevi rite,negative,neutral,0.1617,0.6767
"Last year wali aapki recipe to maine try kr li.. acha bna tha to confidence aa gya, ab ye wala try karungi..",negative,neutral,0.1617,0.6767
Jorr dan vikarm bhai thakor,neutral,negative,0.1618,0.6764
Are pan jordar che ho mara vala ☺️😊,positive,neutral,0.1618,0.6763
"Khub j saras banavi che, hu pan try karis❤",positive,negative,0.1619,0.6762
ફજેતો ખુબ જય જૂની રેસિપી છે અમારા ઘરે તો કેરી ના ગોટલા નીકળે અને ધોઈ ને એનો જય બનાવીએ એમાં છાસ ચણા લોટ ના ઉમેરો તો ભી ખુબ જ મસ્ત બને કેરી નો રસ થોડું પાણી અદરખ મિર્ચી પેસ્ટ નમક સુગર  કોથમીર ઉમેરી તેમાં ઘી નો વઘાર માં તજ લવિંગ બાદિયા લીમડો ઓન્લી જીરા  નો વઘાર કરી ટ્રાય કરો ખબૂ જય મસ્ત lagse,positive,negative,0.162,0.6761
Sache.... bojj jordarrr sabji banai che..... jarur thi banavish 👍🏻👌🏻 👌🏻,positive,negative,0.162,0.676
Bhai bhai.... bohot hard kirtidanbhai,negative,neutral,0.162,0.676
athana ni barni ma phul saras laage che,positive,neutral,0.162,0.676
Badha kakko khoto bolya chhe😂,neutral,negative,0.162,0.676
Wah! jignesh bhai dil khush Kari nakhyu 🎉🎉🎉,positive,negative,0.162,0.6759
Have song kyare release karvana monsoon Vai jay pa6i,neutral,negative,0.1621,0.6759
Khub saras video ben,negative,neutral,0.1621,0.6758
"Saras show che. Bus juni team of comedy factory ne bolavo plz. Arizbhai, ojas bhai ane main smith bhai.",positive,neutral,0.1621,0.6758
Sab bc shout out maangte hai..!! Well leave Manan bhai pls shout out 😌✨,neutral,negative,0.1621,0.6757
Suresh Kumar Ahmedabad gujrat se,positive,neutral,0.1622,0.6756
Jaydeep bhai mara pag nu operation thatu htu acl pcl and meniscus nu and 70 days sudhi pag niche noto nukva no and akha pag ma sariya valo pato hto and ghare hu and mara husband eklaj reta hta to tame kya kevi halat hase 20 day pachi a office a jata hu ekli ghare,negative,neutral,0.1622,0.6756
Tame bav sweet bolo cho n tamari recipe khub saras hoy che,positive,neutral,0.1622,0.6755
આ ગીત ગમે તો જોરદાર like,positive,neutral,0.1623,0.6754
Aapki serial bahot mast aati thi Ganesh kartikey,positive,negative,0.1624,0.6753
Kirtidan bhai gadhvi ane narayan thakar ni jugalbandi jovani aasha cche,neutral,negative,0.1624,0.6753
"00:52 bov j mast podcast hoi che❤
Ne bdha podcast ma thi aapde ghanu sikhva mde che😊",positive,neutral,0.1624,0.6752
Lawari ni team ne abhinandan matra tha great shahbudin saheb ne lay aavvano vichar j gret che bhai ek lagend che juna haji sudhi me koy divas bija koy program hasy na joaya nathi pan tamaro program jovo padyo the great man,neutral,negative,0.1624,0.6752
Bhavana Masi plastic ni bottle maa citrus juice noo Bharaye chemical reaction thaye not good for health Jd bhai samjavo masi nee n transfer the juice in glass bottle Next time aa bhul Nahi kartaa,positive,neutral,0.1624,0.6752
"wah..,...bhai.. જોરદાર સોંગ 🤩",positive,negative,0.1625,0.675
Jamtu nathi.,negative,neutral,0.1625,0.675
Barabar nahtih hu,neutral,negative,0.1625,0.675
Ame jain chia to amne to bahu j saru padse ...,neutral,negative,0.1625,0.6749
Jay thakar valida,positive,neutral,0.1625,0.6749
Editing OP! 🔥 The outro though XD,positive,neutral,0.1626,0.6748
Though I don’t believe much but it always happened with me .. when your dates are expected don’t wash the hairs .. as you went for haircut uestaerday washing your hairs first,positive,negative,0.1626,0.6748
Bhavish kitni lagan se gossips karte hai🌚,neutral,negative,0.1626,0.6747
Pati karva je side ma kapyu ae na gamyu ❤ kai west thay ae na gamyu ❤ we r ❤ ame rotli na be bhag kari na bidu banavi ❤,negative,neutral,0.1627,0.6746
Wah mojjjjj wah Jay Maa Mogal,positive,negative,0.1627,0.6745
"Jay Dwarkadhish 🙏🏻
Jaydeep bhai tame south na Hero jevo look lage che tamaro 👌🏻✨
Kanu bhay kanuda jevoj natkat che 👌🏻🧿",positive,neutral,0.1628,0.6745
Vah dan jay sonal ma 🙏,negative,neutral,0.1628,0.6745
સ્ટેટ્સ જોવા માટે to meldi official,positive,neutral,0.1628,0.6744
"Hello 
Jaydeep bhai tame pela dosa chlenge karyo hato tame Ane hardik bhai fari var chlenge karjo dosa chlenge karjo ne jaydeep bhai",negative,neutral,0.1628,0.6744
What's the 3 ones bgm name pls anyone who know pls answer,neutral,negative,0.1628,0.6744
Taiger to taiger hoy,negative,neutral,0.1628,0.6744
Jd bhai aa bija badha tmara odkhita vlogger ne gift aave chhe tmare nthi aavti subscriber taraf thi? Kyarkek to mne lage e bdha khota chhe athva gift levana lalchu chhe,positive,negative,0.163,0.674
ye edition bakwas hai lekin og san Andreas better hai,positive,neutral,0.163,0.674
Hi didi pls reply 😊❤,neutral,negative,0.163,0.6739
Aaj mai bnai hu bahut tasty bna Thank you ma'am 🙏,positive,negative,0.1631,0.6738
જય માતાજી જીગ્નેશ ભાઈ બારોટ તમે પણ આ સોગ્સ ગાવજો કાન મને મૂકી ને ના જા સિંગર વિનુસિહ વાઘેલા તરફથી આ સોગ્સ ની ફરમાઈશ છે chenal cheharraj digital ma,neutral,negative,0.1631,0.6738
Swadisht hai bhai❤🎉,negative,neutral,0.1631,0.6738
Piyar bata hi Kisi k Leea Aaj akela tanha hu Par gam k sath khus ok,neutral,negative,0.1631,0.6738
Reva do mananbhai gujarati ne panjabi banne sathe marse,positive,neutral,0.1631,0.6737
Jaydeep bhai Tamara Mammy ne Chiccem Tharmal Therapy mate Moklavjo aa Therapy khub sare che tya Surat ma pan aa Therapy nu Santar che biji kay information joy to Mane MSG karjo,positive,negative,0.1631,0.6737
Jaydeep Bhai tame kayo protein powder layo 6avo please photo batavo ne .,neutral,negative,0.1632,0.6737
Mare song record karvu hoy chance Aapo khara,positive,negative,0.1632,0.6736
Jai shree krishna 🙏 bhut hi shandar bnae h mam me bhi ese hi bnati hu bas backing soda nhi dalti hu ab try krungi,negative,neutral,0.1632,0.6735
"Vahh kabita ji , mast recipe batai ❤️👍",neutral,negative,0.1632,0.6735
Aapne bachpan ki yaad dila di ❤❤ mere papa bhi har saal achar dalte the or pure sal chalta tha ❤❤ Recipee dekh kar muh me pani aa gya 😋😋,negative,neutral,0.1634,0.6731
Navsari thi jova ma mast Lage che hu try karis,neutral,negative,0.1635,0.673
Bohot galat ho raha he vishal ki saat😢,positive,negative,0.1637,0.6726
Ha bhai boom,positive,negative,0.1637,0.6726
Khub j saras recepie Shitalben hu jarur try karis 👌👌👍👍😋😋,positive,negative,0.1637,0.6725
"That guy :- I phone y phone to hoga 
Manan :- no but actually
. 
.
No(abey ye views hi itne nahi aate ke I phone kharid paun)",neutral,negative,0.1638,0.6724
Vikram to chhej pan,negative,neutral,0.1638,0.6723
Sevnti no rop che,neutral,negative,0.1639,0.6723
supar sur bhai,neutral,negative,0.1639,0.6722
Samdi che,positive,neutral,0.1639,0.6722
Bhaiya aapane tiger Shroff se kaise Mila,positive,neutral,0.1641,0.6718
Khub khub Sars banavyu,negative,neutral,0.1641,0.6718
Suapr hiat Jay duvrka dhias 🙏🙏👍🙏🙏,neutral,negative,0.1641,0.6718
Bhavna masi ni vat 💯 Sachi vat chhe,positive,neutral,0.1641,0.6717
Me har saal bnati hu 😊,neutral,negative,0.1641,0.6717
Vah su avage che tamro kaviraj,neutral,negative,0.1642,0.6717
Chirayu ne gu sivaay kai nathi dekhatu😅😅 bo game che gu😅😅,negative,neutral,0.1642,0.6716
Have lavari par cid na guptaje ne bolavo,negative,neutral,0.1642,0.6715
Jay ma kodiyar,neutral,negative,0.1643,0.6714
Sarika and tame kem nathi Jata resort??? Tame koi ni Sathe mix nathi thata Jaideep bhai,negative,neutral,0.1643,0.6714
Jitni baar bhi sunlu.. utna achha lagta hai❤️,positive,negative,0.1644,0.6713
Bhaji optional che,positive,neutral,0.1644,0.6712
Potato kacho Ke boil che,neutral,negative,0.1645,0.6711
Ava songs bavavo to saru. Bija gujarati songs ma to nakara Drum sambhalay bas,negative,neutral,0.1645,0.6709
Sandhya aur Hardik bhai kyu nahi block mein aa rahe he,positive,neutral,0.1646,0.6709
Gor ma khub j sars,positive,neutral,0.1646,0.6709
Jay Vihat vada,neutral,negative,0.1646,0.6708
Have next khajur bhai nai to koi bollywood actress❤,neutral,negative,0.1646,0.6708
Bhai aap jab gate he aapke chehre pe sukun saaf dikhta he.,positive,neutral,0.1647,0.6706
Ben AME pan banaiye chhe,negative,neutral,0.1647,0.6706
Botad nathi barish,negative,neutral,0.1647,0.6706
Wah Hezal wah papa ni jagiya lyi lidhi ho bakii,positive,neutral,0.1647,0.6705
Jay MAa sonbai,negative,neutral,0.1647,0.6705
Mare pan Avu thayu yaar Have Himat nati thati ke love karvani koy jode,positive,neutral,0.1648,0.6705
Are kaka have bhadi tamari chaturai rehavaj do,negative,neutral,0.1648,0.6704
Aame aaje varacha road aaviya hata Swaminarayan bullding pase aaviya hata tamaru ghar tya thi ketlu dur che,neutral,negative,0.1649,0.6702
Corona ma kone parmition aapi??,negative,neutral,0.1649,0.6702
Jalso padi jay tamaru song sambhadi ne,positive,negative,0.165,0.6701
Va bhai bhai,neutral,negative,0.165,0.67
Jay Maa Mogal Kirtidan Gadhavi Sir,negative,neutral,0.165,0.6699
Aa mamana evu na bolo please mamna no mining algj nikale 6,negative,neutral,0.1651,0.6699
Jai Mata Hinglaj jAi Baba Bheemlochan Koti Koti pronam 🙏🙏🙏🙏🙏🙏🙏,positive,negative,0.1651,0.6699
Kya gajab bhav h bhai sab,negative,neutral,0.1651,0.6698
વાહ ! Treading🔥લિસ્ટ માં આવી ગયું હો બાકી.. (૩૨ માંથી ૩૫ 😣) 💃💃🙈 બસ હવે આને કઈ ઉપર ચડવાનું છે નીચે નઈ. 🙄😕,positive,negative,0.1652,0.6696
Mi ahe Marathi pan tumche songs aaikto. Khup chaan sir👍,negative,neutral,0.1653,0.6695
aa film khub chalse gujrat ma boom boom,neutral,negative,0.1653,0.6694
Wah Wah Jyoti Ben Bahuj Saras Recipe Shikhvadi Recipe Bahuj Gami 👌👌 Ekdum Mast Majedar 👌👌 Chokkas Banavsu Tamari Rete 👍👍 🙏U Ben 🙏🌹🌹,positive,negative,0.1653,0.6693
Sarki ka ji apne Bandhani Shirts kaha se purchase kiye the plz can we know I m running an online business so wanted to purchase,positive,neutral,0.1654,0.6692
Ma'am ap fir chath puja mei ghr aenge na Video share karenge na ma'am,neutral,negative,0.1654,0.6692
વાહ વાહ જોરદાર કીર્તિભાઇ ગુડ વર્ક bro,neutral,negative,0.1655,0.6691
Ma bap ne dukhi krine koi happy nathi rehti bhai😢,positive,neutral,0.1655,0.669
Jay ma mongal dadhali,neutral,negative,0.1655,0.669
"JAYDEEP TAME SANDHYA NE ACTIVATE NU SPELLING PUCHI RAHYA CHO ,TAME AUSTRALIA MA EDUCATION LEVA GAYA ,TAMARI ENGLISH CHECK KARO PLEASE,TAME HEZU SAATHE PAN PROPER ENGLISH BOLI NATHI SAKTA , PLEASE DON'T FEEL BAD JUST CHECK YOURSELF",negative,neutral,0.1655,0.6689
Biji var video uploade thyo che pn maja ey double aavi 🤣,positive,neutral,0.1656,0.6688
BHAVNA BEN SACHI BOLE CHE BHARELA RINGNA BATETA NU SHAAK MASALEDAR HOY TOJ BHAVE ❤❤,neutral,negative,0.1657,0.6686
Maru varan pan Jamnagar che ❤,neutral,negative,0.1658,0.6684
Kya aap log sab bhul gaye ho kya bhabhi in Samiksha Vishal ke aapki teen tigada team bhi thi please wapas start karo na mujhe aap logon ki bahut yaad aati,positive,neutral,0.1658,0.6684
Mane toh haji khabar nathi bhai tu kon che😂😂😂,neutral,negative,0.1658,0.6684
Brother aa song ni dhun lagi gai che ketla time thi repeat mode par sambhlya rakhu chu,positive,negative,0.1658,0.6683
Wah..maja aa gya 👍👍,negative,neutral,0.1658,0.6683
Jay Gurudev Jay Mahadev 🙏 Jay Mogal Jay Khodiyar Ma 🐊🙏,negative,neutral,0.1659,0.6683
Aa 6 7 Lavaari na ek episode Maa hatu. Aap ne kayarek kahiye ne 19 20 che. Am 6 7 kahevaay che. Thodu upar niche che am.,positive,negative,0.1659,0.6682
Youtube સપોર્ટ,positive,negative,0.1661,0.6678
Hi sir Rj pawar dangi singer ahwa dang thi,positive,neutral,0.1661,0.6678
Lalo movie na Hero Jevo look lage che,positive,neutral,0.1662,0.6676
500 gm sabudana hoy to pani nu shu map levanu,neutral,negative,0.1662,0.6676
mare tya sware 4.30 nu rasodu start thay che. 1st chokara nu tiffin box. pchi 7 vage mara husband no garam nasto. ane emnu alag roj nu alag menu etle emnu tiffin. pachi a jay pchi maru ne mara chokaranu jamvanu. full thadi. 😂,positive,negative,0.1663,0.6675
Utha lo mazak😂😂Jitna uthana hai just joking🤓Hamesha se Shameeksha🥰🥰dil mein bhi Bhavin ke aapka khush Hona to banta hai lekin ek baat batao Mutthi✊Mein Koi Bhi Nahin rahega⚖️🍃,positive,negative,0.1663,0.6674
Kya re release date Vikram Bhai,negative,neutral,0.1664,0.6673
"Yaar eng subtitles Dene the 😭🥹
Aadha smjh aaya but maja aaya💙",positive,neutral,0.1664,0.6672
Mareto tmne malvu 6 Pan? Jay mogal Halvad(teacher),negative,neutral,0.1665,0.667
Jaldi release kro bhai,negative,neutral,0.1665,0.667
Aavi khoti jid parivar ma taklip lave samji me revu pade,negative,neutral,0.1665,0.667
Akhu Surat j pani ma dubi gayu🎉 che. Ne haju varshad nu joor chalu j che.,positive,negative,0.1666,0.6668
Jignesh Kaviraj song mast,negative,neutral,0.1666,0.6667
Sansar ma chuta cheda bhu thay che tna mate pan khub sari rite samajave che,neutral,negative,0.1667,0.6666
Va bhai va 😊❤,positive,neutral,0.1667,0.6666
Wah kya bat jorder jay ho,positive,negative,0.1667,0.6665
Wahhhhhhh kaviraj moj karavi nakhi ho,neutral,negative,0.1668,0.6665
Sandhya banne bhaio me bolta bandh karawse hardikbhai pan pehla ni Kem bolta nathi ane sandhya jaydeepbhai ne boli to k hardik ne Kai nai bolwanu eto e bhaio ni mazak masti hoi,negative,neutral,0.1668,0.6665
Deep ne kaik khotu lagyu chhe Kai bolyo nai,negative,neutral,0.1668,0.6664
Dwarka jila ma versad j nathi aavto bhai tamre tya bhuka bolave aaya kay nathi aavto,negative,neutral,0.1669,0.6663
Lockdown ma video jovani maja aavase,negative,neutral,0.1669,0.6662
Jay Mataji. Vikram Bhai,positive,neutral,0.1671,0.6658
Hu pn aavu j karuu hal pn 18 years naii chu kai pn nai fekvanuu badhu j rakhu,positive,neutral,0.1672,0.6656
Mare vi dil ko karar aya or aap pe bohat jada peyar aya o yaara💝💝💝,neutral,negative,0.1673,0.6655
M bhi Jharkhand se hu thank you so much y recipe bnane k liye ☺️☺️isse Jharkhand ka saan badh gya 😊,positive,negative,0.1673,0.6654
Acting ane gata pan aavde che pan koi hath pakdva vadu nathi samjatu nathi su Karu,neutral,negative,0.1673,0.6654
Hamare daman me bahut kam hai barish,positive,neutral,0.1673,0.6653
"Hello Madam bahuj saras recipe batavi tme 
Apde aa mixer ma ghanti ni jem j badhu pisi sakay che masala ne badha lot ?? 
Ne coarse ne medium nu result je che e banne ma fark vartay k almost same feel thay 
Am planning to buy one matey puchu chu",positive,negative,0.1674,0.6653
Ben Tame recipie sari batavi Pan Patti banava su karvu,negative,neutral,0.1674,0.6652
Sandhya ne good news che evu lage che,positive,neutral,0.1676,0.6649
Aadi pahti mast lage evu mane keti 😂😂😂😂😂😂😂😂😂😂,negative,neutral,0.1676,0.6648
Daru bar thi avto j nthi.gujrat ma j bane che.eni krta chhut api dyo.police bija guna ma dhyan devane badle butlegar pase hapta lye che ne permission pn ape che ne potana khisa bhre che.ema bdha upri andhikari pn hoy ch,negative,neutral,0.1678,0.6644
Amara gharey pan banaviye che  bahuj juni recip che.    Yamee,positive,neutral,0.1679,0.6643
Jay vihat mataji,positive,neutral,0.1679,0.6642
"*Kavi Shree Daad Bapu ni Rachna Ne Ek Nava J Andaaj Ma Prastut Kari Chhe Tame*
*#Jigrra** You Always Rockz..*",neutral,negative,0.1679,0.6641
Mast song che ❤❤❤,positive,negative,0.1679,0.6641
Goli Beta Ye show me aake Bahut Enjoy Masti karli abhi Career(comedy) per focus karo,positive,neutral,0.168,0.664
"1.Kenavita Golani and her mom in law and husband Shalak..
2. Harsh limbachiya 
3. Chhote aur Adu husband wife

Call these people for the show",positive,neutral,0.168,0.664
વિમ્મી વિષ્ણુ ચેવલી madam ne invite karo ❤🌻,neutral,negative,0.168,0.664
Ha shaheb ha,neutral,negative,0.1681,0.6638
Moj jighesh kaviraj supar patang song bum pdavi dese like kar do y,positive,negative,0.1681,0.6638
Ha mari rudi rabari samag jay ramapir jay valinath ❤,neutral,negative,0.1681,0.6638
Ahiya badhu Dubai ma  barabar chhe jetlu News ma batave chhe atle Kai nathi,neutral,negative,0.1681,0.6638
"Jigar Bhai Tamara talent ni to su vat karu, shabdo khute pan ek suggestion che Tamara mate Ke tame desi touch Ave eva videos banavo, songs and video match ochha thay che. Apde apda desi culture ne promote karie Jene lidhie apdu culture avnari pedhi ma y dhabaktu rahe.. dhanyavad",positive,negative,0.1681,0.6638
U talk to fast u need to explain slowly so bada samji sake,neutral,negative,0.1681,0.6637
vishal ki smile bhaot   cute hai 👌,positive,neutral,0.1682,0.6637
"Gurjrati nahi aati but beacuse of darshan raval pura dekha 💙💙🥀🌹 Lotss of loveee,let's gooo💙💙💯♥️",positive,neutral,0.1682,0.6637
Verizon naish jiga bhai,negative,neutral,0.1683,0.6633
Dudhi na kofta kevi rite banavo cho ae receipe apjo ne..,neutral,negative,0.1684,0.6632
Ha maniraj ha,neutral,negative,0.1685,0.663
"Sarika ji   chouki dhani bahot bada h, aapne to  kuch dikhaya hi nahi,  pure tin vlog ban jate, gae the to achhe se hi dikha dete😅",positive,neutral,0.1686,0.6627
Jay ganpti dada,negative,neutral,0.1686,0.6627
HA GADHVI SAAYB HAA,negative,neutral,0.1687,0.6626
Manan bhai  Gujarati Kavi o ne Bolavo,positive,neutral,0.1687,0.6626
Hu Tmaru gujrati film jovani gni mja ave છે,positive,neutral,0.1687,0.6626
medam onion to dala hi nahi,negative,neutral,0.1687,0.6626
Om bhai ne aa vakhte bov kaypo che bolta bolta 😂,negative,neutral,0.1687,0.6626
Khoob achcha Jignesh Bhai,negative,neutral,0.1687,0.6626
Jay shree Krishna Masi ane kaka ne 🙏❤️kaka vadi no sundar najaro batavata saras suvichar bolya ke mehanat vagar kasu maltu nathi 🙌sarika saras puja darshan thay che amne pan 🙏aj to mast garam garam dhokla ane thandi thandi chas bhai maja padi jay badha bhega khavani 🎉❤saras avu j hovu joye ❤Jaydeepbhai mane lage che Hindi movie ke series kari rahya che saras congratulations 🎊🎈 tamne ane a jarur successful thase Jaydeepbhai 👏👍masi tame je last ma bolya a kharekhar sachu che loko tamaro upyog kare pachi .lovely vlog ❤Heju Kanu ne maro lad ❤️❤️badha ne mara jay shree Krishna 🙏❤️,positive,neutral,0.1688,0.6624
Surat mein batana Sardi khansi aane mat dukh wali bimari hamare ghar mein hi pata nahin hone,positive,neutral,0.1688,0.6624
Khub saras jaydip bhai pan aavaj barabar sabhratu nathi 🙏,positive,neutral,0.1688,0.6623
Jay Mata Mangal aadarniy Shri Kritika ka Jay Mata Di,positive,negative,0.1688,0.6623
navratri king kirtidan gadhvi navratri 2018ma tahukar aavana che,positive,negative,0.1689,0.6622
Wah..! Charan. Adhbhut💫💫. Jigar Dan Bhai(#Jigrra) tame je apni lok-sanskruti ne vacha apo chho. Emna mate tamaro jetlo Aabhar maniye etlo ochho chhe.🙌,positive,negative,0.1689,0.6622
Saras Jay Maa Mogal,negative,neutral,0.169,0.6621
Patra ma lot chopyo nhi tme ben 🤣🤣,negative,neutral,0.169,0.6621
Jay ho Ganpati Vandana,negative,neutral,0.169,0.6621
hi please post the lavari of the anand show,positive,neutral,0.169,0.662
"Hi jd..
Me and my mom regularly watch ur vlog..
Every time I visit my mom's place we always discuss about ur family how all of you make a beautiful family my mom says how beautiful Sarika is in side out on that I tell her that jd's mother is best both compliments each other.  N i am very lucky coz I also have husband like Sarika he never denie for anything he help me everything even after coming home he do all the house chores. I have son same age of kanishk so I relate with u many time. Here I am jd n my husband is Sarika 😂 we are lucky 💐",positive,negative,0.169,0.662
Its mind blowing to see after Taskari that suchva great villain role was done by him and that he is a fellow gujju 🎉❤😊,positive,negative,0.169,0.662
Bade gaur se sun raha tha zamana... Hami so Gaye dastan kehte kehte...❤,neutral,negative,0.1691,0.6618
aa Thakor nai thakar album change karo,neutral,negative,0.1691,0.6618
Suvavad ma khavai k nai,negative,neutral,0.1691,0.6617
Kaviraj to kaviraj j se,positive,negative,0.1692,0.6615
Sudh Ane Swadist 😊,neutral,negative,0.1693,0.6614
Tamara VAT na thay,negative,neutral,0.1694,0.6613
Didi aap kha rhte h,neutral,negative,0.1694,0.6612
"India mai main bhi karti thi isitarah puja, Germany mai kuchh nahi ho pata mann se hi karna parta hain",negative,neutral,0.1694,0.6611
Saras recipe Che.,positive,neutral,0.1694,0.6611
Onions nathi khata.to option ma su levu?,neutral,negative,0.1696,0.6608
Bhaa A bhagwan,neutral,negative,0.1697,0.6606
Kad etle jav ke?,negative,neutral,0.1697,0.6606
1995 ma thaltej thi bus ma utrayo. jevo utryo evuj ek chhokarinke kaki hata. luna mari uapar chadavi lidhu.. hal age 50 chhe still mark chhe. office job ma 10 diavas ni rajakari hati. ha areamemnagar hatumandiar pasebus stand,negative,neutral,0.1697,0.6606
Aa navratri ma badhe aaj vagse,negative,neutral,0.1698,0.6604
Kabita app se milne aa sakta hun ❤❤❤,neutral,negative,0.1698,0.6604
Bay nu fitting nthi Saru,positive,negative,0.1698,0.6603
Jaydeep bhai loo lagne ka matlb tbiyat kharab ho jati hai😄😄😄aese mu pe nahi lagti loo😄😄😄🙏,positive,neutral,0.1699,0.6602
Do bhai acha lghata ha ❤❤❤❤❤😂😂😂,neutral,negative,0.1699,0.6602
લોટ ચોપડ્યો તો ખરો 😅😅😅ચોપડા vgrnakem કહેવાય 😢😢,negative,neutral,0.17,0.6601
Tamari istri ma Black brush che e khade ne try karo,negative,neutral,0.17,0.66
Humko To aap ( aapki sabhi recipe ) nanpan se pasand ho aap,negative,neutral,0.17,0.66
Ek galti hui hai apse pyar karne ki galti 🤭😌,positive,neutral,0.17,0.66
Jay mataji 🙏🙋‍♀️shodh parmar ni kudadevi mataji 🙏🙏super song,neutral,negative,0.1701,0.6598
Hlo didi chatni ki recipe plz batye didi,negative,neutral,0.1701,0.6598
નવરાત્રી ના program નું લીસ્ટ મુકો,positive,neutral,0.1702,0.6597
Aap hi kisi or duniya m h 😅 sorry Thai 🙄🥺,neutral,negative,0.1703,0.6595
Garam pani thi lot bandhvano che,negative,neutral,0.1703,0.6594
aavigyo kanudo janmashtmi ma boom padva like karo and aa film jova jajo mitro thanks aa film ek parivar mate khabj sari se,positive,negative,0.1703,0.6593
"Tame surat na best chef cho. Surat is very proud of u. Hun khatri chu, and mane tamari badhi recipes boj game. Tame ketlu prem thi samjavo . Hun kayam tame request karu ki non veg banavo. Pan tamaru jeh reason che eh pan barabar che. Mane thai ke tamar jevu non veg pan koi banavai ni sake. Tame darek ma best cho. Ek last line tamara mate eh bhi dil thi kahu chu, TAME JEH BANAVO TENI SURAT AJ ALAG HOI CHE",positive,negative,0.1704,0.6593
Jay shree ganeshay namah,neutral,negative,0.1704,0.6592
Hmneto abhi tak nhi  bnaya  suna to  tha,neutral,negative,0.1704,0.6591
Words ma describe j na thay evu song che Jigar bhai!! Lyrics and singing adbhut che. aa song ni feel mate rahul bhai ne thank you so much!! Rahul bhai e je lead banai che ne tya j radi javaay and ema pan aapno avaaj n lyrics hoy etle varsho thi tadapta chhokra ne eni maa male evu feel thay!! Gujarati independent music ne aa level par laav va mate thank you so so so so much!!,positive,negative,0.1705,0.6591
Are ek saath itna Sara,positive,neutral,0.1705,0.659
Saras bannai che Aaje hu pan taray karesh Aafare mate thank u,positive,negative,0.1705,0.6589
જોરદાર ગીત છે જીગ્નેશભાઈ દિલને સ્પર્શી જાય એવું 1 no.song,positive,negative,0.1705,0.6589
Nice monsoon ma malai mathi makhan Bantu nathi to mam tips aapo,positive,neutral,0.1707,0.6587
Alu puri ma sakh Thodhu banavay,negative,neutral,0.1707,0.6585
Have u sista?,positive,negative,0.1708,0.6585
Jay Maa I Sonal,neutral,negative,0.1708,0.6585
🙏Jay Ramapir Bareja S 🙏,positive,neutral,0.1708,0.6585
Ben magavo hoy to,positive,neutral,0.1709,0.6582
Ekdam mast ho masi❤️,negative,neutral,0.1709,0.6582
jay Ramdevpir ji ki,positive,neutral,0.1709,0.6581
mane kem aa bhai na gamya.. mane evu lagyu ke a bhai hava lai ne avya che.. kem maja na avi e to maro ram jane,neutral,negative,0.171,0.6581
Eto sirf teser che mere Bhai pichar to abhi baki ke osm teser,negative,neutral,0.171,0.6581
"Jyare pan guest kai interesting vat karta hoy tyare chirayu vachche  dayo thay thay ne thay j khabar nai pela guest ne su karva bolave chhe tare vache tapsi prvi j hoy to vat complete karva de bhai ene pachhi tu comment kar.biju kai nai aato manan bhai chhe te cover kari le 6.
Baki kai nai😊",negative,neutral,0.171,0.6581
Video karjo bhai majbut song chhe,neutral,negative,0.171,0.6579
Mast Bhel ane Chaat puri 😊,positive,negative,0.1711,0.6578
The buttervidia people is majave,positive,neutral,0.1711,0.6578
"Laapata ladies copy pasted movie thi or say inspired thi inki language me bole to
Ghunghat Ke Pat Khol and Burqa city se ""Inspired"" thi...",positive,negative,0.1712,0.6577
Maru pan Mari banne nanand sathe bv j saru bane che ame pan amari j vat Kari ekbija ni udaviye n mara to badha bhaniya pan mota che ame badha mali ne bv j panchayat karie bv maja aave ame badha sathe hoi e tiyre,positive,negative,0.1713,0.6575
Mast hai bhai😍😍🥰🥰,positive,negative,0.1713,0.6575
Jay Ambe Mjboot Part ૯ Guru Kirtidan ni vaat na thaay jay ho,negative,neutral,0.1713,0.6575
Gjb Bhai moojjj jay sonal ma,neutral,negative,0.1713,0.6573
Maine Kal apko dekha jab last over. Chal rahi thi tab .......🤘 Gujrat Titans jita uski to bohot zyada Khushi hee😊,positive,negative,0.1714,0.6573
Aap bihar mai kaha se hai,negative,neutral,0.1714,0.6573
Bhai tmara juna gito yaad aavi gaya,neutral,negative,0.1714,0.6572
Full Sport Thakor ne,positive,negative,0.1716,0.6568
Mast Lage che jaydeep bhai,positive,negative,0.1716,0.6568
Vah bhai tamara badhaj geeto bahuj mast hoi che..Thank you aava saras geeto aapva mate..aavij rite nava geeto aapta raho...😍Jay Dwarikadhis..🙏😊,positive,negative,0.1716,0.6567
Bachche school me soks & sooz pahene rakhte he esiliye usame pasine ki badbu aati he our kuchha nahi😮,positive,neutral,0.1717,0.6567
Ap Kitna achhe se sabkuch bana dete ho madam 👏🏻 kyaa zabardast recipe Hai 😋😋❤️❤️👏🏻,negative,neutral,0.1717,0.6566
Bahuj saras sopping kari,positive,neutral,0.1718,0.6564
"અલા તમારા ચારમાથી એકને પણ મિયાંની મીંદડી નહોતી ખબર લા? બહુ common છે. On a separate note, please try bringing Himesh Reshamminya or Shekhar Ravjiani on your show if possible.",positive,negative,0.1718,0.6563
Manan bhai mein hamna aa game Rami ane have tame chalu kari what a coincidence 😅,negative,neutral,0.1718,0.6563
Jaydip bhai tame badhani coment vacho cho mari coment nathi vanch ta tame,negative,neutral,0.1718,0.6563
Boom boom full saport Bhai 👍👍👍👍,positive,negative,0.1718,0.6563
Free ma download nu option apo,neutral,negative,0.1719,0.6563
"Mera dil sachi litna pagal h 
Ye payar jo tumse karta h .. 
But ye dil lucky v kyu ki isee payar karne ke liye tum mile ho bhavsuuuuu🥺🥺🥺💜💜💜",positive,neutral,0.1719,0.6562
Ame insta  per nathi to Aaj video ma batavo ne,neutral,negative,0.1719,0.6562
Diya ni vaat kevi rite banavo chho please batavjo,neutral,negative,0.1719,0.6561
Yash soni ki RADO movie mast se,neutral,negative,0.1719,0.6561
Haan ye toh banta hai,positive,negative,0.172,0.6561
Navy song kyare releases thay se,negative,neutral,0.172,0.656
*Congratulations jiga bhai*,positive,negative,0.172,0.656
Movie nu tailor aplud Karo bhai,neutral,negative,0.172,0.656
A to jana Pam karo Ho a na khabr ma par sacho kareo sa bapa,neutral,negative,0.1721,0.6558
Mara suggestion pramane tame sikanji ma variation laavya eno ghano aanand chhe. Mast recipe.,negative,neutral,0.1722,0.6556
Chatpata achar muh me pani aa gaya ma'am ❤❤❤❤❤❤,neutral,negative,0.1723,0.6554
Waoo dhekh kar hi dil khush ho gaya ma'am ❤❤❤❤❤,negative,neutral,0.1724,0.6553
Are pan jordar hoooo,neutral,negative,0.1724,0.6552
Jigar bhai..me be geet lakhela..6..jene tamara shivay koi bijo avaj api sake em nathi...bas  lakhela to ghana geeto 6...but tamari same muki saku eva 2 songs...6...so..plz ek moko joiye tamne malavano,positive,negative,0.1725,0.6551
Iqbal 2 kya re release thase,negative,neutral,0.1726,0.6549
Vikarm Bhai tame live thav to khabr nhi padti,positive,neutral,0.1726,0.6547
કોણ કોણ જીગ્નેશ કવિરાજ ના ફેન છો Like hit 👇👇,negative,neutral,0.1726,0.6547
Mam qa aap suggest kar sakti h how to grow in YouTube 😢,positive,neutral,0.1727,0.6547
👌aapne konsa dahi use kiya didi ?,neutral,negative,0.1727,0.6546
Jay ma mogal ma,negative,neutral,0.1727,0.6546
BUSY SHEDULE HAI MERA FIR MAI AAPKE VLOG ROJ DEKHTI HU,positive,neutral,0.1727,0.6546
એક વાત જે મને ખૂબ ગમે આ show ની કે તમે આપણી ગુજરાતી ભાષા ને બહુ મહત્ત્વ આપો છો... ❤❤❤❤🎉🎉🎉 બધા show જોયા છે તમારા,positive,neutral,0.1728,0.6545
jay.jay jay.ambe,positive,neutral,0.1728,0.6544
Ekdam navi rotli 👍,negative,neutral,0.1728,0.6544
Ekdum saru Che !! 😍♥️,positive,neutral,0.1728,0.6544
Ben mutton nu kachhu kevoo,negative,neutral,0.1728,0.6544
Sarika ben thi tame rupara lago glow kre mo,positive,neutral,0.1729,0.6542
Supar che bhai bhai,negative,neutral,0.173,0.6541
Ha Bhailu Ha,negative,neutral,0.173,0.654
Jay maa mogal dhavrkadhis jay shree sadhi maa jay goga jay Shree Ram krishna hanuman 🙏🏻🙏🏻🙏🏻🙏🏻,neutral,negative,0.173,0.654
"21:40
I have a cat and I learnt this fact the other day.
You can not spell homeowner without the hoMEOWner in it 
So yeah, they do own the house😂😂😂",positive,negative,0.1731,0.6539
Khub j SARS rit chhe 😊,negative,neutral,0.1731,0.6538
Aapse kuchh puchte Hain to wapas reply kyon nahin dete Ho,neutral,negative,0.1731,0.6538
Aek nambar banavyu chhe bhai jay ma mogal,neutral,negative,0.1732,0.6536
Plis done bhai ful movie,negative,neutral,0.1732,0.6535
Jeb mai paisaa ho to seb kuch aapne aap jaata h aapke face pe bhi abhimaan dikhta h😊,positive,negative,0.1733,0.6534
Jd sarika j kam kre e badhi wife and mumma kre che to atlu badhu ky new nathi atle ek n ek vat roj na kro and sandhya new che to amne ene pn jova che baki video bor thata jay che,neutral,negative,0.1733,0.6533
Shivu hardik jeva dekhay che,positive,neutral,0.1734,0.6533
"when chirayu said ""tame to aa pan jamta joi rahya ho to tame pan aa samajso"" and we alll were eating XDDD",neutral,negative,0.1734,0.6531
Sars che recipe 👍,positive,neutral,0.1734,0.6531
Vikram Bhai Address Aapo,neutral,negative,0.1736,0.6529
Om khari line marta sikhigyo che!!,positive,neutral,0.1736,0.6529
Jay vhacraj dada,positive,neutral,0.1736,0.6528
"Hello, I've a query regarding the physical copy of covid test report. Is it important to have a stamp on the report? Printing the soft copy won't work?",positive,negative,0.1737,0.6527
Sidearm Jay sri krisna,negative,neutral,0.1737,0.6527
Bhai aapke song ने rula diya,neutral,negative,0.1737,0.6526
Jay ma mogl,neutral,negative,0.1738,0.6525
Pramath bhai su acting kari che wahhhhh 🔥🔥🔥,neutral,negative,0.1738,0.6524
Shrikhand ane Mattha ma shu fer hoy ?,negative,neutral,0.1738,0.6524
"5:22 એક પણ ગુજરાતી એક્ટર, સિંગર, કોમેડિયન કે ઇન્ટરનેટ પર્સનાલિટી એ CJP protest કે students ના સપોર્ટ માટે સ્ટોરી કે પોસ્ટ મૂકી નથી. કારણ કે બીજા બધા રાજ્યોમાં તો મોદીને અંધ ભક્તો બાપ માને છે, પણ ગુજરાતના અંધ ભક્તો મોદીને ભગવાનથી પણ ઉપર માને છે.
જય હિન્દ.",positive,negative,0.1738,0.6523
Jignesh mare tari sathe actor ma participate thavu che,negative,neutral,0.1739,0.6523
Amaru sapnu che k tamne joiea najar same😊,positive,neutral,0.1739,0.6522
"Om shanti jaydeepbhai and dinesh bhai 
Hu bramhakumaris didi 
From Rajkot Daksha Naturopathist 
Aaje Tamara vlog ma j tailor ni son birthdate 28 8 13 che 
E mari b birthdate che 
Mane khushi thai aatlu badhi notes joi ne thanks your family ko mai ne pahlibar dekha jo aapne dikhaya  28th August  1975",positive,negative,0.1739,0.6521
"Aek bija thi kantadiye aetle dhan dhan  
Aetli var ma to ghanu sanjay jay😅",neutral,negative,0.1739,0.6521
Sachi vat khub saras 👍,positive,neutral,0.174,0.6521
Jay ho maa vah vah bhai bov j mst song chhe bhai 🙏🙏🙏🙏🙏🙏,positive,negative,0.174,0.652
Didi mare har time gee ma mistake thai jay 6. Makhn mlai mathi pani 6utu pdtu j nthi🤔 so pliz kejo ne k ketla time p6i gee krvanu saru kru,negative,neutral,0.174,0.652
aa song gamyu hoy to like karo aabhar,positive,neutral,0.174,0.652
CopyWood aani pan copy marse 😜👍,negative,neutral,0.174,0.652
E matla uper bujaru nahi dhakvanu fakt patlu kapad thij Matlu cover kari kapad bhinu rakhvanu toj pani tharshe,neutral,negative,0.174,0.6519
Wow ketalu mast song che badha song mathi aa song bov mast che🤗🤗👌,positive,negative,0.174,0.6519
just ek vaar randomly video joyo hato ane have hu addicted thai gai chhu .. seriously,positive,negative,0.174,0.6519
Tame surti lago cho,neutral,negative,0.1741,0.6519
Ha bhaii ha,neutral,negative,0.1741,0.6518
Full movie free ma kya madse??,negative,neutral,0.1741,0.6518
Bahu j bakwas show chhe,positive,negative,0.1741,0.6518
Sarika vaheti nadi jevi che. Jem nadi dharti parna lokoni jivadori che tem sarika pan tena gharni ek jiva dori che. Ane dada to ek shant dariya jeva che. Sarika mari ekdam fevrit  che. ❤️❤️ all familyne jay swaminarayan 🙏,positive,neutral,0.1742,0.6517
"Khub saras kehvay 
Sandhya e ekla aatlu badhu cleaning nu kam karyu
Koini pan help nathi to pan
Family ni badhi ladies hard worker che 👍👍👌👌",positive,negative,0.1742,0.6516
"So yammy❤
તમારી બધી જ રેસીપી ખુબ સરસ હોય છે",positive,neutral,0.1742,0.6516
Bht hi mazedar tasty yummy yeh toh restaurant se bhi acha hai mouthwatering recipe chef kabita ma'am ❤❤,negative,neutral,0.1742,0.6515
1 Din Hum Bhi Aayenge Aapke Show Me As a Guest ❤,positive,neutral,0.1744,0.6512
Adbhut 6e tamri kala...Jay Mataji ..,positive,neutral,0.1744,0.6512
Vikram bhai ek vakhat amari chenal juvo ane comment karo evi vinanti che,neutral,negative,0.1745,0.6511
Jai Deep ભાઈ જલ્દી સાજા થઇ જાવ પણ વોકર વગર ન ચાલતા જંપ કરશો તો થડકા લાગે,positive,negative,0.1745,0.6511
Congratulations jd bhai tamari mahenat ne daniya ho uk,positive,negative,0.1745,0.651
Kirtidanji ame tamari respect karie chie pan aava gito ane tamari acting sai nathi lagti👏👏aava kam na karo plzzzzzzzźzzzzzz,neutral,negative,0.1745,0.651
Ha mere tiger,neutral,negative,0.1745,0.651
Jay mogal ma.....,neutral,negative,0.1747,0.6506
Ha krishn gadhvi ni moj ha halo aapde bijo Garba king malva Jai rahyo chhe.,negative,neutral,0.1748,0.6503
Tame agal pan batavya che aema kai alag che please janav jo ne,negative,neutral,0.1748,0.6503
Show chutney recipe please didi❤❤,positive,neutral,0.1749,0.6503
jAY MA MOGAL,neutral,negative,0.1749,0.6502
Mare ceanal susarkarb Karo bhai,neutral,negative,0.1749,0.6501
Meri to shadi nai hui hai pr fir bhi har tyohar pe ya khudke bday pe yehi haal hota hai😂,negative,neutral,0.1749,0.6501
Jay Mata ji jay bhavani,negative,neutral,0.1749,0.6501
aatali su fate,positive,neutral,0.175,0.65
Ha kirti Ha,positive,neutral,0.175,0.6499
Pela no jd khubaj saras lagto to,positive,negative,0.175,0.6499
Jay MA Jugdumba,neutral,negative,0.1751,0.6499
સબ્સ્ક્રાઇબ કરો અને બેલ દબાવો Sanjay pubg tips,positive,negative,0.1751,0.6499
Shivvanu mshin ketlanu ayvubtu Kay kampni nu che,neutral,negative,0.1751,0.6498
khub khub abhinadan bhai jay mogal,negative,neutral,0.1753,0.6495
Ha thakoro ha,neutral,negative,0.1753,0.6494
🥺🥺🥺🥺🥺🥺🥺🥺 kuch sapne sirf sapne hi banke reh jate hai🥺🥺🥺🥺🥺🥺🥺🥺,positive,negative,0.1754,0.6492
Jay Jay Jay Jay Mogal bolo........,negative,neutral,0.1755,0.649
Badhi recepes mast hoy che,positive,negative,0.1757,0.6487
Vikram Bhai tamari all movei Original print vadi kem nathi avti.. 720ps ma and Clearity To hd Hotij nathi Theatre print jevi.. Pls tame Tamra chahko mate tamri badhi moveis tamara chanal ma meko full hd..... 🙏🙏🙏🙏🙏💖💖🙏🙏🙏🙏🙏,positive,negative,0.1757,0.6487
Supar sogn jiga bhai 👌,positive,neutral,0.1757,0.6487
Bau moti vaat che aa bi! Loko ne 5-7 varas pachi realise thase ke su su kari nakhyu Lavari a,positive,neutral,0.1757,0.6485
Shu song banvayu che ek no.1 ho bhai ❤😊,positive,negative,0.1757,0.6485
Na daru na biddi the one and only vithal tiddi,positive,neutral,0.1757,0.6485
Vah kirtibhai jevu j madhur emno dikro pan gayan gay che❤,negative,neutral,0.1758,0.6485
Tame je mavo banavyo ae to 330 gm thayo che to aetloj mavo levano che ?? pls reply,negative,neutral,0.1758,0.6484
Voice j nathi avto,positive,negative,0.1758,0.6484
Mast kapyu che,positive,negative,0.176,0.6481
Maine butter use kiya oil ki jagah…swad zabardast aa gaya.,negative,neutral,0.176,0.6479
કડકનાથ મૂવી આવે છે 26 june Dahod નું,positive,negative,0.1761,0.6478
Bivtiful song bhai,neutral,negative,0.1762,0.6476
"Hu USA rahu chu job pan Karie chie ane badha mate alag alag khavanu pan banavu chu same like Sarika, badha na gher Evu j hoi  che .",positive,neutral,0.1762,0.6476
"Abhi zinda hoon to jee lene do, bhadi barsat mai pee lene do😍😍😍😍.",neutral,negative,0.1762,0.6475
Jay ma mogal kirtibhai,neutral,negative,0.1762,0.6475
Eto manma bolechhe aane kayi rite khabar pade chhe,negative,neutral,0.1762,0.6475
Thamare tabyat sari che ne,positive,negative,0.1763,0.6475
Ham tho kalava ki bati manatee hai matalab tulshi ni lakdi ma kalava yane nadachedi ki bati banate hai ru ni nahi,neutral,negative,0.1763,0.6475
Tmare 15divs thay Jay che btava ma etle vivrs vadhata nathi Kem ke bdha vat jota hoy jova mte,negative,neutral,0.1763,0.6474
"Surgery ni details puchvi hathi,aa liposuction nathi, stomach maa pouch bane, resection thi nana antarda saathe jodai,Ghrelin namna hormone secretion ochu thai, expert ne bolavo subject details raju karo pehla",negative,neutral,0.1763,0.6474
Jaydep pela na jamana  ma manas varas mate bhade raheta bade raheta matalab eatale ke 1 varas mate khetud  na gare revanu    pan pala devse jayare jaye ne tayare aaapdne jamavanu aape khavanu aape 4 rotala ane gol aape e khae ne etle aaapdne rakhvana chhe kee nay eeenakee taatu   jo 3 rotala ne gol kay jay to sapdu ok  tayaree aaavu kay nitu bhay javu pade e javu j padee   bhay tu kadeee rak,negative,neutral,0.1763,0.6474
Vikram bhai tamara avaj ma hanuman chalisa banavo,negative,neutral,0.1763,0.6474
Dharmpur ni રાજાપુરી mast ave,positive,negative,0.1764,0.6473
Bhai kirti Bhai apde dayro barabar che Bhai ama rehva dyo,negative,neutral,0.1764,0.6472
Sab toh theek hai par charcoal kahan se aayega🤣🤣,negative,neutral,0.1764,0.6472
Tari Karata Dishaben Mota Hashe Etale Man thi Bol Ben,negative,neutral,0.1764,0.6472
Jay ho.....jordaar,neutral,negative,0.1765,0.6471
Baa Ae Maari Boundry (Gujarati Natak ) wada Baa ne bolavo,positive,neutral,0.1765,0.647
Commente to आ ખૂબ aaveyae છે हावी अमृत વિચારો,neutral,negative,0.1765,0.647
Le aale navu music... Jignesh bhai tamaro avaj saro se bas tame sara music producer sathe kam karo.,negative,neutral,0.1765,0.6469
Aa songs ma koi dum nathi,positive,neutral,0.1766,0.6467
"He was one of the contestant of singing reality show -“fame gurukul”… telecast on Sony tv…20 yrs back..Arijit singh was also one of the contestant in it. 

He was eliminated by conspiracy. All contestants came together to eliminate him.. Otherwise Keerthi was best singer among all in that show.",positive,negative,0.1767,0.6467
Cheese patra surat ma boj famous chhe Kk’s food catering ma mare chhe Recipe plz,positive,neutral,0.1767,0.6466
Bdha keva sari sari majak masti kre che pan Jaideep bhai ni Pin protein per j chote li che,positive,neutral,0.1767,0.6466
Supar dupar song se bhai,negative,neutral,0.1768,0.6465
aa to reupload che,neutral,negative,0.1768,0.6464
A1 song vikram bhai,negative,neutral,0.1768,0.6464
Khub saras ho jarurthi banavis,negative,neutral,0.1768,0.6463
Sadhiya bov. Kam Krva. Ma chokhi che.   Bov. Kam. Kreche. N. ❤. Saru. I. ❤ You. Sandiya❤,positive,neutral,0.1769,0.6462
Mem thali muki pan te vasan kala thi gya,negative,neutral,0.1769,0.6461
Mast mouth watering yummy navi racipe 👌👌👌,neutral,negative,0.177,0.646
Mast bahu j yummy 😋 dekhai che hu banavis 😅,positive,negative,0.177,0.6459
Saru thyu sarika ae chokhvat kari naetar kale pasi Aej coment aavt ke hardikbhai na Sokra mare juna Ramada aaape aevi,neutral,negative,0.1771,0.6459
Wah Bhai Jay Mogal,negative,neutral,0.1771,0.6459
Bahot zabardast cake bni dear 🎉❤,positive,negative,0.1771,0.6458
Hasho prem to nshib thi male😢😢😢😢😢,negative,neutral,0.1771,0.6458
om be like song Jignesh Barot gai rhya hu flashback ma chu 😂😂,positive,neutral,0.1771,0.6458
Kem cho mananbhai ❤️❤️ love from Vadodara ❤️,positive,neutral,0.1772,0.6455
bhai kya na cho muh umarsadi no chu,neutral,negative,0.1773,0.6454
❤jay vihat maa,positive,negative,0.1773,0.6454
Jay ma sadhi meldi 🙏,neutral,negative,0.1774,0.6453
Diwali pachi lagan tara tedi haal su thase amara🤟🤟🤟,negative,neutral,0.1774,0.6452
Bhai jhooth kyon bol Raha Hai Maine tujhko Aaj Tak Ankleshwar mein dekha nahin Hai😢😅,neutral,negative,0.1774,0.6452
Bo mast movie che,positive,negative,0.1774,0.6452
Gajab banda hai. Isko realisation hi nai 😅  bas maze hi maze,positive,neutral,0.1775,0.6451
Bhai tamaru film dil jale ave che shchi vat che,negative,neutral,0.1775,0.645
Bau sars avaj che tamaro bhai...karnapriya.....,positive,negative,0.1775,0.645
Jigar bhai tamara Gujarati music Ghana saras che,positive,neutral,0.1776,0.6448
Ha Tiger Ha Jay mataji Bhai Jay Ramapir,positive,neutral,0.1776,0.6448
"Jevu kahyu hatu, video jordaar che",positive,negative,0.1776,0.6448
Ha King Ha,positive,negative,0.1777,0.6445
Jordaaar bau saras,negative,neutral,0.1778,0.6444
App ke har video itne cute kaise hote hai ❤️❤️❤️❤️,positive,neutral,0.1778,0.6444
Saras saheb maza aavi,positive,neutral,0.1778,0.6443
Sandya ne koi saru nai rakhta and ana husband to ane ingnoring jj kare che kyay farva pn nai lai jata,neutral,negative,0.1779,0.6442
Bo mst song Lage se..... jugalbandi ma....sem avaj,neutral,negative,0.1779,0.6442
પારસી થઈને Slang લેંગ્વેજ નથી બોલતા... ઘણું કહેવાય....!,positive,negative,0.1779,0.6441
Bahut hi testy har bar ki terh Bahut hi badhiya 👌 👍 aaj se 4sal पहले आपने मेरे को appreciate किया tha dear aaj m bhi aage बढ़ gyi hu ak house wife होकर ❤❤❤❤,neutral,negative,0.1779,0.6441
Dhanyvad Kirtidan bhai dhanyvad thank u,positive,neutral,0.178,0.6441
Dil glti kar baitha hai🙈❤,positive,negative,0.178,0.644
"""Ava Sanskar Vagar na manso ne su Bolavi lyo Cho,Game tyathi upadi ne""......😡😡😡😡😡",negative,neutral,0.178,0.644
ધલવ‍Axccvv6 po,positive,neutral,0.178,0.6439
Hamto 4.30 baje jag jate hai,neutral,negative,0.1781,0.6438
80-100 nahi 700 tha ma khud ppsavani surat ma padatha hu,negative,neutral,0.1781,0.6438
Kya bat he gajab 👌🏻👌🏻,positive,negative,0.1781,0.6437
Marthi kadak thay jay,positive,negative,0.1782,0.6437
Chhathi Maiya Ham sab par bhi kripa banaye rakhna 🎉🎉 Jay chhathi Maiya 🙏🙏,negative,neutral,0.1782,0.6436
Aje maja avi,positive,neutral,0.1783,0.6434
Dost par froso na kray,negative,neutral,0.1783,0.6434
"Ma'am nishabd hu mai kya kahu aapne to Bachpan ki Yaad dila di har baar durga Pooja me ye prasad jarur khate the iska Naam bhi nahi pata tha lekin ab me Isko jarur banaungi with tomato chatni,baingan bhaja,and sabji Thank you for for sharing amazing recipe Maa Durga ki kripa aapke upar bani rahe",positive,negative,0.1783,0.6434
"Aa bhai vikrambhai jayare tyare radtaj hoy,,,,",neutral,negative,0.1784,0.6433
Singham ho to aaisa,neutral,negative,0.1784,0.6433
"Bhavnaben amare undhu hatu
Nana hata tyare money n hata etle pai pai no hisab rakhta have kai j jota nathi 😊😊😊",negative,neutral,0.1784,0.6432
"Jd bhai maro kano 15 years no che pan tamara kana jevo j pajve che , in right way not wrong thing",negative,neutral,0.1785,0.643
Sarika ketli sari cheee yarrrr mne pn ava mama mami joiyta hataa hu mara mama na ghre jav tohh aavu lad nai ladvta mara ek roti vadhre khav tohh mami nu modhu bagdi jay 🙂 n sarika kvu srs boli aale n betuuu 🫠 valuuu yrrr so sweet Nazar no lageee,positive,neutral,0.1785,0.6429
Apne to kirtidan ma koi matlab nai Sonu Nigam ne jova avya pan ae to che nai,negative,neutral,0.1785,0.6429
Manav gohil = gujarati Anil kapoor,positive,neutral,0.1786,0.6428
Jedi bhi me Pakistan se ho aor aap Ka har apisod dekhte hi bhot Acha lagta hi,positive,negative,0.1786,0.6428
Jay swaminarayan shriji maharaj no parcho badha ne bachavi lidha bagvan swaminariyan dayalu swaminariyan bagvan,negative,neutral,0.1786,0.6428
kedar bhai hamna to tamne kok chirag goti pan ke tu ha che ne 😅,neutral,negative,0.1786,0.6427
Bav j mast che film 🥹💝saccho love akhre madi jaay che,positive,negative,0.1787,0.6427
Khub saras Tamara mate re ❤🎉,negative,neutral,0.1787,0.6426
@thecomedifactory હજી સુંધી રોહિત thakor કેમ નથી આવિયા,positive,negative,0.1787,0.6426
Rah joi ne j bedha hoi kyre vlog avse ❤lots of love from Bhavnagar ❤tame mari comment vachta j nathi 😢,positive,neutral,0.1788,0.6425
Jay maa sonbai,negative,neutral,0.1788,0.6425
Yai Kashmir mai tha ???,neutral,negative,0.1788,0.6424
Wah sonal bhen jalk btavta rhe jo kirtibhai amne mja Ave che,neutral,negative,0.1788,0.6423
Tamari gujrati par thi page che tamari surname Modi ke ghachi che?,negative,neutral,0.1789,0.6422
Jamta  nai pn tame loko mara cooking time no part bani gya chho.... Never end this show 🤞,neutral,negative,0.1789,0.6422
"In Maharashtra - Rohan Zoshi
In Gujarati - Rohan Joshi",positive,neutral,0.1789,0.6421
Chintan khokhar na ghar ma aavu chhe pinal nu j chale rasoi kai levu hoy to kai kam karavavama medam key m j thay moti vahu nani nu kai halva nai deti sapna nu kai na aave koi puchhe nai pan tena sasu sav sidha chhe bhavnamasi jeva vayda nathi pinal tene kai na puchhe te bichara kam j kare,neutral,negative,0.1789,0.6421
Ha jignesh bahi ha,negative,neutral,0.179,0.642
Direct vidio song banavjo bhai,negative,neutral,0.179,0.642
Jyatharmes. ત્યાં....jakas,negative,neutral,0.1791,0.6419
"નીલમ પંચાલ ને ક્યારે લાવો છો??
Record tamaro todse lavari no  avu Mane Lage છે તો @neelam Panchal ne બોલાવો જલદી❤❤",positive,neutral,0.1791,0.6418
Maja aa gaya 😂😂😂 mai to famous ho gayi ❤️❤️❤️😀,positive,neutral,0.1792,0.6416
Agar jwar bajra nahi ho to,negative,neutral,0.1793,0.6414
Bov j mast che tamaro Avaj aane tamaro Album baane ❤  .....,positive,negative,0.1793,0.6414
up wale. comment karo❤,positive,neutral,0.1793,0.6414
"Jai jalaram🙏🙏, nice suvichre aje no 🎉🎉bhu saras... Bhu j varshed padyo.. Gare ma pani joi ne😢😢 bhu tension tai niche gare hase eloka ne bhu problem tai bhagvan ne pray kari che koi ne kai nukshan na tai.. Bhu jage per sotsarkit pan tai aava ma 🙏🙏 bdha ni salamati rahe.. Jaydeep bhai tame papa sathe kgf sathe bhu j mast friendly raho cho amne to bhu j game may to 2 divas pela na volg ma j lakhutu ke mota bhai no hath matha per hoi to su joi e.. Tame vachu na hoi atle papa nu ne tamru bonding pan bhu j saras che bhu vaar lahu che ane ame aavu jovu game atle j volg joi ne majja aave.. Saru kevai tamra family's ma badha nu ekbija sathe nu bonding mast che... 🎉🎉🎉Tension nai karta varshd bandh tai jashe ane koi nu kai nukshan na tai evi prayer kari che thank you so much.. 🎉🎉🎉",positive,neutral,0.1793,0.6413
Su movie banavi 6 yarr,negative,neutral,0.1794,0.6413
Bovj mast song che❤❤,neutral,negative,0.1794,0.6412
Supar song and tunni cut bebby મારી કમેnટ લાઈક કરો,positive,neutral,0.1794,0.6411
Jayadeep Bhai tame kv ke ame darroj comment vasiye to mari moment no javab aapo Tamara Ghar she aej tap na Amare banav VA to ketla ma banshee andaje kv Khali Ghar ubha Kerala ma thay mane kl na vlog ma javab dejo nkn aama dejo javab,negative,neutral,0.1794,0.6411
Membership pause thai gayu chhe Canada ma to video bandh thai Jase member access na? It’s from comedy factory and not from members.,neutral,negative,0.1796,0.6408
Maa hai to sb kuch hai ❤😢,negative,neutral,0.1797,0.6406
Gujarat naa super Star Vikram thakor sir ni film full MOJ,positive,negative,0.1797,0.6406
Bakvas tu kon chhe bhagvane puchhe paysa mate salo gay chhe,negative,neutral,0.1797,0.6405
Jay ho kirtibhai.....🙏🙏🙏🙏 👍👍👍👍,positive,negative,0.1797,0.6405
Jamta ame 15yar Thi Tarak Mehta joyese,positive,negative,0.1798,0.6405
Dhyan thi sambhre chhe,negative,neutral,0.1798,0.6403
Jay baba ri sa Jay bhim,neutral,negative,0.1799,0.6402
Jay hinglaj mataji,positive,neutral,0.18,0.6399
🙏🏻🙏🏻Jay ramdev pir bapa 🙏🏻🙏🏻,positive,negative,0.1801,0.6399
Ma modi daguda vadi hoooo. Charano no jiv hooo mogal. Mogal nam leta jiv jay jay ma mogal,negative,neutral,0.1801,0.6398
Hi kem cho modha ma pani aw giyu noodlesyummy,neutral,negative,0.1801,0.6397
Aap gujrat aaye the😁😁Ambaji mandir me Ambe ma bless you 😄😄😄. ....muje pata nai tha vrna me bhi aajati aapse milne..,positive,negative,0.1801,0.6397
Sir aato kai na ke vay haji to tame tamaru rup kya batavyu j chhe tame to સિંહ છો,negative,neutral,0.1802,0.6397
Be la na karso aavu...it will hit you harder then you think ! Apdi public sensetive che :) I mean..kon che su che kasu nai...just pure under the table marketing attempt...not good.,positive,negative,0.1803,0.6394
"As a audiance mare pan kaik kevu chhe

Tmara show threw koi pan manas ketlo pan stress maa hoy fresh thai jaay

Tmara show threw amne pan kaik sikhva male chhe

Tamara show threw amare pan Amara business ma ke other field maa kaik navu karvu hoy to confident aavi jaay chhe

Tmara show maa je pan guest aave chhe koi emni film nu pramotion mate ke koi emni life ni struggle kaheva
Ae bdha ni પડદા પાછળ ની વાતો sambhli ne amne aevu lage ke aapne pan aapni field ma kaik kari sakiye
Bus Khali  passion and patience ni jarur chhe

Hu every day youtube check kru ke aaje tmaro new apisod aavyo ke nai

Bus aa j rite aagal vadho 
Aapna culture ne aagal lai jaao
All the best to.all lavari team

Jaldi mota rajkaarniyo ne pan bolavo.

Congratulations To All Team.☺️🎉",neutral,negative,0.1803,0.6394
Jay maa bhagwati sonbai,neutral,negative,0.1803,0.6394
Va jignesh bhai,positive,negative,0.1803,0.6394
Anardana no powder kai brand no use karyo che te kejo ne mam.,neutral,negative,0.1803,0.6393
"Jay shree Krishna Masi ane Kaka ne 🙏❤️kaka tamaro duvichar ak number 🙏👌kaka tamne to amara khub khub pranam 🙏tame khub hard working kam karo cho hat’s of tamne 🙏finally kuvo bani gayo tamari mehanat rang lavi vadi pan mast chakachak banavi dhidhi saras majani 👌👌have tame ghare jav khub aaram
Karo tamne jarur che have aram ni kaka . Tamara mate to amari always 🙌🙌🙌🙌🙌🙌like rese j . Jaydeepbhai saras vlog hato 👌hamesa saras j hoy che 👌👍Heju kanu ane dada mast vadi ma enjoy karyu 🎉jovani maja avi ❤️❤️lovely vlog Heju kanu ne maro lad ❤️❤️❤️badha ne mara jay shree Krishna  🙏❤️",positive,negative,0.1804,0.6393
Shun vat chhe bhai dil jit lidhu tame to.,positive,negative,0.1804,0.6392
Superb but.... Mahiyaran ke matuki pan batavi hoy to song ni maja kaik alag j hot....,positive,neutral,0.1804,0.6391
Bs sambhdya j rakhvanu mann thay che. Bov mastt 👌🙏.,positive,negative,0.1805,0.639
Haan haan yeh lehenga wala video aapka hi hai 👀,positive,negative,0.1805,0.639
"Kabitha ji, plz come to Kerala",positive,negative,0.1805,0.6389
Kya episode thaa ❤,positive,neutral,0.1806,0.6389
Badhij recipe saras che,positive,neutral,0.1806,0.6388
ha vicky bhai jordaar,neutral,negative,0.1807,0.6385
Jignesh kaviraj mate ketala bhi like kre chhe,negative,neutral,0.1808,0.6384
Kalakand.....name ketlu motu ane vajandar lage. Mane to sambharine j banavvanu sujtu notu.... But as usual....tamari recipe no vdo aakho joy ne j khyal aavyo k tame aa sweet ne ketli easily banavi che...I always follow ur recipe. N it was all so easily n superb made. Thanks for sharing,positive,negative,0.1808,0.6383
Aama soda ke papadkhar nathi nakhhavano???,negative,neutral,0.1808,0.6383
wah kirtidan bhai,negative,neutral,0.1809,0.6383
Heart touching song che  mast Jigar bhai,positive,negative,0.181,0.638
Tamara sala darshak bhai masala nu ne tel nu kare bdha enu use kare tame km enu tel nthi use karta masala pn ghare banaviya,neutral,negative,0.1811,0.6379
Ha jignesh bhai from kamlesh bhai Dalwadi dhrangadhra,negative,neutral,0.1812,0.6377
Tara hoy page lag bayla papa ne,positive,negative,0.1812,0.6375
Jigabhai aa Naina Rani vadi vaat Luna gaam ni che,neutral,negative,0.1813,0.6374
Khub sars mam 😋,positive,negative,0.1813,0.6374
Ha moj ...hhoo,positive,negative,0.1813,0.6374
Aap ja rahe ho sarika didi ko  lene jaipur wo hai surprise,positive,neutral,0.1813,0.6374
"Khub j srs idli podi ni recipe SHEETALBEN…aaj kaal late thay che recipe post krva ma? Hu to tmari j raah joti hou chu k kyare tme recipe muko ne hu try kru sanje j, kyarek agau thi preparation krvanu hoy to nxt day pr plan kru…..❤❤",neutral,negative,0.1813,0.6373
Waa bhAi Ťhåkøř,neutral,negative,0.1814,0.6373
Jaydeep pelagic na video  ma Sara lagta hate activate Mando how are u lage che,positive,negative,0.1814,0.6372
Jay limbach ma,neutral,negative,0.1814,0.6372
Mara Gerna Em key ke kirti Dan ne ena garna khijata ney hoy,negative,neutral,0.1814,0.6371
Bhai aa badhu ok pn have song kyare upload thay 6e ?,positive,negative,0.1814,0.6371
Hezal જ્યારે રાત્રે સૂઈ જાય ત્યારે તેના પગ નીચે તકિયું મૂકો તો એને પગ ઓછા દુખશે.,positive,neutral,0.1815,0.6371
Mari dikari nu nam mahek che.,positive,neutral,0.1815,0.637
Bhukka kadhi nakhe evu ho baki....,negative,neutral,0.1816,0.6368
Bhavnaben tame matlu kyathi lavo cho? Bahu saras hoy che  jaypurma  Birla mandir saras che,positive,neutral,0.1816,0.6367
White tal nakhvana hoy ne.,negative,neutral,0.1817,0.6366
Jay Ma Machradi Mogal,negative,neutral,0.1817,0.6366
"Kavita ji Aapke Sabhi Recipes follow karti thi apki aawaz Simple technique bahut acha lagta tha mai Bihar Se Hun apko Sabse jyada like karti hun, Sanjeev Kapoor Ji ka jabardast Fan hun unke Sath recipe note karte khud banate sabhi bade master Chefs ka jawab nahi Nisha madhulika ka v sabhi video dekhte poonam ji mashala kitchen pankaj Bhadauria Sabhi ka video dil se dekhti thi baad me apko follow Kiya Aj Ap super fevourit ho",positive,negative,0.1817,0.6365
Kirtidan gadhavi bhai Tame vivek sanchala Sathe jugal badhi kari.,neutral,negative,0.1818,0.6364
Song was chod gaye and you did tod gaye hai na ❤️❤️,positive,negative,0.1818,0.6364
Saatam sudhri gai Kirtidaan🎉🎉,negative,neutral,0.1818,0.6363
Mai pan badhu mapo maap lidhu to pan mara Vache thi Kacha rahe che,negative,neutral,0.1819,0.6362
Bole to jakas song,positive,neutral,0.1819,0.6361
Dil jale mate kaik to kaho amane bhai,neutral,negative,0.182,0.6361
2021 Ma Bhakam Boom Padse 💥,positive,negative,0.182,0.6361
Tmra dikra ne shu thayu che?,neutral,negative,0.182,0.636
I have been there live ...mojj padi gai ti bhai,positive,neutral,0.182,0.6359
Mavo compulsory chhe?,negative,neutral,0.1821,0.6359
Sarika ben jeva wife bov badha hoy che but jd bhai tamar jeva husband kadar karva vala nai hota,negative,neutral,0.1821,0.6358
Jay chehar Jay mogal Jay sonbai,neutral,negative,0.1822,0.6356
"Je loko am kahe che ame nathi odkhta te loko ae Mardani 2 jovi joy ye, ek excellent actor che bhai ( vishal jethva ) gujrat nu naam chamkavyu che bhaiye❤❤",positive,neutral,0.1822,0.6355
"Thankyou Team Comedy Factory, Praful Dave jeva diggaj kalakaar ne bolava mate. Gujarati lokgeet, sangeet ma emnu je contribution chhe e navi generation sudhi pohchava mate.
75 years ni age ma pan aatlu saras gaai sake chhe and aalap to gajab le chhe. Plus emni comedy je dayra ni yaad apave.
Bov maja padi episode ma💯",positive,negative,0.1822,0.6355
Tadka ma sukhave to chale,neutral,negative,0.1822,0.6355
Ame Pan Aa Sak Banavu Chu❤,negative,neutral,0.1823,0.6355
"Lavari e khub hasaviya,  aaje Deep e radavi pan didha",positive,neutral,0.1823,0.6354
Ati sundar ghari Banavi chhe,neutral,negative,0.1823,0.6353
"Lipid profile check up bolte hai usko 
12/13 hours fasting",positive,neutral,0.1824,0.6352
"Your voice is killar 💘💘💘💘💘💘💘
Mai to phele se he mar gaye thi aab phir se mar gaye ho 💘💘💘🙈🙈🙈",positive,negative,0.1824,0.6352
જીગ્નેશ ભાઈ તમારા ગીત તો બધા જ સારા હોય છે અને હુ પણ તમારો મોટો પંખો છુ પણ મારે એક વાત પુછવી છે એક વાર તમે એમ કીધુ હતુ કે six pack coming soon કાઈ થયુ નહી હજી સુધી,neutral,negative,0.1824,0.6352
Lakho mansha hoy to pan patini khot dekhay,negative,neutral,0.1824,0.6352
"Khub saras gadvi sir,",positive,neutral,0.1824,0.6351
Hu to pinej સાંભળું સુ આં સોંગ,positive,neutral,0.1824,0.6351
Mast God kerinu athanu bnayvu bhavna Ben kuriyanu map ketlu levanu hoy jejone mare tmari ritnu bnavu che 👌👌🙏,positive,negative,0.1825,0.6349
Sachi vat che sugar suvyvsthit Ghar mandir khelata,positive,neutral,0.1825,0.6349
Ha have aa baki che 😢,neutral,negative,0.1826,0.6348
Tamne badhha ne ek sathe joine khubaj  khushi thai❤❤❤,positive,negative,0.1826,0.6348
Jay ma hingalaj ma,neutral,negative,0.1826,0.6348
Full movie muko ne yar,positive,negative,0.1826,0.6347
Maci desi bhasha mast bole che comwdy thay che,positive,negative,0.1827,0.6347
😂😂😂😂😂I also follow the same,positive,neutral,0.1827,0.6346
DMart or Reliance Mall me jo plastic vali  jadu aatihe vo bohot hi achi he tutti bhi nhi usko dho bhi sakte he or ache se sab kachra bhi nikalta he aap lelo,positive,neutral,0.1827,0.6345
Sopar ho mara mota Bhai👌🏼👌👌🏼👌👌🏼👌🏼👌👌🏼👌👌🏼👌👌🏼👌👌🏼👌👌🏼👌👌🏼👌👌🏼👌👌🏼👌👌🏼👌👌🏼👌👌🏼👌👌🏼👌👌🏼👌🏼👌👌🏼👌🏼👌👌🏼👌👌🏼👌👌🏼👌🏼👌🏼👌👌🏼👌👌🏼👌👌🏼👌👌🏼👌👌🏼👌👌🏼👌👌🏼👌👌👌🏼👌👌👌👌🏼👌🏼👌🏼👌🏼👌🏼👌🏼👌🏼👌🏼👌🏼👌🏼👌🏼👌👌👌👌👌👌👌👌👌🏼👌🏼👌🏼👌🏼👌🏼👌🏼👌🏼👌🏼👌🏼👌🏼👌🏼👌👌🏼👌👌🏼👌🏼👌🏼👌🏼👌🏼👌👌🏼👌🏼👌👌👌👌👌👌👌👌👌👌👌👌🏼👌🏼👌🏼👌👌👌👌👌🏼👌🏼👌🏼👌🏼👌👌👌👌👌🏼👌🏼👌🏼👌👌👌👌🏼👌🏼👌👌👌👌🏼👌🏼👌👌👌🏼👌🏼👌🏼👌👌👌🏼👌👌👌👌👌👌👌🏼👌👌👌👌🏼👌🏼👌🏼👌👌👌👌👌👌👌👌👌👌👌👌👌🏼👌👌👌👌👌👌🏼👌👌,neutral,negative,0.1828,0.6345
No discussion about Politics 😆😆😆 else મજા આવી 😛😆😆,positive,negative,0.1828,0.6344
ha maro gujarati ha,negative,neutral,0.1828,0.6343
"Behn, recipe saras chhe, pan dhonsa nai, dosa kehvaay. Aapna dhokla ne koi dokla kahe, te naa game, right?",negative,neutral,0.1829,0.6343
Ha mogal ha,negative,neutral,0.1829,0.6342
Kyare Aave Che mara bai kaho please,negative,neutral,0.1829,0.6342
. Modiki lokpriyata 20% ho gai,negative,neutral,0.183,0.6341
"Sir all the lavari members thank you so much.
Keep it up.
I'm marathi but born in gujrat and study in Gujarati medium.
Pan me cast ma bahu nathi manto 
Bas indian people badhi jaga par grow tay ane nam banave.
Ae vat no proud tay 6e .
English maru atlu badhu saru nathi pan je prem Tamara mate hato te comment ma karyo.
Thank you so much ❤❤❤❤❤",positive,negative,0.1831,0.6339
Gujarati song ne prem karo em kidhu pachi pote sir e hindi song muki didhu wahh re wahh,positive,negative,0.1831,0.6338
"Pela to 4 jana અત્યારસુધી aava તૈયાર થયા જ નહી ..અને આજે તો અલગ જ લેવલ છે 😅😅😂
12:08 ગુજરાત ના num 1 સિંગર એટલે ગીતાબેન❤
Mara ઇચ્છા thi 110 episode ek baju... aa eklo episode ek baju...❤deep aaje kai k alag j mood ma jiyo che ..ek num. broooo deep 🎉😅",positive,negative,0.1831,0.6338
Ai hai bhai ai!!!!!,negative,neutral,0.1831,0.6337
Khubaj sars song chhe,positive,negative,0.1832,0.6336
"Hello 
Aevi j thay kachari 
Color aevo j hoy guvar ni kachari no",neutral,negative,0.1832,0.6336
Jay ma mogal masarali,neutral,negative,0.1833,0.6334
Khub khub shubhecha o,negative,neutral,0.1834,0.6333
Oho su wat 6,positive,neutral,0.1834,0.6332
Please let the guests speak more 🙏🏽 or increase episode length- Sharu thayo and puro pan thai gayo Devaki ne sambhalva j na malyu,positive,neutral,0.1834,0.6332
Ben ap Surati lagoon chho?,negative,neutral,0.1834,0.6331
TOTAL GAMING (AJJU BHAI ) NE BOLAVO 36M SUBSCRIBER CHE ASIA NO NUMBER 1 YOUTUBER CHE APDA GUJRAT NO CHE SURAT NO,positive,neutral,0.1835,0.633
I miss your vedios!!😭BAARISH AAYI HAI by stebin ben and shreya ghoshal is gaane pe ek vedio milegi pleaseeeeee!!!!! ☹️❣️,positive,negative,0.1835,0.6329
Biji rit nice che,positive,neutral,0.1835,0.6329
Ha popatji thakor ha,positive,neutral,0.1835,0.6329
Sathal 3 akshar che..,positive,negative,0.1835,0.6329
When bhavsu recently came Delhi! Le me all the time : kinni pas m tere tu kyun mujhse praan🥺🤡,positive,neutral,0.1836,0.6329
Bhai jarur vina su banavvu 🏡,neutral,negative,0.1836,0.6329
lauki ka pakoda first time dekhi or suni hun ma'am ❤❤❤❤ aapki thali badi lajawab hai ma'am ❤❤❤❤❤,negative,neutral,0.1836,0.6327
Aaje j aa recepie me banavi. Bau j saras bnyu htu. Badha ne bhavyu. Thank you.😊,positive,negative,0.1837,0.6327
LPG ગેસ નુ પણ કંઈક કેતા જજો 🙏😂just jock,positive,neutral,0.1838,0.6324
Please reply sir please sir 🙏🙏,negative,neutral,0.1838,0.6323
"Wha ker milte hai 
aur wha to sukha bhi milta 
Wha ka aachar bahot acha milta hai",neutral,negative,0.1839,0.6323
Aa recipe share karwa badal aapno khub khub abhar 🙏,positive,neutral,0.1839,0.6322
"Now I’m questioning 
Is Tanmay Bhatt Gujarati?",positive,negative,0.184,0.6321
Mam jayre chiki dabba ma store Karu chu tyre ekbija par chhoti jay che to Tani tips aapo mam.,neutral,negative,0.184,0.6321
Sarika tame sachu kaho cho  beeja na ghare no bhave bhave,positive,neutral,0.184,0.6319
VHA HA MOJ HAA,positive,negative,0.184,0.6319
Jay Ho ma meldi 🙏🙏,negative,neutral,0.184,0.6319
Ek Radha Ek Mira kyare aave 6e bhai,positive,neutral,0.184,0.6319
Aa❤❤ kaun ha yogyata ha,positive,negative,0.1841,0.6319
Shoot koi pan jagya nu hoy pan aapda Kirtibhai hoy tya Moj J hoy Jay Mogal Maa👏,negative,neutral,0.1841,0.6319
ap bhi chocolate jese sweet ho❤️❤️,positive,neutral,0.1841,0.6318
Mam if I have no airfryer,neutral,negative,0.1841,0.6318
ojas bhai and aris kem bhega nai aavta bija video ma emne tcf chodi didhu che ?,negative,neutral,0.1841,0.6317
khama Ghani.khubaj gamu 6.,positive,neutral,0.1841,0.6317
JAY MAA SONAL,neutral,negative,0.1842,0.6317
Tooo too good ma'am 🎉🎉,neutral,negative,0.1842,0.6316
jay chamuda bhai,neutral,negative,0.1843,0.6315
"Bro give chocolate to the other girl too, I can’t ignore the other person like that. Come onnnn bro 🥲",positive,negative,0.1843,0.6314
Bas bas bas 15 sec ho gaye 🤣,positive,negative,0.1843,0.6314
Cash pay કરવા હવે થી,negative,neutral,0.1844,0.6311
Thx madam Hu aje j banavis. Khub sari rite sikhvaydu tame,positive,negative,0.1846,0.6308
Krunal jevo bhai badha ne j mde evi asha,negative,neutral,0.1847,0.6307
Bau j mast movie chhe .,neutral,negative,0.1847,0.6306
Sandhya vagar sunu lagtu hoy to tme lai aavi jai ne😂,neutral,negative,0.1847,0.6305
JAY MA MOGAL JAY MA SONAL,negative,neutral,0.1848,0.6305
Jay Ma Sonal Jay Ma Mogal,negative,neutral,0.1848,0.6304
Jay jay garvi Gujarat jai ho Gujarat,positive,negative,0.1848,0.6303
"Bahu pani waste thayu
Ame to decide karie k taki saf karvi che to 2 -3 divas pela thi taki no cock bandh Kari daie etle taki mathi pani bahu waste n thay 
It's not complain but try to waste less water",negative,neutral,0.1849,0.6302
મેં સ્ત ગીત છે wah kaviraj,positive,neutral,0.185,0.63
Dhinhi dale to,positive,neutral,0.185,0.63
❤supra. Sog. Giga. Bhai,neutral,negative,0.185,0.63
"Hi Jaydeep and Bhavna aunty, I live in New Jersey America, can you please tell me when Shravan month starts? I know it’s different dates but I am Gujarati from rajkot so when does it start for us?",positive,negative,0.1851,0.6299
Supar dupar hit hogi Gujarati film,positive,neutral,0.1851,0.6298
Aap to chef ranbeer se bhi populerr hai aaapko hi show me host banana chHaie thaha,negative,neutral,0.1851,0.6298
Wahh kubj sres che,positive,negative,0.1851,0.6297
ભાવના બેન કેમેરા સામે દિકરા ને વધારે કાંઈ નથી કેતા પણ અંદર અંદર બહુ જીવ બાળે છે.બાકી જયદિપ નશીબ જોગે યુટયુબ મા ફાવી ગયા  એટલે નંબર વન બની ગયા .આમ જોઈએ તો હાર્દિક અને સારીકા એ તમારા ભાગ ના પણ ગણાબધા ભાર પોતાના ખંમ્ભે ઉપાડેલા છે..પણ નશીબ ની બલિહારી કે છોકરા ઓ ના નશીબે તમારી ગાડી ચાલી રહી છે... અમે તમારા વિડીયો જોઈ ને ખુબ આનંદ લઈ  છીએ પણ જે છે એ હકીકત છે .ભાઈ ખરાબ ના લગાડતા  ઈશ્વર સૌ સારા વાના કરશે..😅😅😅😅😅😅❤love you Patel Family ❤,positive,negative,0.1851,0.6297
Cheese anguri ni recipe sher karo,negative,neutral,0.1852,0.6297
Mari lagn ma chandlo parmane jamjo😂,negative,neutral,0.1853,0.6295
Mai bhi tumse bahut pyaar karti ho🥺🙈❤,positive,negative,0.1854,0.6292
"Khetar  ma vavti vakhte pan anu bhajan alag che a gajo
Ganga te kathe khetar re 
U tube ma mali jase.",neutral,negative,0.1854,0.6292
Sarika ye location kaha hai  send me,positive,neutral,0.1855,0.6291
Jay jay jay maa SONAL,negative,neutral,0.1855,0.629
Hey bhagwan 🤦🙇 kavita ma'am aap bhi 😂😂😂😂😂,positive,negative,0.1855,0.6289
રણછોડ રંગીલા song na gayak ava Rajesh ahir ne bolavo....,positive,negative,0.1855,0.6289
Sallu ne khbar pan nai hoy k eni ketli maa hse 😂😂😂😂😀😀😀😀🤣🤣🤣🤣,neutral,negative,0.1856,0.6289
Anurag saheb gujarati kevai,positive,neutral,0.1856,0.6287
Hame bhi ifb. Nahi pasad. 25 varsh pela rajkot lidhu htu,neutral,negative,0.1856,0.6287
Wao recipe ❤❤❤ Ma'am,positive,neutral,0.1858,0.6284
"Bo mast..,👌👌👌👌 Tamari tavi kai company ni che?",negative,neutral,0.1858,0.6284
Ame pan aa ritej banavisu thank you🌹🌹,positive,neutral,0.1858,0.6284
AP ho aise ki apko dekhke pyaar ho hi jata hai,positive,neutral,0.1858,0.6283
Heju❤ maited.છે,positive,negative,0.1858,0.6283
Tree ma 1 billu chhe😇,neutral,negative,0.1859,0.6283
Suppar song jiga Bhai,negative,neutral,0.1859,0.6282
Khub bhalo,positive,negative,0.1859,0.6282
Wah Jyotiben khubaj saras mendu vada banavya nice 👍 hu adad ni dal j lau 6u pan have chokha no lot pan nakhish thanks 😊,positive,neutral,0.186,0.628
Aane Ha Dosto Tame Su Kocho. Ha. ke. Na.,negative,neutral,0.186,0.628
Aje comment padhane me bhut mja aya,positive,neutral,0.1862,0.6277
Jaydipbhai tamare brown bread na sandwich khava ni bov saras lage che,positive,neutral,0.1862,0.6275
Bhature Ni recipe Sara's che .Aaj rite ghare banavis.thank you.,positive,negative,0.1862,0.6275
Dada laik kari didhu che ❤,positive,neutral,0.1863,0.6274
When we have to add methi powder.? In hot jaggery mixture or cold or lukewarm gor mixture.,negative,neutral,0.1863,0.6274
Dil chu gaya,positive,neutral,0.1863,0.6274
Jay maa visvambhari,neutral,negative,0.1863,0.6273
Aje Jaydeep na hair sarika jeva thai gaya. 😂😂😂,positive,neutral,0.1863,0.6273
"Om Sairam Ma Baba 🙏🏻 khub tasty 
Sai Jyotish Junagadh Gujarat",positive,neutral,0.1864,0.6273
Bahuj sara. Vichar. Sandhya ji. Na. Sari ma kem rahevu ahi sa skar ka. Aave che.,positive,negative,0.1864,0.6272
Vasant paresh ne Lavo ne Lavari ma Gujrati Hasya Kalakar che,positive,neutral,0.1864,0.6271
Ketla part aavana che?,neutral,negative,0.1865,0.627
Varsad na phota khub saras che,positive,neutral,0.1865,0.627
"*Yesterday's Match Was so awesome💛💛Last over 2 ball change everything.CSK CSK...💛LOVE YOU MAHI...❤️😍🔥
Mahi Mar Raha Hai..💛💛💛*",positive,negative,0.1866,0.6269
Jay Ho Bappa 🙏🙏❤😊,negative,neutral,0.1866,0.6268
Business didi che to maja ave che,positive,neutral,0.1866,0.6267
Maru name pan Jyoti j che 😁,negative,neutral,0.1867,0.6266
❤❤❤❤❤❤❤❤❤❤❤❤❤ Khub saras che song jigneshbhai ❤❤❤❤❤❤❤❤❤❤❤❤❤,neutral,negative,0.1867,0.6265
E bapu 2000 jetli gay ni seva kare che,neutral,negative,0.1867,0.6265
i cannot stop listening to this song Jigar bhai su likhyu ane gaayu che tame ❤🎉,positive,negative,0.1868,0.6263
Jay dwarkadhish Gj 37 DEV BHUMI DWARKA,positive,neutral,0.1869,0.6262
Bhai vadhaare foreigner ne madvu hoi toh interest ma tiktok naakho👍,positive,negative,0.1871,0.6259
"Dilip joshi. &
Asitbhai modi.  &
Sara press Reporter Gujarat  news head Devangbhai bhatt ne invite karo.",positive,negative,0.1871,0.6257
Bhai tara naam ni boom che 😂👍🏼,neutral,negative,0.1872,0.6257
joRdar to ऑल 🙏,positive,neutral,0.1872,0.6256
Hats off to uncle .....apni pedi le liye mehnat kar rahe hai...I hope the next generation values what uncle is doing..,positive,negative,0.1873,0.6253
Theatre ma fari vaar release thay to majja aave,negative,neutral,0.1874,0.6251
Jay hinglaj mataji જિગનેશ બારોટ નુ હિંગળાજ માતાજીનુ જોરદાર અને સુપર હશે જય હિંગળાજ માતાજી જય મેલડી માતાજી,positive,negative,0.1874,0.6251
Bov mast che shitalben,neutral,negative,0.1874,0.6251
tamari jetali tariff karu etalu ochu,neutral,negative,0.1875,0.625
Navratri album bano bhai 😊,positive,neutral,0.1875,0.625
Benefit of bringing such people is we get to know their other works which we might have not watched and now we will watch it.,positive,negative,0.1875,0.6249
Hu tamaro friend chu,positive,neutral,0.1876,0.6249
Bhadaj mandir nu je restaurant chhe tya me ek gulabjambu khadhu k tarat emne kidhu k kharab chhe to k chhe k paisa pachha lo pan me na lidha ne rate mane fever avi gyo bolo,negative,neutral,0.1876,0.6249
Hardik kaka zone ma lage che,positive,neutral,0.1876,0.6248
Have lavari ma jethalal (dilip joshi ) kyare avese??,neutral,negative,0.1877,0.6247
Vadala puja kary ey ey daram raja nu swrup che apne vatsavitri ma Vada ni Puja kariye che ne,neutral,negative,0.1877,0.6246
kirtibhai ghani khama....,negative,neutral,0.1877,0.6246
Jiga bhai mu mara vishal ne bovaj prem karu chhu ane aepan kare chhe pan nasiba na karne dur thai gaya 😭😭😭😭,neutral,negative,0.1877,0.6245
Aapde pan bav raji a raji to,positive,neutral,0.1878,0.6245
Ben Bahuj Saras Banvya Ladu Tamari Recipe Bahuj Gami Ben 👌👌🙏 U Ben 🙏🌹🌹,positive,negative,0.1878,0.6244
Nice 👌 sweet corn vagar na je ahmedabad ma made chhe Eva dalvada ni recipe pan aapsho pls,positive,neutral,0.1878,0.6244
I have liked but can’t resubscribe  otherwise I would have,positive,neutral,0.1878,0.6243
Mananbhai tarari comedy jor hoy chhe maja ai jay chhe,positive,neutral,0.1879,0.6242
"Chirayu ni  vato mostly sense vagar ni hoy, mostly trying to be oversmart",positive,negative,0.1879,0.6241
Navratri ma vagadva aakha garba muko,negative,neutral,0.1882,0.6237
pehla banda shakal se jagdish bhagat ka ladka nahi lagta? 🤣🤣🤣🤣🤣🤣🤣🤣,neutral,negative,0.1882,0.6237
"1 year +  pela shoot karelo have upload karyo , su thayu tu khovai gyo to ke su aam to tamri story maa je  je aya che ne ena episode nai aya  ,please nako million vada na chakar ma ame 150k vada rah joi ne jata rahisu 🤣🤣🤣🤣🤣",neutral,negative,0.1882,0.6236
Saras banavya chhe noodles,positive,neutral,0.1882,0.6236
Bhavna masi ni vat akdam sachi che,positive,neutral,0.1882,0.6235
Tame Garam Masala kai company no use karo cho,neutral,negative,0.1883,0.6235
"Bhai lavari show ek number chhe... Pn ek Problem che k je tme loko Mic use kro so... Ana krta tme dynamic microphone no use krso to guest n bolvama saru reseee... Su kevu bdhanu 😅 
Jay Lavari 🙌
Jay Gujarat 🚩🙌",positive,negative,0.1885,0.623
Loose thai jai toh su kar vu,negative,neutral,0.1886,0.6228
"Bhai navo Omegle Banter no part laavo have, bau time thai gyo. Angreji ma bolu to... Nhavo fart lhavo bro",neutral,negative,0.1887,0.6226
Gusso koino Sago nathi gusso aave tyare phone fute J mara vari a to 10 phone fodi nakhiya se,neutral,negative,0.1887,0.6225
Jay ma sonal jay ma karni ji,neutral,negative,0.1888,0.6224
Ha jiga bhai barot haha👍🏻👍🏻👍🏻,positive,neutral,0.1888,0.6224
Benjo master vishal najar ma nathi avi rahya..,negative,neutral,0.1888,0.6224
E pan Mari jann ane rani bani gai che 🤗,positive,neutral,0.1888,0.6224
Ala bhai a geet atlu j che kai,negative,neutral,0.1888,0.6224
Abhishek ne mukyo to pachhi,negative,neutral,0.1888,0.6223
🙏 Jay full Bai ma 🙏,negative,neutral,0.1888,0.6223
"Bolavi do ne harsh limbachiya ne please ❤ with bharti Singh 
Mne bahut wait chhe emna episode ne.. and emne bolavo to please long lavari krjo❤",positive,neutral,0.1888,0.6223
Mare athanu mangavu che su tame athanu vecho cho?,negative,neutral,0.1888,0.6223
Ramesh Maheta ni khot atyare chhe,neutral,negative,0.1889,0.6222
Bahuj saras Didi 🙏,neutral,negative,0.1889,0.6222
Jordar songs Vikram bhai,negative,neutral,0.1889,0.6222
Jai Jai vihat ram Jay ho jiga bhai❤,positive,negative,0.1889,0.6222
"Kabita ji, aapka yeh wali greater mujhe bohot pasand hai. Bohot dino se main dekhti hoon. Aapne kahan se liya? Plz batayein. 🙏🙏 Bangalore mein normal shop mein nahi milta",negative,neutral,0.189,0.622
I miss you maa mane pan ma yaad aavi gy ho😭😭😭,neutral,negative,0.189,0.622
દિનેશ કાકા જેટલી મહેનત તમારી પેઢી માં કોઈ ના કરી શકે..j d bhai...,positive,negative,0.189,0.622
Tmara ketla masi 6 sarika ??,positive,neutral,0.189,0.6219
સાલું એક વાત તો સાચી જ છે કે ટાઈમ પાસ માટે જોતા જોતા ક્યારે આ લાવરી routine માં આવી ગઈ ખબર જ ના પડી.. પણ એ કે વાત તો છે કે નવ નવા કલાકારો ને જોઈને અને એમી ના જાણી વાતો સાંભળી ને મજ્જા તો ખુબ આવે .... ખુબ ખુબ અભિનંદન આખી 'The Lavari Team' ને. હંમેશા આવી રીતે જ હસાવતા રહો અને તમે પણ આનંદિત રહો,positive,negative,0.1891,0.6217
Bhai tamari new film kyare avse,positive,neutral,0.1892,0.6217
Hu a rite j banavu chu pan mara mal puda ekdam kadak moda ma chavay na eva thay che,negative,neutral,0.1892,0.6217
Supar bhai bija sog pan aevej banavo Jay mataji,negative,neutral,0.1892,0.6217
"China ma atle technology vadhare che ke tya ek bija na tanga khechi ne che ne bija nu kharab jova wala nathi....

India ma to bapa 1 saru kam kryu tya irshyaaa na par nthi ne khodva mandse ke aane kem atlu saru kryu atle pag khechva vala vadhare che ne kam krva wala ocha atle thodu pachal rahi jay che bharat...

Badha saru joi sakvani bhaavna rakhe and corruption sav 0 thai jay ne to 5 year ma uchu aavi jay india ❤❤",negative,neutral,0.1892,0.6216
Tame hatao kamdhandha vagarna ghar me reta bera ne bhatkata kari didha lovestory hot to thik ghar sambhadva vara ne akla bhatkvanau sikhvadyi,negative,neutral,0.1892,0.6215
Shambhu tu hai mahan😌❤️💕,positive,negative,0.1893,0.6214
Boom boom jio hajaro sal. Bhai,positive,negative,0.1894,0.6213
JIGAA BHAI MOJ KAR DI BHAI 😂😂😂😂👌,positive,negative,0.1894,0.6212
"17:43 Usually I don’t comment on videos, but since got a chance to listen to a part of my favourite track in lavari. Whoever is reading this comment, I would highly recommend to listen to these masterpieces on spotify. There’s three tracks under the name of meghani 125 years. The bit that praful sir sang is from track 02. Please do give it a chance. Thank you to the lavari team for bringing them all together. ❤",positive,negative,0.1894,0.6212
Shikra bird hai yehq,neutral,negative,0.1895,0.6211
Bhai rupiya to aapo Rs 3500 baki che,negative,neutral,0.1895,0.621
Uncle ni rangat badlai gai chhe 😊 Tamari health sachvjo 😊 Face no colour change thai gayo chhe 😊 Uncle thayan rakhjo 😊,positive,neutral,0.1895,0.6209
Kab saras che ❤,positive,neutral,0.1896,0.6209
Hero shuit nathi,positive,neutral,0.1896,0.6209
Maro son rahe che,positive,neutral,0.1896,0.6209
Ba ni vat sachi che.sasuji ni vat vahu mane a aa jamana ma nathi karta. Pan aa joi badhha sikhe..aamara sasu nu ame Mani ne j badhhi sikhya che.aje a nathi pan ame baddhi j Puja path ..Ane sabanth  sachviye chiye.etle vadolo ni vat mano..,neutral,negative,0.1896,0.6207
"Aaj no episode Om ne lidhe chali gayo,
Bhai.. Roj video na muko to vandho nahi.",positive,neutral,0.1897,0.6206
Hu tappar no chu bhai❤,positive,neutral,0.1898,0.6205
Jaydeep ji ni wat schaiy che ke hallmark AC jarur che,positive,neutral,0.1898,0.6204
Aakhi stream kya malse ??,neutral,negative,0.1898,0.6204
Mast banyo chhe... Thanx mam.. For nice recipe... Mam... Hu pan surat thi j chhu to ek favour karso.. Apne tya pulav ni jode j red chatni male chhe.. Teni recipe ap jo,negative,neutral,0.1899,0.6202
Hanuman jayanti nai hanuman janmotsav hoy. Hanuman ji to amar chhe kaliyugna dev che.,neutral,negative,0.1899,0.6202
Khoob saras chhe,negative,neutral,0.1899,0.6202
Tame total ketla gram tail vapryu che ahi to 200 gram lage che,negative,neutral,0.19,0.62
Khub j saras mam Ghana divas thi AA recipe Ni raah joti hati thank u so much mam,positive,negative,0.19,0.62
Mare dil vi itna pagal ha ye peyar to aap se bohat karta ha🙈🙈🙈,neutral,negative,0.1901,0.6199
This last move 😩❤️ this should be called as Bhavin's signature move ❤️jab bhi haath aise samne dete ho na mann karta hai dammm!! Phone se hath pakadna possible hota to abhi pakad leti ❤️,negative,neutral,0.1901,0.6198
Jay shree sonal ma,negative,neutral,0.1902,0.6197
I have joined membership pls confirm as iam not shown in members list.,neutral,negative,0.1902,0.6196
ye to alu ki sabji h 😛,positive,negative,0.1903,0.6194
Bikha magta hoy evo rol sut thay,neutral,negative,0.1903,0.6194
Chalo saras... divas ma Manan bhai no koi video (tame samjo evo nai) joi na lau tya sudhi maja na aave.. 🤣😍,positive,neutral,0.1903,0.6194
change the title,neutral,negative,0.1903,0.6194
Bavaj mast movie chhe ❤❤❤❤❤,negative,neutral,0.1903,0.6194
Badhaa vidhyarthio ne raja apao 😅 2:00,negative,neutral,0.1904,0.6193
MUsim lidc nu che,neutral,negative,0.1904,0.6192
Ha Moj Ha.boom.pade ho Bhai marketamaa..jignesh Bhai Jay mataji.. Mahesh Thakor thervada deesa..,positive,negative,0.1904,0.6192
Tamari recipe thi me aaje banavya bahu testy banya mari dikari ane vahu pan tamari recipe follow kare che,positive,negative,0.1904,0.6192
4:19 brabar che guest ne bolwa dewu pade... 😅,positive,neutral,0.1906,0.6188
Hi mam dodhi kai lavani cha,negative,neutral,0.1906,0.6187
"Sheetalben have summer ma easy to digest dinner recipes ni series lavo, easy to digest with East to cook😊",positive,neutral,0.1906,0.6187
Ha jiga ha tu Prem ma ganda karidesh ho❤,neutral,negative,0.1908,0.6184
Kaju na ho to kya Dale?,neutral,negative,0.1908,0.6183
Masha e katolanu sak sars banvyu. Masha tame je dava kidhi e plant batvjo ne kevu hoyi,positive,negative,0.1908,0.6183
Deep fry Kari Sakai ?,negative,neutral,0.1908,0.6183
Khub saras kirti bhai,negative,neutral,0.1909,0.6182
Hi nonstick pe oil nai dalte hai na??? Plz tel me i have taken new nonstick pan..kya karu?,negative,neutral,0.1909,0.6181
Jai ganesh ji,positive,neutral,0.191,0.618
Dish ka name to bolo,negative,neutral,0.191,0.6179
Kanu  Kaka. Ni style thi bese 6sofa par,positive,neutral,0.1912,0.6177
Khub saras recipe che Abhar tamaro,positive,neutral,0.1912,0.6176
Aap ki rishipi bahot Achi hai Aap ki video dekh kr hi banati hu bshot Acha lagta hai. Thanks dii❤,positive,negative,0.1913,0.6175
Es song pr phli bar tha this was rouph but wo touph tha b,positive,neutral,0.1913,0.6175
Gujarati no arijit sing 6 bhai,positive,negative,0.1913,0.6174
Jay ma MOGAL 🚩🚩🚩🚩,neutral,negative,0.1913,0.6174
Wowwwww.nic..hu80  no Born pan mne ghani add.yaad che,neutral,negative,0.1913,0.6173
"Sir I'm from mumbai and my last wish before I die is to see you morari bapu maya bhai, and all the folks Artis I don't know how to meet you please help My name is Parth Bhatt Jay mogal",positive,negative,0.1914,0.6172
ATI SUNDAR RAJUAT 🌹 BHUDEV SATi MATA JYOTISH DHANERA DIST BK JAYANTIBHAI Trivedi HAMESHA khus Raho 👋 jay parsuram mahadev har 🌹,neutral,negative,0.1914,0.6171
Pramesh bhai nandi Canada vala mara der thay tamne yaad kare chhe,negative,neutral,0.1915,0.6171
jay mataji vah bhai jaldi upload kari dyo,negative,neutral,0.1915,0.6171
Ha mari samaj,neutral,negative,0.1915,0.617
Jay baghuda wari jay ho,negative,neutral,0.1916,0.6169
Khub khub gamyo aaj no episode,positive,negative,0.1916,0.6168
JORDAR HAVE MAJA AAYU,positive,negative,0.1918,0.6165
"Kidi aaro purva nu karan che k chaitra maina ma keedi khavanu stock kare so…. Generally nariyal ma bhari paper thi cover kari ne ema small holes karine jamin ma daati de. 
Also aa karva thi bhandaaro karva jetlo punya male",negative,neutral,0.1918,0.6164
Foreign maaaa Laal laal paghadiiiii 🎉🎉🎉🎉😊😊😊 Bhai bhai Rabari maldhari 🎉🎉,negative,neutral,0.1918,0.6164
Jay iii mogal ma,neutral,negative,0.1918,0.6163
Bht hi mazedar swadisht simple easy to make recipe hai chef kabita ma'am ❤❤,positive,neutral,0.1919,0.6163
Shree Ganeshay nmh Jay Somnathdada Jay Khodiyarma Jay mogalma Jay chamunda Jay Ambema Jay Dwarkadhis Jay shree ram Bapa Sitaram Jay shanidev Jay saibaba Jay shree ram Jay Bajarangabali dada Bapa Sitaram,neutral,negative,0.1919,0.6162
"Sarikadi tame shampoo, conditioner kayu use Karo cho",negative,neutral,0.1919,0.6161
Kirti daan bhai tamari boli ( ગાવાની)aavij rakhe Ane manshone sabhdavtaa ro avi bhagvan ne prthna,neutral,negative,0.1921,0.6158
Aunty tame saree ma saree lagoo,positive,neutral,0.1921,0.6158
Jd bhai village blog jova r bahu majaa aave gayi but one thing Tame kanu sathe bahu totalu bolo cho pls Nahi blolo Kanisk teuj bolta sekhe che kids sathe hamesha normal verbal bolvanu,positive,negative,0.1921,0.6157
Jay makhan chor,positive,neutral,0.1922,0.6157
Sarika SUA atyare GARAM pade ADSI  AED karo,positive,neutral,0.1922,0.6157
*jay ma sonal🙏*,neutral,negative,0.1922,0.6156
Kya log hai chhote bacche ke liye ase comment kar rahe ho aap log,neutral,negative,0.1922,0.6156
Jay Mogal MA,negative,neutral,0.1922,0.6155
Bicharu a banavayu moti vet karvanu hoy masi to udadtata bichari sandhayani,positive,negative,0.1923,0.6154
"Aa kaya topa ne bolayo che..never even heard of him before..he ruined the entire episode!! Try and learn how to respect people.

Deep bhai❤❤❤",positive,negative,0.1923,0.6154
Congratulations to only n only Sarikaben and Bhavna aunty for New Washing machine kemke machine nai hatu to kapda emnej dhoya chhe ( badhana ) bhagi nathi gaya....  true respect  🙏❤️🎉🎉,negative,neutral,0.1924,0.6152
kya baat hai Yash pahela thi tamari jode 6 waas boos waah.,positive,neutral,0.1924,0.6152
jay ambe jay khodal,negative,neutral,0.1924,0.6151
Sarika best che ketlu kam kre che 👍👌👌,positive,neutral,0.1925,0.6149
Jay mataji 🙏🏻 Jay ma Mogal 🙏🏻 Jay ma Sonal 🙏🏻,positive,neutral,0.1926,0.6147
Jem krishna vina radhaa adhira che Tem malhar vina pooja adhira che Krishna radhaa ek j khevay Tem malhar ne pooja ek j khevay Aa to Prem che bhai Su che Aaj to Prem khevay Sachu ne?,negative,neutral,0.1928,0.6143
Ha mari meldi ha,neutral,negative,0.1928,0.6143
Mat Khao bahar ka nice .not good you are very right khana hi nahi ghar ka banao n khao,positive,neutral,0.1929,0.6143
Jay Raja ranchod,positive,negative,0.1929,0.6143
"You may correct the name from Dholia to Dholida, it would improve the song rank.",positive,neutral,0.1929,0.6143
Bila na sarbat kem banvo cho . please video banvjo ne..bila nu sarbat sikhvado .... please,neutral,negative,0.1929,0.6141
Ap hmesha hme speechless kr dete ho yrr 😘,positive,negative,0.193,0.6141
Dil left side se hota hai🤣🤣🤣,positive,negative,0.193,0.6141
"This is how a show should be spreading positivity and smiles. Most importantly, at a time when people are criticizing each other based on their language, here comes TCF, uniting every culture and breaking the language barrier. Much respect to you guys.",positive,negative,0.193,0.614
No internet bandh Nahi to Maza Nahi aave,negative,neutral,0.193,0.614
Bhai constant video mukta Karo ne yaar hu regular joto hov su pattar thoko yaar❤,negative,neutral,0.1931,0.6139
Jaydeep bhai tame patala nathi sara lagata,negative,neutral,0.1931,0.6137
Supăr song vikram bhai,neutral,negative,0.1932,0.6135
total police maleli che,negative,neutral,0.1932,0.6135
Badhi comment sandhya ni che.  80% 😅😅,positive,neutral,0.1933,0.6134
Jay jay babari.,positive,neutral,0.1933,0.6133
Tame jaydeep bhai bolo to mast lagse vadhare tme funny bolo cho atle ❤,positive,neutral,0.1933,0.6133
Aaj to holi day che ne,neutral,negative,0.1934,0.6131
Rajkot ma to garmi. Ful Suzan che..😅😅🌞🌞,positive,neutral,0.1935,0.6131
Bahu j saras recipe share kari kaju katli banavvani aavi j saral recipe share karjo pl Ma'am,neutral,negative,0.1935,0.613
Aama thakiya thi j saru thase karan ke hu pote tachkiyu odango chu eatle khabar,neutral,negative,0.1937,0.6127
Vikram bhai aap bhagvan hai yrrr sachme Dil se aapko sanam hai,negative,neutral,0.1937,0.6126
Bayutifull song jiga Bhai,negative,neutral,0.1937,0.6125
Aavaj kiu nahi aa rahi song ma,negative,neutral,0.1938,0.6124
Narendra Bhai Gujarati bhai Jay Jay Shri Ram har mahadev Jay Shri Krishna DP boss kattar Hindu Rajasthan bahut Sundar bhajan hinduon ko jagane ke liye Jay Shri Ram,negative,neutral,0.1939,0.6122
"Jai chhathi maiya, ma'am",neutral,negative,0.1941,0.6118
Jay હો jay aashapura ma,neutral,negative,0.1941,0.6118
Jay mataji ha thakor ha,positive,neutral,0.1941,0.6117
Jim ma j raho. Ghar ma entry j nahi aapo. 😂😂 Jim wala ullu banave che. Aapne khava nu occhu. Dieting karvanu. Aatli excercise karvani ane paisa pan aapvana. Wah.,neutral,negative,0.1942,0.6117
Ala muvi puri to batavo,positive,neutral,0.1943,0.6114
Oven ma muki shakye sandwich?,neutral,negative,0.1944,0.6112
Bantar જીલિય. હોસ્ટેલ.દોષ્ટા.કાવતરું.janu ben.kem,neutral,negative,0.1944,0.6112
Jay chotila vaali Chamunda Devi..,neutral,negative,0.1945,0.6111
Kyare rilis thase song,negative,neutral,0.1945,0.6111
Jay mataji🙏 chetansinh aandbhakhari,positive,neutral,0.1946,0.6109
Ha sachi vat vikram Bhai,negative,neutral,0.1946,0.6108
Bahu Oil use kar re hei,neutral,negative,0.1946,0.6108
SAMAY NE LAO BHAI TAME TOH LAVI SAKAYO,neutral,negative,0.1946,0.6108
vikram Bhai tame saru kam karochho bhale bhale,negative,neutral,0.1946,0.6107
Jiga na fen like kare,neutral,negative,0.1946,0.6107
Vikram sar Aksan film Kem nathi bnavta,positive,neutral,0.1947,0.6107
Ketla diwas stor kari sakiye,negative,neutral,0.1947,0.6107
Why didn't you post the 2nd part sir?,positive,neutral,0.1947,0.6106
"Bau sari che evo dekhado kre 
Shame less lady
Hatts of to sandhya 
K nanand roka a aave to b didi kai n bolave",negative,neutral,0.1948,0.6105
Ketlo entjar karaviyo tame,negative,neutral,0.1948,0.6105
Bapujini vat sav Sachi che,positive,neutral,0.1948,0.6105
Khub sundor reshipi,positive,neutral,0.1948,0.6103
Jay maa sonal supar song,negative,neutral,0.1949,0.6103
Full sapot bhai,negative,neutral,0.1949,0.6103
Jignesh barot na ashik hoy to like thy jay❤️❤️❤️❤️❤️❤️❤️,positive,neutral,0.1949,0.6101
Hamne suna bahut bar hai lekin hamne banake khaya nahi hai,neutral,negative,0.195,0.61
Ha kirdan ha,neutral,negative,0.1951,0.6098
Karm no sanga thi ♥️♥️,neutral,negative,0.1951,0.6098
Bau mast song se,negative,neutral,0.1952,0.6096
Jigara bhai video  pela madam che ae Amara bhabhi che ? 😅😜☺,positive,neutral,0.1952,0.6096
Mana pah abvafs npvia mari,negative,neutral,0.1953,0.6094
13:05 aa to yash Soni jevo lage che! Sasti copy che 😂,negative,neutral,0.1954,0.6092
Vikarm Bhai Patelni Patelai Ane Thakor khandani movies kedi Av6,neutral,negative,0.1954,0.6092
Mane tamarei recipes bahuje game che jyre time male tyre joilavuchu👌👌👌,positive,neutral,0.1954,0.6092
Cheteshwar Punjara ને બોલાવો,positive,neutral,0.1954,0.6092
"Aa loko hassyaj nahi, manan bhai, ketlu saaru bolya vipul bhai",neutral,negative,0.1955,0.609
Chapri youtuber dekha hai kisi ne,positive,neutral,0.1957,0.6086
Ek Kilo puri banavava mate ketlu ghee mon mate levu joiye,negative,neutral,0.1957,0.6085
Jsk nice tmara gher kyare 6randal  na teda,positive,neutral,0.1958,0.6084
Movie name:fakt mahilao mate,negative,neutral,0.1959,0.6082
Jay mataji sarikaji ap bacho ke shath bache or bade ke shath bade bante ho  wah apka vlog me acha or important rol haiiiiiiiiii,positive,neutral,0.196,0.608
Tmaru aaku ghar multi telented che,positive,neutral,0.196,0.608
Sequel banavo have saheb! Param-Padam should return.,negative,neutral,0.196,0.6079
Kal thi mara pappa ne max bolavanu chalu karvu padse😅😅😆😆,neutral,negative,0.196,0.6079
Jaydev bhai gosai ❤,positive,neutral,0.1961,0.6078
"Yesterday, utraan ma tarrace par 4 wagye tamari reet mujb banavi ne lai gya , amaro to vat padi gayo foreign na guests same , THANK YOU VERY MUCH.",negative,neutral,0.1961,0.6077
Beard look Bau j Jorrdar chhe Ho Kirtidan Bhai.. 😍😍,negative,neutral,0.1961,0.6077
"Jay swaminarayan, kanu dada ki style ma ubho hato carban copy chhe dada ni 😊",neutral,negative,0.1962,0.6076
Janu hoy to phone tode,negative,neutral,0.1963,0.6075
chirayu kharab joke gali jay che etle double chin jovo😂😂,negative,neutral,0.1963,0.6074
"Rinku ben pase thi clothes order karva hoy to kai rite karavana 
Plz answer",neutral,negative,0.1963,0.6074
Baaz pakshi che...,neutral,negative,0.1964,0.6071
Ane fajeto or aamrato kehvay Ane 2 ways thi bane bau juni recipe che .... Second recipe ma chaas and besan na nakhvi hoye .... Bau saras lage khichdi and rice jode,positive,neutral,0.1965,0.607
Wah Jignesh bhai Kaviraj jay chehar sikotar ma,neutral,negative,0.1965,0.607
Hu baroda thi yogini mehta...,negative,neutral,0.1966,0.6069
Jay kuldevi MAA,negative,neutral,0.1966,0.6067
Pehle bathroom me ... Fir gate ke pass ... Ab road par baith gaye...next kidhar ka irada hai Masi?😎🤦🏻‍♀️😂,neutral,negative,0.1967,0.6067
Koi divas santhya sathe હસી bolta nathi joya papa bhumika koi ઇજ્જત પ્રેમ નથી આપતું,neutral,negative,0.1967,0.6066
Ha jignesh bhai Supar Bhai gamyu mane bovaj gamyu,negative,neutral,0.1967,0.6066
Tamara jeva Singer thodo amne pn support kroo Bhai Prakash Mandora kaas friend ❤️❤️👍👍,positive,neutral,0.1968,0.6064
Hindi dubbed version release karo,negative,neutral,0.1969,0.6063
Navratri ma 9 girls and 1 kal Bhairav ne besade che hu pan besadu chu....jai mataji 😊😊😊🙏🙏🙏,neutral,negative,0.1969,0.6062
Bhaiya aap kaise tiger Shroff se mile vah kahan rahte hain yah to Bata dijiye govindpur mein rahte hain kahan rahte hain,positive,neutral,0.1969,0.6062
Kevu pade su film banavo che,negative,neutral,0.1969,0.6061
Bovj mast game ramvani rit che,positive,neutral,0.1969,0.6061
Ek radha ek meera YouTube par kyare rilis thavani chhe,negative,neutral,0.197,0.606
Oસમ જીગ્નેશ ભાઇ,positive,neutral,0.197,0.606
Khatri loko ni tikhi daal recipe upload karo,neutral,negative,0.197,0.6059
"Su thyu,, movie",positive,neutral,0.1972,0.6056
Marathi movie copy.Aga Bai arrecha Gujrati pase story kya che ane script to chori kreli che pan acting pan sari nthi Must watch aga Bai arecha beautiful movie acting music bau Sara's che.kum se kum 10varsh pela release thai che Ena thi vadhare varash pan juni hoy but good movie,neutral,negative,0.1972,0.6056
"Yummy Fajeto. We do it a bit differently. We rinse the leftover mango peels n gotla in water ( kuch bhi waste Hina nahi chayiye…😜😂) after taking out Mango pulp to make Ras. Use that water, Add Salt , a bit of sugar, Dhania Jeera powder, haldi, Vaghar with Ghee, Jeera, Clove n Cinnamon, curry leaves n Hing. Finally garnish with corriander.",negative,neutral,0.1972,0.6055
આતો ઠાકોર ની ઝલક જોવે એના જીવ બળે ના જોવે એના કાળજા બળે mr. Thakorsaa,neutral,negative,0.1972,0.6055
Bhia main aapki sabsa badi fan hu ❤❤❤❤❤❤🌹🥀🌹🥀🌹🥀🌹🥀🌹🥀🌹🥀🌹🥀🌹🥀🌹🥀🌹🥀🌹🥀🌹🥀🥀🥀🌹🌹,positive,neutral,0.1975,0.605
jai jai ganesha....,positive,neutral,0.1975,0.6049
Ha aavij hoy che kashri ame pan banaviea mast lage testma from rajkot,neutral,negative,0.1976,0.6048
Gai kal pogram muk jo vala ...moraribaou ne tya no,negative,neutral,0.1977,0.6046
Tame tamra bhai nu hair oil nathi use kerta,neutral,negative,0.1977,0.6046
Aap jyada padhe to faje to Karke Itna Bor kar rahe ho ki video dekhne ke liye Ham cancel Karne Wale Hain,neutral,negative,0.1977,0.6046
I mogal MA,neutral,negative,0.1978,0.6044
Have tu reject baka 😂😂,negative,neutral,0.1978,0.6044
Jambu ky aane..Raavna yellow hoy.,neutral,negative,0.1979,0.6043
Kahan se khariden ❤,negative,neutral,0.1979,0.6042
Maldhari Raj maldhari cho to like karo mari comment ne,negative,neutral,0.1979,0.6041
I from valod lijjat papad surti samni majja aavi gai,neutral,negative,0.198,0.6041
Ha Thakor ha.,neutral,negative,0.198,0.6041
Jay ho Umesh barot,neutral,negative,0.198,0.6039
Supar song che,positive,neutral,0.1981,0.6038
Jay Mogal ma,negative,neutral,0.1982,0.6037
Aavi dil thi araj karo to kem no aave Maa ...bovj mst...jmj,neutral,negative,0.1982,0.6036
16:53 Gujarati till 5th standard,positive,neutral,0.1982,0.6036
"Masala dosa 
Nu dosala mosa kem karyu che naam na 😂",neutral,negative,0.1983,0.6034
ha vikaram.m.thakor ha,negative,neutral,0.1984,0.6032
ha bhai haa,neutral,negative,0.1984,0.6031
Bo mast recepie. Jarur thi banavis.Thanks,neutral,negative,0.1984,0.6031
jignesh bhay woro woro mhakali mani sunddi sog kyare aavse mane javab aapo palij,neutral,negative,0.1985,0.603
JAY JAY JAY MOGAL,positive,neutral,0.1985,0.603
Umiya ne bahuchar mana chhoru mate chhe,negative,neutral,0.1985,0.603
Nani ઉમરમાં kam વધારેને ane vadhare umaram kam ochhu  thau badhane,positive,neutral,0.1985,0.6029
sabse jabrsti acting karvi hai 😂,positive,neutral,0.1985,0.6029
કોંઠા એજ બીલા છે. અંગ્રેજી માં woodapple name .,positive,neutral,0.1986,0.6028
Ye to mene kal hi bnai apki purani video dekh kr 😂😂,negative,neutral,0.1986,0.6027
Vah maja aavi gy ho❤,positive,neutral,0.1987,0.6027
Likvid Kyu use karodo?,neutral,negative,0.1987,0.6026
jor che jiga bhai,negative,neutral,0.1988,0.6025
Bhavesh maro jiv lai. Gayo,negative,neutral,0.1989,0.6023
Aa full movie nthi,neutral,negative,0.199,0.6021
Bhai ese ladko se kaise ladki ya pati gayi amarathi to patti nahi,negative,neutral,0.1991,0.6019
Jignesh kaviraj 👌 ne Ramdevji Maharaj khub aagal vadhare ane teni manokamna puri kare,neutral,negative,0.1991,0.6018
Kon cho bhai tame?,neutral,negative,0.1991,0.6018
Dhani ma lasan agad padtu nakho to vadhare saru lage,neutral,negative,0.1991,0.6018
Laya navu laya jignesh bhai,neutral,negative,0.1992,0.6016
M to fresh Malai dalti hu kyu k available in every home nd gud ki skakar dalti hu dear sis 😅😅urs recipe is good 👍 ❤❤,positive,neutral,0.1992,0.6015
"Some of the RJ are there like :- RJ Devang ,MIT meet from ahemdabad specially .",positive,neutral,0.1993,0.6014
Kaise karenge passport renew Jara batao,neutral,negative,0.1994,0.6013
Tamaru stend mixchar kai campni nu che?,neutral,negative,0.1994,0.6013
Ha Maru Mahldhari Samaj,negative,neutral,0.1994,0.6013
Bro ye tomari bhen hai ya gf,positive,neutral,0.1994,0.6013
Tme kya state and city ma cho?? I am coming to saskatoon on20 July 2023.i m from Anand...gujarat,positive,neutral,0.1994,0.6012
👌👌 Jordar Entry ho baki 👍👍 વિક્રમ ભાઇ ની ઝલક... તો બધા થી અલગ...,neutral,negative,0.1996,0.6009
Tame bahuj mehnat kari che mam,negative,neutral,0.1996,0.6009
"Nasib na aade aave pandadu, to pachad thi mari jai vandru!",neutral,negative,0.1996,0.6009
Jorr jiga bhai 👍,neutral,negative,0.1996,0.6009
Jay maa sonal krupa,negative,neutral,0.1996,0.6009
Ye to shuru hote he khatam ho gaya,neutral,negative,0.1996,0.6008
Jaydeepbhai aava hair  tamne nathi sara lagta,negative,neutral,0.1996,0.6008
Jigar bhai tamne mogal ma nu atlu suppeb gaya matadi koi divas tamne dukhi nahi kare,positive,neutral,0.1997,0.6006
Aa show ne darek gujrati na dil sudhi lai java mate show ma aeva gujrati kalakaro ne pan lavo je darek gujarati khub dil thi chahe chhe ❤,positive,neutral,0.1998,0.6005
Guju  chhov  to  pan  hing  nathi  nakhi,neutral,negative,0.1998,0.6005
Jay ranchhod raay,negative,neutral,0.1998,0.6003
Mare Aevu tayu hatu,neutral,negative,0.1999,0.6003
What stay is it in gir ? Name of the stayyyy pease please,negative,neutral,0.1999,0.6002
Podcaster nathi bolavta to jay thadeswer sir kon hata,negative,neutral,0.2,0.6001
Mujhe doubt tha acting ka❤❤❤,positive,neutral,0.2,0.6
Please jignesh Bhai Tamara mobile nabra Aapone please,negative,neutral,0.2,0.6
Amara gam maj chhe sarvesvar gowdham,positive,neutral,0.2,0.6
Jai ma meldi 🙏,neutral,negative,0.2,0.5999
"Tame Fajeto banavo to tema curd ( dahi) nathi nakhvau ane Chana no lot  nakhavo nahi, keri no ras ane pani no banavano, 
1 vataki mengo no ras ane 2 vataki pani nakhavu  etale tapeli ma 1/2 Ras ane 1/2 pani nakhi ne mix kari ne fajeto thic rakhvo ane he's par muki tema namak, thodok gol ke sugar nakhavi namak, lal marchu , dhanajiru, haldi kothamir , kadipatta nakhavu  pachi ukalvu ane tel no vghar ma rai , jeeru, methi na dana, kadipatta, 2 red chilee nakakhu hing nakhi e vaghar fajeto ma nakhi devo pchi ukalvu thick thai jai etale fajeto utari le vo pachi lemon  no ras nakhavo, fajeto palo hoi to ras thodo vadhare nakhvo, tame je tapeli ma dal bavo cho te map levanu. ❤❤❤❤❤❤",neutral,negative,0.2001,0.5998
Prem gadhvi ne bolavo have,neutral,negative,0.2001,0.5998
Jignesh kaviraj tameto badhane divana Kari didha vah Jignesh bhai,neutral,negative,0.2001,0.5997
Ha Bhai haa,neutral,negative,0.2001,0.5997
Tane mara vina nai chale,neutral,negative,0.2002,0.5996
Hello mam bahu j mast banavya 6. Atyare Val ni bhaji (vaida ) male 6 ae receipe share Karo plz.And ae bhaji amare ghare ugadavi 6 to Kae type na Val leva ae batavo and aene fanagavi ne ugadava na ke fangavya vagar ae janavo.Bcz ae bhaji amare tya nathi malti.,negative,neutral,0.2003,0.5994
Hi pela je part kryata aemathi 1 j boil krvano che??,negative,neutral,0.2003,0.5994
Mast recipe che❤hu porbandar thi jou chu,positive,neutral,0.2003,0.5994
Bhai aava songs gata raho to aapdi Gujarati industry aagad aave,positive,neutral,0.2004,0.5992
Bhai dil ko chuu gai aapki aawaj...,positive,neutral,0.2005,0.5991
Jigo to jigo kahevai,negative,neutral,0.2005,0.5991
Aavo amari YouTube channel ma,negative,neutral,0.2005,0.599
"SARIKA T PACHI I KEVANU BHULI GAYI ANE EK SECOND GUMAVYA VAGAR TAME PRESSURE MARI NE KAI DIDHU THAT SARIKA IS RIGHT,SHE IS NOT RIGHT,POTA NI WIFE NO DHAKO NAI",neutral,negative,0.2005,0.5989
Saras papa ek kam karo,positive,neutral,0.2005,0.5989
South movie takkar Mari hooo ❤ ha Maru dholiwood haa❤,neutral,negative,0.2006,0.5988
Hamara india ka culture babhut achha hai baki log kuch or hi dete hai ❤️❤️,positive,neutral,0.2006,0.5987
Are bhai tamri films to hi se,negative,neutral,0.2007,0.5986
HA JIGABHAI KHERALU,negative,neutral,0.2007,0.5986
su vaat nu attitude che bhaiii aj sudhi koi e aam behave nat kairo show worst guest ever,positive,neutral,0.2007,0.5986
Toy mane aa song ma bau maja na aavi,neutral,negative,0.2007,0.5985
I miss u માં,neutral,negative,0.2008,0.5984
Amdavad ma pndhu 6 vrshad,neutral,negative,0.2008,0.5984
Vikram sir mare tamari jode koy film ma kam karvu che,neutral,negative,0.2008,0.5983
There should have been a comment around 2 different yam raaj,neutral,negative,0.2009,0.5983
jay ma moal,positive,neutral,0.2009,0.5982
Mummy ka hindi muje to bahot mazza ata hai sunna,positive,neutral,0.201,0.5981
Aunti ji hindi boliye na kuch samgh nahi aata we are punjabi aapki baten bahut achi hongi per samgh to aani chahiye,neutral,negative,0.201,0.598
Bunty aa gaya ka 2 episode kab aayega,positive,neutral,0.201,0.598
Mari sikuna Ram Ram 🙏🏻🙏🏻,negative,neutral,0.201,0.598
Jay Sonal MA jay mogal MA kar kar rudyo Raji tayi jayi tavi maniAradhana che 🙏🙏,neutral,negative,0.2011,0.5977
Ava monga bed pp vara thai jay diper peravu joiye Amara garma 4 potra tya pan koi divas bed kharab Nathi karyu,neutral,negative,0.2012,0.5976
Spre gun 🔫 કેટલા મા આવી,positive,neutral,0.2012,0.5976
Jay maa mogla 👏👏,neutral,negative,0.2013,0.5975
Jay mogal.....chotte(kirtidan),neutral,negative,0.2013,0.5975
Gujarati cricketer ne lvo please ... Hardik ..jaddu....and tame loko ochu boljo amne bolva dejo😅,positive,neutral,0.2013,0.5974
Kai song to na ayu,neutral,negative,0.2014,0.5973
Jay shree sadhi maaa Jay shree sita ram siyaram laxman hanuman dada ki Jay ho bharat shatrughan ji ki Jay ho jay shree radhe Krishna rukhamani ji ki Jay ho jay shree Krishna har har Mahadev Jay shree maaa parvati ganeshay kartikey nandi devata 🙏🙏🙏🙏🙏🙏🙏🙏🙏🙏🙏🙏🙏🙏🙏🙏🙏🙏🙏🙏🙏🙏🙏🙏🙏🙏🙏🙏🙏🙏🙏🙏🙏🙏🙏🙏🙏🙏🙏🙏🙏🙏,neutral,negative,0.2014,0.5973
He owned the show !!! ❤ Surti Accent bau majja avi,positive,neutral,0.2014,0.5972
Jigneshbhai jordar Jodi che,neutral,negative,0.2014,0.5971
Mam pls reply kre aap itne time se cooking kr rhe ho but fir bhi aap master chef me humesha last kyu ate thei Even ki jo bki celebrity thei wo apse aage ja rhe thei Muje lga tha aap winner hoge but aap kisi bhi round me top pe kyu nhi the Apne sab se jyada cooking kiya fir bhi,neutral,negative,0.2015,0.5969
Àap to master chef me thi na😊,positive,neutral,0.2016,0.5968
5:30 must che 🤣🤣,positive,neutral,0.2017,0.5965
Bhai n maja che,positive,neutral,0.2017,0.5965
Ame pan bapu ni katha sabhali che ..pan nilakanth kone kevay ey bapu ne ko shastro vachi ley pachi bole.. Alalo virodh thayo to badha to khota na hoy n kirtidan bhai..,negative,neutral,0.2018,0.5964
Va Bhai va,negative,neutral,0.2018,0.5964
Surat ma Dudh Badam no halawo maleche pls tene recipe share karo…. (Orange yellow colour no Hoi che ),neutral,negative,0.202,0.596
Aap oats kaise banate ho ek bar banake dikhao please,neutral,negative,0.202,0.5959
JaY MoGaL Ma...🙇‍♂️🙇‍♂️,neutral,negative,0.2021,0.5958
"Pela to moti salah devani ke adi ne gujrati sikhvado 
English to 25 year pachi gali galia bolta hase jyare a generation moti thase tyare 
Pan pachi gujrati kon sikhvase? 😁
Duniya ma gujrati noj danko vage che atayre",neutral,negative,0.2021,0.5957
Vats Vaishnani ne bolawo have :],neutral,negative,0.2022,0.5957
8:44 mane toh desirable since rawstar lage che😍,positive,neutral,0.2022,0.5957
Ketla day sudhi store kari sakay,neutral,negative,0.2022,0.5956
Tamara ghare bhakhari alag hoy che  ane  amare alag hoy che  tame  savare bhakhri banao cho  aeni recipe  apaso plese  bhavana masi,positive,neutral,0.2023,0.5955
Petma Kida hoi ne to Pata mare,neutral,negative,0.2023,0.5954
Jay shree Somnath mahadev parvati ma jay tanot aavad mata,neutral,negative,0.2024,0.5953
Video blur kem kriyo che,neutral,negative,0.2025,0.5951
Jay dwatka Dhish,negative,neutral,0.2025,0.5951
Have to Photo pan nathi........😭😭😭😭😭😭😭😭😭,negative,neutral,0.2025,0.595
Kirtidan gadhvi sahab na voice khub man mohilo chhe sir khub saras,neutral,negative,0.2025,0.595
jay mogal ma kirtidanbhai supar,negative,neutral,0.2025,0.5949
Muhh mhh paani aa gai di apki saare recipe dekhhti,negative,neutral,0.2026,0.5948
😇😇નરસીમેહતા નું song 😇😇,positive,neutral,0.2026,0.5948
Sahi h didi 👍😅,negative,neutral,0.2026,0.5947
Hm toh kbse hain ready taiyaar Milwado jldi pikpok star se 🤧🌝👅,positive,neutral,0.2027,0.5947
Vipulbhai ae aetlo pag halavyo k aena thi irritation Thai gayu....,neutral,negative,0.2027,0.5946
Aa om ne chirayu ne kadho kai kam na nathi ae loko,neutral,negative,0.2027,0.5945
Jay Mo mogal,neutral,negative,0.2028,0.5945
Aa song kem Millions ma nathi views ma🥲🥲🥲🥲,negative,neutral,0.2028,0.5944
mane tamara ghare vacation karva avu che tamara loko sathe time spend karvo che,positive,neutral,0.203,0.5941
Masi જય ભોલે સાડી માં માસી ગ્યાતા એના વિડીયો આવો તો,positive,neutral,0.203,0.5941
Jay ma sonal jay ma mogal 🙏,negative,neutral,0.203,0.594
Jay DwarikaDhish Jay ho,positive,neutral,0.2031,0.5938
Camera ni quality baraber nathi,positive,neutral,0.2031,0.5938
ManMohak Sangeet khup aj Saras chhe Dil khush thay gayu sambhdine 🙏🤩😍 Jai Dwarkadish🙏,neutral,negative,0.2032,0.5936
Wah kya bat jai ho,negative,neutral,0.2032,0.5935
Aapde Gujarati game ema moj lay levi,positive,neutral,0.2033,0.5933
હા મારૂં ઠાકોર સમાજ હા mehul vaghela,negative,neutral,0.2034,0.5931
Ha Kirti bhai ha,negative,neutral,0.2035,0.593
"Net worth 150 cr thay gay che , "" Tame samjo aakhi vaat ne""....👌👌Live ma pan bahu j maza aave che manan bhai.... Aa week ma kem nathi aavyu live...??",neutral,negative,0.2036,0.5929
Thakor kare ae thik Jay dwarkadhish 🙏,positive,neutral,0.2036,0.5928
"Hello friends, mari pan youtube channel chhe recipe ni .jo tamari pase samay hoy to please jojo 🙏🙏thanks.👍👍",negative,neutral,0.2036,0.5928
Gls clg che,positive,neutral,0.2036,0.5927
"We don't miss you on the show, coz we don't watch the show now.",positive,neutral,0.2038,0.5923
Saras kirti Dan bhai,positive,neutral,0.2039,0.5922
ઘરે જઈને સૌથી પહેલા મોં ઉપર નામ આવે e માં 😢😭😭😭😭😭😭,negative,neutral,0.2039,0.5921
"Bhari Lo Shwas Ma Aeni Sugandh No Dariyo!!
Pachi Mati Ni Bhini Asar  Mle Na Mle..
Great Lyrics!!! 
AADIL MANSURI SAHEB",neutral,negative,0.204,0.5921
Badsheet kaha se laye ho ...mangvani he,neutral,negative,0.2042,0.5916
Bhavna masi Asha Parekh jeva lage che . Really 😊,positive,neutral,0.2042,0.5916
Kya baat h❤❤😘❤😘❤🥰❤🥰❤🥰amazing👍🤩😍😍,positive,neutral,0.2042,0.5916
Wah kirtidan bhai,negative,neutral,0.2043,0.5913
Badhi superchat vanchvani jaroor nathi yarr 💯💯💯,neutral,negative,0.2044,0.5912
Ha jiga bhai ha supar song,positive,neutral,0.2044,0.5911
jorr vikram bhai,negative,neutral,0.2045,0.5911
Jay shree somnath mahadev Parvati ma mahakal mahakali ma kedarnath kailash barfani amarnath shidheswar pavagadh kalbheirav nilkanth mahadev Bhavanath bhutnath aaval ma tanot ma higalaj ma ravechi ma 12 jayotirling 51 saktipith hridwar kalbheirav pavagadh lxmi narayan sai baba bhaguda meldi ma gatral maa khodal ma sonal ma sat benu jay ma bhavani ambe ma rajal vejal ma jay ma viswnu Devi laxmi narayan siya ram hanumate om namah shivay bhaguda kbrav bhimrana gorvyali vadvali psu pti nath mahadev ma sonal jay ma meldi jay ma kankai jay liral ma jay jalaram jay sai baba jay vihat ma jay ma narvai ma gel balvi ma,negative,neutral,0.2045,0.591
Why don't you lose some weight? Pet nikal aya hain aapka😔,positive,neutral,0.2045,0.591
Ben life ma aek var tamne malvu che bhagvan mari Aa echa jaldi puri kre ..❤❤❤❤❤,neutral,negative,0.2045,0.5909
jay ambe jay aadhya shakti,positive,neutral,0.2046,0.5908
Khub saras banavyo chhe hu pan try karish,negative,neutral,0.2046,0.5908
Bewafa na ashik ha,neutral,negative,0.2046,0.5908
Jay dwarika dhish,neutral,negative,0.2046,0.5908
Saras banaviya che,positive,neutral,0.2046,0.5908
Ek navi channel banao ane hamara genz mate pehla vadi lavari chalu karu (non veg jokes vadi) alag channel rakho aetle vadho nai public jova vadi to bao che.,neutral,negative,0.2046,0.5907
aap ventiletar film me ho na,positive,neutral,0.2047,0.5906
New Nonstop aavano se ke 2025,positive,neutral,0.2048,0.5905
Mane kantola ni subji favourite che.❤,positive,neutral,0.2049,0.5902
Badhay khand  nakhta j hoy,negative,neutral,0.205,0.5899
Jiga bhai mate kon kon like kre fast,positive,neutral,0.2051,0.5899
Palalo pachi kora na Kari e to na bane  ena karya sidha pici kadho to na bane,neutral,negative,0.2052,0.5896
Wah Wah Bhai JAY MOGAL Jay Mataji,positive,neutral,0.2053,0.5894
Kevu pade Ho vikram bhai,neutral,negative,0.2054,0.5892
Ha Mara Bhai jordaar song,neutral,negative,0.2054,0.5892
"Patriarchy ka effect 🙄. Kya karein didi, purusho ko ghar pe khana nahi banana hai, par bahar jaake chef bankar khana banane me koi tapkeek nahi bai Most hotels me male chefs hi hote hai na",negative,neutral,0.2054,0.5892
Hero kon che,positive,neutral,0.2055,0.589
Is in these canton fair have only machinery or any food section like Dubai Gulf food fair??,positive,neutral,0.2055,0.589
Kirtidan Gadhvi sir aapne garba song all Osm che 🙏,positive,neutral,0.2055,0.589
"Mujhe Besan related sweets bohot pasand hai, ek baar yeh Besan halwa try ki thi par achcha nahi bana…. Phirse try karti hu aapki recipe se dekhte hai kaisa Banta hai😊mooh me paani aa gaya!!! Nice recipe maam ❤",negative,neutral,0.2056,0.5889
jay somnath jay aaval.maa jay sree someswar parvati maa jay sree mahakal baba parvati maa jay trambkeswar baba jay nilkanth mahadevo jay sree shidheswar baba jay gangeswar baba jay maha shivratri jay shiv sakti maa jay om kareswar baba jay mogal maa jay sree someswar baba mahakali maa jay sonbai maa jay shiv baba jay sree lirbai maa jay sree batraj jay som.devo jay kedareswar parvati maa jay sree om kareswar baba,negative,neutral,0.2057,0.5886
Ane kahevay dosti bhai સ્વાસ છૂટી જાય દોસ્તી ના છૂટે આને કહેવાય દોસ્તી,negative,neutral,0.2057,0.5885
Me ne bhe mere friends Ko yesa kiya tha,neutral,negative,0.2058,0.5885
સર ઉસકે બીના નહિ jana જોરદાર સોન્ગ છે,negative,neutral,0.2058,0.5884
"Jaydeep  kam chor che,  Dinesh bhai ne respect nathi aapto",neutral,negative,0.2059,0.5883
Ma to maa j kevay 😘😍,positive,neutral,0.2059,0.5883
Kyu Software use karo chho editing mate Hu pan Youtuber chhu etle puchyu,negative,neutral,0.2059,0.5882
Haa jiga BHAI,negative,neutral,0.206,0.5881
Live ma bahu maja Ave che,positive,neutral,0.2061,0.5879
Va mara kamlesh Bhai,neutral,negative,0.2061,0.5878
Bhai j che lesequel lai aiva ... Su cuts chee beats par.... Makhan...🔥✨💫🤙,positive,neutral,0.2062,0.5876
Pass mein Khadi ladki Nagma ungali Dal rahi thi 🤣🤣🤣,neutral,negative,0.2062,0.5875
Manan Bhai ghatotkach no role Kari sake ho,neutral,negative,0.2063,0.5874
Khub saras vardan,positive,neutral,0.2063,0.5874
Chand E To Chand Che Ho,neutral,negative,0.2063,0.5873
Aa video ma ghani bhulo se,negative,neutral,0.2064,0.5871
Jati nahi rehvanu adhuru 6odi ne,neutral,negative,0.2065,0.587
Jalmuri ma sarsiyanu tel hoy,neutral,negative,0.2065,0.5869
Navarati aavi Che bhavanagar chi bolo Cho jiga Bhai sikotar ma git lavo,negative,neutral,0.2065,0.5869
Kirtidan sir reply Karo do please 🙏🏻,neutral,negative,0.2066,0.5868
Meye banavyo pan aema fug aai gai che te mate su karvu,negative,neutral,0.2067,0.5866
Jay ho kirtidan gadhavi,neutral,negative,0.2067,0.5865
Ha bhai tiger 🐅 ha,positive,neutral,0.2068,0.5864
Ha Charan Ha,positive,neutral,0.2069,0.5863
Jay ho Hanuman dada,negative,neutral,0.2069,0.5862
ALAAA AAAAA GUJJU CHE!!! WHAT THE FAAFDA!,positive,neutral,0.207,0.5861
Jaymataji jay mogal ma,neutral,negative,0.207,0.586
jay shree krishna jay morlivala,negative,neutral,0.207,0.586
bhai hu gandhinagar thi chu.tame majama ne,positive,neutral,0.207,0.586
Plz.🙏 Sir Tabla shate hoy to khub ramzhat machi jase,negative,neutral,0.207,0.5859
Jai Dwarkadhish Bhagwan ki,positive,neutral,0.2072,0.5856
Jay sadhi ma,negative,neutral,0.2072,0.5855
Waah👌👌👍mast recipe che khavanu man thay che,positive,neutral,0.2072,0.5855
Aaj vlog ma maja nahi,positive,neutral,0.2073,0.5855
Jay ho jignesh barot. sup songs,positive,neutral,0.2073,0.5855
Tiger tiger ni rite bhai boom boom vikram bhai,positive,neutral,0.2074,0.5853
Rakhi pan gujarati che bhai,positive,neutral,0.2075,0.585
Airfry kaise kare,positive,neutral,0.2076,0.5847
"Nice recipie, ame as shak ma shakkariya,bataka,ratalu,vatana,tameta, aatli vastu j nakhie che but very tasty recipe",positive,neutral,0.2077,0.5847
TCF ne khbr padi gai latent no epi aavse pachi 3-4 divas bandwidth nathi malvani ekle pela j nakhi didho 😁,neutral,negative,0.2078,0.5845
Manan bhai and his operations …… atyaar sudhi shareer na badha hissa nu kari nakhyu che ..,positive,neutral,0.2078,0.5843
Aa kajali he ma bole chhe tema kirtidan ne ketalu tathya lage chhe te kaho,negative,neutral,0.2078,0.5843
Ha charan samaj nu gaurav,neutral,negative,0.208,0.584
Mare pan gujarati film ma kaam karvu che,neutral,negative,0.2081,0.5839
Are Gujarati oppppp,positive,neutral,0.2081,0.5838
Jay maa hinglaj bhawani,negative,neutral,0.2081,0.5837
Aa katar key the tme lave,positive,neutral,0.2082,0.5835
Divel add krvu jaruri se,negative,neutral,0.2083,0.5833
mast che pan locha ni chatani banavta kyare sikhavso,negative,neutral,0.2084,0.5832
Singh tail ni hoi to koi pan oil chalse,negative,neutral,0.2084,0.5831
Bidism karna hai...😂😂,positive,neutral,0.2085,0.5831
Wah bahu saras kirti bhai,negative,neutral,0.2085,0.583
pathar ❤️ su kamnu 💔💔💔💔💔💔💔💔💔💔💔💔💔💔💔,negative,neutral,0.2086,0.5828
Modha ma pani aavi gyu.,neutral,negative,0.2086,0.5828
Ha gadhvi ha,neutral,negative,0.2086,0.5827
Kai Picture jota jota vadi biji picture jodai gayu kai link khabar na padi,negative,neutral,0.2086,0.5827
Ha Vikaram Thakor Ha,neutral,negative,0.2087,0.5827
Roke ane thoke a thakoro,neutral,negative,0.2087,0.5826
Ghani khamma કવિરાજ,positive,neutral,0.2087,0.5826
19:05 to 19:14 aavo bhai badhi ben ne male 🥰,negative,neutral,0.2087,0.5825
Lip-sync ma bou mistakes chhe...,negative,neutral,0.2088,0.5825
Wah Jay ho......Jay Dwarkadhish,negative,neutral,0.2088,0.5823
Tikhi chatni add kari sakay,positive,neutral,0.2088,0.5823
Hum log flat me rehate hai aur humare building me upar niche ke sab water tanki every 4 month me saaf hoti hai ....building wale bhi ganda pani nahi pite................,positive,neutral,0.2089,0.5823
"Nimbu ka, thecha Lal Mirchi Mein kuch unit tarike se.Come masalon mein ba",negative,neutral,0.2089,0.5822
Ha mon ha,positive,neutral,0.2089,0.5822
aa ben surat na lager 6,neutral,negative,0.2089,0.5822
આ જોઈ ને મને મારી gf ni યાદ આવે વાલા ❤,negative,neutral,0.209,0.5821
Kripya karine Tame sourdough bread ni koi recipe batavso,neutral,negative,0.209,0.582
Hey Sheetal mhuje apki ek help chahiye vese me apki mostly items banati hu abhi ek problem aa gaya hai ki mene first time chundo banaya or usme Salt thoda jyada ho gya to ab kuch ho sakta hai pls mujhe bataye ❤❤,positive,neutral,0.2091,0.5818
🎂 શાંતિ_થી_WISH_કરજો 🎈 ધક્કા_મુકિક_ના_કરતા 🎂 केम_K__આજે__મારી_મા ♥️ખોડીયાર 🎈નો 🎉🎂 BIRTHDAY 🎂🎗 #छे Kangshiyali no kanudo,neutral,negative,0.2091,0.5817
Ha Baadshah Ha,negative,neutral,0.2092,0.5817
hasti surati style sandwich batavo ne,neutral,negative,0.2092,0.5816
Yeast ma sugar add nahi karvani?,negative,neutral,0.2092,0.5815
Dhadkan mari che maro GUJARAT💙🌏,positive,neutral,0.2093,0.5814
Hamare bombay me bi bahut barish hai ab news me suna ki nasik me thaghuthi barish hone vali hai,positive,neutral,0.2093,0.5814
Tamari mummy ke che tu bol ae vat karye tyare bahu  hasvu aavi gayu😅🤣😂,positive,neutral,0.2093,0.5814
Pl put the mango ras in the glass bottle n not in the plastic bottles,positive,neutral,0.2093,0.5814
"Lage che Chetan bhai helmet peharta nathi, not good mate",neutral,negative,0.2094,0.5813
Va jignesh bhai va,positive,neutral,0.2094,0.5812
Game nu naam su che?,neutral,negative,0.2094,0.5811
The Experiment TV ne bola vo,positive,neutral,0.2094,0.5811
Video joya pachhi toh lage chhe baujj hawa chhe aana ma.,positive,neutral,0.2094,0.5811
કોઈ ને love હોય કે ના હોય પણ તમારા સોન્ગ સાંભળીને ને દિલ ખુશ થઈ જાય શે...,negative,neutral,0.2095,0.581
Khub J Saras Shree Krishna Bhajan ~ Kirtan Dwarkadhish Na Sanidhya ma. Adbhut Gayu Kirtidan Bhai tame. Jay Dwarkadhish Prabhu.,negative,neutral,0.2096,0.5808
Tasty mai bhi bnati hu,negative,neutral,0.2096,0.5807
0:37  Starting thi Ghabravi Didha tame toh 😂😂😂,positive,neutral,0.2096,0.5807
"Riva rach biji var avi 
Aa video hu boycott kru chu ane the comedy factory ne unsubscribed kru chu. 

Me pela j kidhu tu ke.koi guest ne biji var no bolavta",positive,neutral,0.2097,0.5807
Kayo navo project start karyo che ?? may ending ma kevana hata I think marathi miss thayo lage che vlog,negative,neutral,0.2097,0.5806
How to make kokam chautny ?,neutral,negative,0.2098,0.5805
RDL mai heavy belt pehante hai to nhi hota Jaydeep bhai . Sarika is sick pl. Take care of her.,positive,neutral,0.2099,0.5803
sav uperti naki ne khava ma sari lage,negative,neutral,0.2099,0.5802
Hu banavissarsh che combo🎉🎉,neutral,negative,0.2099,0.5802
Sarika Tamara ghar ni hichka wadi jagya mane bhu j game che,positive,neutral,0.2099,0.5802
Bas aatlu che,neutral,negative,0.2099,0.5801
🙇Jay maa sonal 🙏 Mari vare aavo maa sonal 👣 jogmaya 🔱khamma maa sonal 📿🔥🌹❤️🚩,neutral,negative,0.21,0.5801
Jordar સોગં જિગનેસ બારોટ,neutral,negative,0.21,0.58
Constable ni exam Najik che Pn vlog jova no band karyo nhi km k vlog joi pachhi to riding karavani j mja aave 😊😍,positive,neutral,0.2101,0.5798
Joiye che hal,positive,neutral,0.2101,0.5798
Amne aem thay ke ame bdha pan tamara jode siye ane moj karuye siye,positive,neutral,0.2101,0.5798
Mashallah khub saras,negative,neutral,0.2102,0.5796
Sachi vat che sassu vagar gar ma aadharuj che,positive,neutral,0.2103,0.5794
Jay ho movie ma heroin se aa,negative,neutral,0.2104,0.5792
Supper movie Vikram Bhai Thakor,positive,neutral,0.2106,0.5789
Dasrath dhamecha from r2h gujarati,positive,neutral,0.2106,0.5789
Ala mannahhai aa chhe pakki lavari jamo padi didho moje moj aayi gay,neutral,negative,0.2106,0.5789
Mene pntamara jevoj sabav  che pesa nisachi vat karvani,positive,neutral,0.2106,0.5789
બા amne ખૂબજ ગમે છે,positive,neutral,0.2107,0.5787
Permanent ને પ્રેમ થાય તો પરમાનંદ 😊,positive,neutral,0.2108,0.5783
Aa sin bhadha kro,negative,neutral,0.2109,0.5783
Yrr lighting kmm aatli low che???,neutral,negative,0.2109,0.5783
Vikram Maru Naam Se,neutral,negative,0.2109,0.5782
hu landanthi aavyo jiganu song sabharwa,neutral,negative,0.2109,0.5782
Tame parsi cho...,neutral,negative,0.211,0.5781
Badhhane sathe joine saru lagyu❤❤,positive,neutral,0.211,0.5779
Aek  aadrsh influencer  trike aapne invite krya ae bdl congratulates hu aapno vidio 5 year thi jovu chhi.💥👍,positive,neutral,0.211,0.5779
Tamaru real chenal chhe ke ?......,negative,neutral,0.2111,0.5778
Hajignesh kaviraj ha,positive,neutral,0.2111,0.5778
મને ખબર છે કે તને મારાં વગર નય ચાલે 😭😭 miss you my jaan ek like 👍,negative,neutral,0.2112,0.5776
"Sarika bahuj dai che
Bhagvan kare Mari vau pan aavij ave",positive,neutral,0.2112,0.5775
Alok Thaker ne bulavo ne underrated rahe che but he is next big superstar and man made by himself roz 100 garib loko ne jamade che and potej garibi thi agad avya che tame loko ava loko ne kem nai bulavta hope aa badhu paid pr to nathine ke eva kalakaro nej bulavo che je tamne paisa ape,negative,neutral,0.2115,0.577
I will try mam. Btw abhi bich me exam ay us k baad 3 month se alas hi ara he cooking karne me. Us ki tip do na mam kaise alas dur kare or man active kare?,negative,neutral,0.2115,0.577
Haii વિક્રમ ભાઈ કેમસો મજામ વિજય સિંગર ruppura,positive,neutral,0.2116,0.5769
Hindi dubbed kaha bhai,negative,neutral,0.2116,0.5768
Hulahul che aa to goli ekdam,neutral,negative,0.2116,0.5768
Ek dn kutchi tone ave che.. ❤,positive,neutral,0.2116,0.5767
"Sarikaben ne ek request che, camera bau rotate na karo please. Aajna vlog ma Masi ne tya vato karta karta camera bau badhi var rotate karyo. Garba ramta hoy evu feel thayu.",positive,neutral,0.2117,0.5766
Bakvas song chhe,neutral,negative,0.2117,0.5766
Jay ho માયાભાઈ આહીર,positive,neutral,0.2117,0.5766
Screen par ingredience aapo,positive,neutral,0.2118,0.5765
"Tamara ghar ni Bahar je bili nu vruksh chhe atle kidi aavse , bili na vruksh pase roj kidiyaru puru tamara ghar ni Anadar nai aavse",neutral,negative,0.2118,0.5764
"Vote for dhirubhai sarvaiya. 
Kem nathi avta?
Tamara thi na med padto hoi to hu vat karu",neutral,negative,0.2119,0.5763
JAY HO DAKOR NA THAKOR🙏,neutral,negative,0.212,0.5761
Sab ko bolta hu ye madam itni down to earth or humble hai nn app soch bhi nahi sakte .inka pura family bohat acha hai .,negative,neutral,0.212,0.576
Uncle bov patla thay gaya che uncle tame tamru dhyan rakhjo,positive,neutral,0.2121,0.5758
Vikram Bhai Jordar Song Jay Babari,negative,neutral,0.2122,0.5757
Geet bahu saras che,negative,neutral,0.2122,0.5757
Baa ne to Shankr maila chhe,neutral,negative,0.2122,0.5755
13:34 Surti che bhai badhu afford kari lai e,positive,neutral,0.2123,0.5755
a vastu mari sathe tahi che,neutral,negative,0.2123,0.5754
mane fon Kari sakochu? jignesh kaviraj,negative,neutral,0.2123,0.5754
"Garba shuffle 3.0 kari do ready 
Mast set thai che channel 

Ojash bhai n bi bolavo",neutral,negative,0.2123,0.5753
Vikram bhai aapka phone number de dijiye bhai aapko bahut kaam hai mere ko emergency hai,negative,neutral,0.2124,0.5753
Ravo aetle Su ????,negative,neutral,0.2124,0.5752
Sache pan aaavja jordar che ho 😢,positive,neutral,0.2125,0.575
Khatushyam nu original name barbaric htu ane te bhim na son nahi but bhim na son je ghatotkacha hta temno son hta etle ke bhim na grandson.,negative,neutral,0.2126,0.5749
વાહ રે jigabhai વાહ સુપર હીટ ગિત સે,neutral,negative,0.2126,0.5748
So sweet rasagulle bnaye hai didi🎉🎉,positive,neutral,0.2127,0.5747
Ap kha se ho madam ji,neutral,negative,0.2127,0.5746
YouTube ma d j khelya muko,negative,neutral,0.2127,0.5746
Kirtibhai avu kam kare a manya ma nthi avtu,negative,neutral,0.2128,0.5744
Jai davrka dhish 🙏🙏❤️❤️🙌,negative,neutral,0.2128,0.5743
ઉપલેટા Jay Swaminarayan,negative,neutral,0.2129,0.5743
Wah wah kirtidan bhai,positive,neutral,0.2129,0.5742
Morbi avo tyare kejo ame malva avsu please ans jignesh,negative,neutral,0.2129,0.5742
Acha huva ki didi ka karyavar un k ghar pe chla gya,neutral,negative,0.2129,0.5742
Didi अजवाइन को भुने या नहीं please reply,negative,neutral,0.213,0.5741
Jay ma bhagvati sonal ma..,negative,neutral,0.213,0.5739
Jignesh kaviraj jordar gayu che,neutral,negative,0.2131,0.5739
Khubaj Saras Wada Banaviya che 👌👌,positive,neutral,0.2131,0.5738
Jay dvarika dhhish,neutral,negative,0.2131,0.5737
Tame to je Gum. Ma. Na hoy ene b gum ma lavi do kaviraj..,negative,neutral,0.2131,0.5737
Dil khush ho gaya ye sunke,positive,neutral,0.2132,0.5737
Ye to aaj hi banega ab😋,positive,neutral,0.2132,0.5737
Have lok gayak Gujrat vijeta sabit Kari batvyu Bhai waaahhh adity... But Dan is king,neutral,negative,0.2132,0.5736
Mare dil vi aap ko dekh kar galti kar batha ha🙈🙈🙈🙈🙈🙈🙈🙈🙈🙈🙈🙈🙈🙈,neutral,negative,0.2133,0.5734
Tame suratna so...surati boloso,neutral,negative,0.2133,0.5734
jay rede krsna,negative,neutral,0.2133,0.5733
Lsg na 1k cricketer jevo lage che aa,neutral,negative,0.2134,0.5733
jigrra ne sambhadya vina kem rahevana,positive,neutral,0.2134,0.5731
Aa singu pak jevuj che,neutral,negative,0.2134,0.5731
2:49 wahh shu vaat Kari che... 5000 limbu kankariya ma nichovi nakhya.. 😂😂😂😅😅,negative,neutral,0.2135,0.5731
Ha Mara Shertha ha,positive,neutral,0.2135,0.5729
"ઘૂઘરા (સ્વીટ)
ઘૂઘરા (tikh)
કરંજી (સ્વીટ)
ગુજીયા (સ્વીટ)",positive,neutral,0.2136,0.5728
Tame Surat Na Cho,negative,neutral,0.2137,0.5727
Mane to kabar hati,negative,neutral,0.2137,0.5727
Hu rajkot thi jov chu,positive,neutral,0.2137,0.5726
"Ganna sunke ....

Mere har gam kho gae...mere humdum ho gae❤️",positive,neutral,0.2137,0.5725
Vah USTAD Kirtidan ki jay ho,negative,neutral,0.2137,0.5725
Ekdum sahi Masiji Kamai karo aur Bank me balance bacchat karo .kon 30 lakh ki Car leta hai ?kyu itna kharcha karna,negative,neutral,0.2139,0.5721
celebratiy thavu hoi toh aatlo bhog aapvo j pade ...baki  ahiya koi bhojiyo pan bhaav nai aapto ....amari same koi na juve,neutral,negative,0.214,0.572
Maro son  pan  evu j bole che r and l ma evu kare che,neutral,negative,0.214,0.5719
Supar vikarm bhai,neutral,negative,0.2141,0.5718
Vah suprab Jay shree Krishna 🙏,positive,neutral,0.2141,0.5717
Supar song mane mari janu yaad aavi gai aaje 😪😪😪😪😪😪😪,neutral,negative,0.2142,0.5716
Congregation vikram bhai,positive,neutral,0.2142,0.5716
Rajvadi chaiye Aame monbher rahiye kyare Aavse youtub par repalay plese,negative,neutral,0.2142,0.5716
Aa deep shu maal funki question kare shu. Cool dekhava kashu pan bole topo,negative,neutral,0.2143,0.5715
"2 Gujarati show day by day level Up

1 Lavaari
2 Jay Thadeshwar",positive,neutral,0.2143,0.5714
Jai chhathi maiya sab kuch achha kar do maiya ji❤😢🙏💐😭,negative,neutral,0.2143,0.5714
Tamraa gar ma keyy holder ma ketlii keyy che batvoo....bmw tamrii j che key tme j rakhoo cho ke holder maa rakho,neutral,negative,0.2143,0.5714
eto ahir samaj udavi sake aetla paisa bija nu kaam nathi bhai,negative,neutral,0.2143,0.5713
Mane tame mala ta hu bolave no saki shiv lehari shop par,neutral,negative,0.2144,0.5712
Vikram bhai thakor jorrrrr darrrrr song,negative,neutral,0.2144,0.5712
જય મા મોગલ વા કીરતી દાન ગઢવી વા મોજ jay mataji ખૂબ સરસ ગરબા,negative,neutral,0.2145,0.5711
Lover ja nathi shu foto jove,positive,neutral,0.2145,0.5711
જય શ્રી krina,positive,neutral,0.2145,0.571
Memory hook is only take away. Should have been more informative.,positive,neutral,0.2145,0.571
Birthday manavano che ❤❤❤,positive,neutral,0.2145,0.571
Saras banaviyu che,positive,neutral,0.2146,0.5707
Mast bnavya chhe ❤,positive,neutral,0.2147,0.5707
9:01 zoom call par multiple participants hoy to disturbance ave.,neutral,negative,0.2147,0.5706
We don't have a show in UK where we have it's almost 150 mile from our home so how we can watch can you please suggest them to to start the show near Gujarati community.,positive,neutral,0.2147,0.5706
Jay ma meldi,negative,neutral,0.2147,0.5706
Sev ghav ni che,neutral,negative,0.2147,0.5705
Jay shree Krishna hu jmva bethi hti tamaro video joti hti uncle ni comedy joine khub hasvu avyu water pivu htu pan hsvanu bandh thay to water piv ne uncle ni comedy khub saras chhe water pidhu to mohma thi water j nikdi gyu 😂😂😂😂,positive,neutral,0.2148,0.5705
Tigar to tigar j che,neutral,negative,0.2148,0.5704
HA DIVANA HA,positive,neutral,0.2148,0.5703
Bov j saras nasto,negative,neutral,0.2151,0.5698
Naic. Jignesh bhai,negative,neutral,0.2151,0.5697
Ben ekdam mast recipe che ben sugar ne badle god lay sakaay che ne god levoo hoy to ketalo levoo,negative,neutral,0.2151,0.5697
Dates milaye to laddu ban jayenge,neutral,negative,0.2153,0.5695
Surati khatri Lago cho tame,neutral,negative,0.2153,0.5693
Su thayu tmara san ne nano ke moto😂😂😂😂😂😂😂,neutral,negative,0.2154,0.5693
Jay mataji mataji,positive,neutral,0.2154,0.5692
Broo ek number lavari che darshan raval ni,positive,neutral,0.2154,0.5692
Jay hooo madhda,negative,neutral,0.2154,0.5691
Supar se upar,neutral,negative,0.2155,0.5691
Sunny Bhavsar no video kyare aavse?? Wait nathi thatu have,negative,neutral,0.2155,0.569
Sarika hum gavar ki sing ko boil nahi karte sidha Sukha de te hai,positive,neutral,0.2156,0.5689
Finally kaik saro lavari show aaje joyo ketla time pchi 😂😂😂😂ekdam khadkhadat hasi ne baki badha to 2 3 min parane parane hasave pan aaje dave family e moj padi didhi 😂😂😂😂❤❤❤,positive,neutral,0.2156,0.5687
Jay ho jignesh bhai vishal bhai Tamari jodi kayam amar rahe,neutral,negative,0.2157,0.5687
UNCLE VADIYE JAY TO MAASI NE PN JODE JAVU JOYE. AAYA TO CHE KAM MATE THODO SATHVARO RIYE NE,neutral,negative,0.2157,0.5687
vikram bhai thakor jordaar song che ho,negative,neutral,0.216,0.5681
Tame s\gar kiyari na)hi,neutral,negative,0.216,0.568
Sonal bhen vina maja n ave,negative,neutral,0.216,0.568
Badhaj song ma aaj heroin lavo jignesh kaviraj bhai,negative,neutral,0.216,0.568
આ સોંગ તો kiritidhan gadvi ના સૂર શોભે હા,neutral,negative,0.2161,0.5679
Supper Hit Ho AA Film,positive,neutral,0.2161,0.5679
Bo mast vnice hu try Kress,neutral,negative,0.2161,0.5678
Saurashtra ma khub j Baris chhe,positive,neutral,0.2162,0.5676
Garlic chutney butter shekela Tal ane kothmir nakho bow saras test aave chhe,positive,neutral,0.2162,0.5675
Ravindra Jadeja please. There is not ODI match so he will definitely accept the invitation,positive,neutral,0.2162,0.5675
jay ma sonal ma mogal ma 🙏,neutral,negative,0.2163,0.5674
"5:10  driving style joi lidhi , 
Have .....",positive,neutral,0.2163,0.5674
movie na song pan garba ma gavo,neutral,negative,0.2163,0.5674
Sarkar ne saram aavi joye,positive,neutral,0.2164,0.5672
Aree! bunty ka second episode kab aayega 😕😕😕,positive,neutral,0.2164,0.5671
Va bhai va,negative,neutral,0.2165,0.5671
Hi jd bhai saru suggestion tamaru je thumbnail badha hare match kare te badalavi nakho ex sourov joshi,neutral,negative,0.2165,0.567
Sarika ne ma dikru ne bhadhay swarup ma bhavani che ana ma bhadhay sanskar didha  che,positive,neutral,0.2165,0.5669
ketli overacting pan,negative,neutral,0.2166,0.5668
Gujrat ma kyathi chhe a puchho ne yaar tame..a bi to janye aapda celebrities kyathi belong kare chhe,neutral,negative,0.2167,0.5667
"આ ગીત કોનું ફેવરીટ થય ગયુ ૧.લાઇક (જીગા)_(મનુ) માટે, જરૂર કરો... #jiganeshbarot #manurabari #JayGogaDigitalStudio #AmraRabari",neutral,negative,0.2167,0.5666
Koy video na dheke j ne ketla divs phaci video nakho cho yaar loko bhuli jay tamne .....😊😊,neutral,negative,0.2167,0.5666
Ha divano ha,positive,neutral,0.2168,0.5663
K કિર્તીદાન તું અદાણી અંબાણી છોડી દે,negative,neutral,0.2169,0.5662
NYC song jignesh bhai Jakkkkas song,negative,neutral,0.217,0.5661
Dada bov patla Thai gya che skin pan bov kali padi gay Dada chokrav kamay ley che tame tamari tabiyat nu dhyan rakho,neutral,negative,0.217,0.5661
Jay maa sonal badha na dukh dur kareje Mari maa sonal 🙏🙏,neutral,negative,0.217,0.566
"Jaydeepbhai Sarika kahe chhe savare vahela utho khub j anand aavshe, Sarika ni vat mano.",positive,neutral,0.2171,0.5658
Maney avaj ayo hato huy bovj dare gae the Ratna sava 3 vagya hata,neutral,negative,0.2171,0.5658
😊 bhumika didi ka Ghar Ban Gaya Hai ab ek thele ki jagah bhi nahin Hui aunty ji ke ghar mein😊😊 this is a not good aunty ji mujhe yah bilkul pasand nahin Hai😊😊 Jo Mata pita apni beti ko pyar Na Karen😊😊 bhai bhabhi pyar nahin karte hain bahan ko yah to samajh mein aata Hai😊😊😮😮😮 lekin mata-pita ek beti ko pyar Na Karen aapke ravaiya Se pyar nahin dikhta bhumika Didi ke liye😊😊😊😮😮💔💔💔💔💔💔💔,neutral,negative,0.2171,0.5657
Hezal ne aekti va che ae mate su  karo cho,neutral,negative,0.2171,0.5657
Ye halat sarkar public ko lootne bethi he india ki janta ka oogre virodh karna padega janta yahi apil he ki pehele jaise cash me buss hota tha waise hi buss wapis suru o jaae bann kar do online upi transaction nai chhaye,negative,neutral,0.2171,0.5657
5:40 remembering the legendary Neeraj Vora ❤,positive,neutral,0.2175,0.565
"Jd yar tame ketla self fish cho , aa and aavta both janam ma chiting j karvi j che",negative,neutral,0.2176,0.5649
Samdi chhe a bird hardikbhai...Black kite,positive,neutral,0.2176,0.5648
Aaje me tamari recipes thi shak banavyu. Maja avi gai ❤From Europe,negative,neutral,0.2177,0.5646
Tmara ghr ma bayu ny jaydeep bhai ak j lapra che bapa bov lap kyri ak tifin mathi 😂😂😂😂😂😂😂,positive,neutral,0.2178,0.5643
Bhai kai navu lavo !!!!,negative,neutral,0.2179,0.5643
Ba ni vat sachi chhe ho,positive,neutral,0.2179,0.5642
Ketala.thakor .jovese the.laik.kare,negative,neutral,0.2179,0.5642
ha gadvi bhai ha,negative,neutral,0.2179,0.5641
Jd bhai petrol pump bhut line hai 2 gante line m khade the,positive,neutral,0.218,0.564
"Kitridanbhai tame to dharmic chho pan tame rupeeya kamava mate cotton vat ne badle minbati/candle thi arti utari a bahu khotu chhey, tame rupeeya kamava mate apani dharmic sanskruti ne bhuli gaya Lago chho, mamo man mataji ni mafi mango and avi bhul nahi karo teno pastavo karo avi Mari tame Salah chhey.",negative,neutral,0.218,0.5639
Ha bhai Ha Ha Jignesh bhai Ha 👍🤟👍✌️🥰😍💔,negative,neutral,0.2181,0.5639
Bhagwan na majak na bano naka case karvama aavse,negative,neutral,0.2182,0.5636
Poi na pan kya marse?,negative,neutral,0.2184,0.5631
Jay mogali ma,negative,neutral,0.2186,0.5629
Mare to Sonal jati Ray,negative,neutral,0.2186,0.5627
Ant nathi aa prem katha no prit visamo leva rokani super vikrambhai,positive,neutral,0.219,0.5621
Bhavin bhaiya tum Sam di ke saat video banao na akele kyu,positive,neutral,0.2191,0.5618
Maar dyorr.. Pure mehona vaadi doshi😂😂😂,negative,neutral,0.2192,0.5616
Thoda lemon juice squeeze kara topping par - tangy twist aa gayaaa,negative,neutral,0.2192,0.5616
Baapu jay thakar,negative,neutral,0.2192,0.5616
"Selfish 
No 1 Jaydeep potana wife and chokra ne bhi khavanu nathi pata aavo manas koi divas joyo",negative,neutral,0.2192,0.5616
Aajno topic saro chhe,positive,neutral,0.2193,0.5615
Hamen tumne Marwadi se Kiya jata mein kahe Ko mara gaon,negative,neutral,0.2193,0.5614
Hlo mam hu punjabi su ane mane gujarati recipes ka bare ma batie na please 🙏😍😍,negative,neutral,0.2193,0.5613
VIKARM BHAI SUPR,negative,neutral,0.2193,0.5613
Wahhh bhai Jay Mataji,negative,neutral,0.2194,0.5613
Song mst che,positive,neutral,0.2194,0.5613
Ratre aakhu movie joyu telegram ma free download pan karyu 😂😂😂😂,positive,neutral,0.2195,0.5611
Bhindi thi gas bau thay,positive,neutral,0.2196,0.5608
9:01 su keh chee??,negative,neutral,0.2197,0.5606
Bahuj saras recipe,positive,neutral,0.2197,0.5606
મેલડી માને માનતા હોય તો અહીં like કરો અમારી ચેનલ રંગીલા રાજા ને subcrike કરો,negative,neutral,0.2198,0.5605
Bolvani stayl bekar che,negative,neutral,0.2199,0.5602
Jaydeep bhai film na hero jeva lage ho baki... Kai na gateee❤,positive,neutral,0.2199,0.5602
Didi ye itna tasty lagta h ki mai aaj fir se bna rhi hu,negative,neutral,0.2199,0.5602
Ja vasara DaDa,positive,neutral,0.2199,0.5602
Bhai shu vibe che 🤌❤️,positive,neutral,0.22,0.5599
Bhavana masi  ghar rkhu ane tharela che  je aemanu vyktivta  batave che,positive,neutral,0.2202,0.5597
Didi aap mere favourite teacher hai aap se milna hai please reply me and pin comment 😅😅,positive,neutral,0.2202,0.5596
Ha jignesh barot,negative,neutral,0.2202,0.5595
Tamara oats ni recipe kjo,positive,neutral,0.2203,0.5595
vikrambhai tame tamara all old songs ane all album uplord karo plz,positive,neutral,0.2203,0.5595
Saroj bhumokbeen aviy che ttmrruu ghar gunjje chhe,positive,neutral,0.2203,0.5594
Ame pn join family  ma rye chiye  tamari jem  maja ave bovv,positive,neutral,0.2203,0.5594
JAY HO BALDEVGIRI BAPU ❤❤❤❤,negative,neutral,0.2204,0.5592
Jay sonal ma Congregation jignesh barot & sagardan gadhavi (bhanubha),positive,neutral,0.2205,0.5591
હે ભગવાન હું ખશુ રહું કેના રહું હું સુખી થવું કે ના થવું પણ હું જેને પ્રેમ કરું છું એને હંમેશા ખુશ રાખજો..... Payal,positive,neutral,0.2206,0.5589
"Near ending, chirayu be like “muttar thi newton lagin gaya” , IYKYK.",negative,neutral,0.2206,0.5588
Mest ladu hu banavish,positive,neutral,0.2207,0.5585
Hu kanki soak karu chu chalse ne,negative,neutral,0.2208,0.5585
Bhai aa su title che ranchod rangila plz change the title massege undho jaay che,negative,neutral,0.2208,0.5584
JAY maa Ambe maa,negative,neutral,0.2208,0.5584
Amare banavu hoy to song,positive,neutral,0.2208,0.5583
Mara thakoro farvana jordarrrrrrrrrrrrr farvana vikram bhai,negative,neutral,0.2209,0.5583
Anari Prem kahani To adhuri hai 💔,negative,neutral,0.221,0.5581
❤mp Modi ho Bhai mara❤,positive,neutral,0.221,0.5579
Avo navlkh nejadi toooooooo nice song m roj na jane kitni bar sunti hu,positive,neutral,0.2211,0.5578
Congratulations da hoy pse kay ghate nay ટહુકાર pela like,negative,neutral,0.2213,0.5574
Jay vadvala Jay thakar🙌❤️,positive,neutral,0.2214,0.5571
JORDAR Vikram bhai tamari treilat km majama,negative,neutral,0.2215,0.557
સાચી વાત છે જીગા એકબીજા વગર નથી ચાલતું were were nice સોંગ માવતર ડિજિટલ તરફથી ફૂલ સપોર્ટ,negative,neutral,0.2215,0.5569
Tamara jevu koi nhi ❤️,positive,neutral,0.2218,0.5563
Bhai raas garba nu part 2 kadh jo..bau mast chhe vrundavan😍😍 to pls part 2 bnav jo ne pls,positive,neutral,0.2218,0.5563
Kem surti?... every where is available,negative,neutral,0.2219,0.5561
Badam ko hi grind Krle to,negative,neutral,0.2221,0.5558
Jay SonBai madhada wali 🙏🏻🙇🏻🙏🏻🙇🏻🙏🏻🙇🏻🙏🏻🙇🏻🙏🏻🙇🏻🙏🏻🙇🏻🙏🏻🙇🏻🙏🏻🙇🏻🙏🏻🙇🏻🙏🏻🙇🏻🙇🏻🙏🏻🙏🏻🙏🏻🙏🏻🙏🏻🙏🏻🙏🏻🙇🏻🙇🏻🙇🏻🙇🏻🙇🏻🙇🏻🙇🏻🙇🏻🙇🏻🙇🏻🙇🏻🙇🏻🙇🏻🙇🏻🙇🏻🙇🏻🙇🏻,positive,neutral,0.2221,0.5557
"Sunnnyy bhaiiiiiii 
Jay shree rammm 
Tme bov j sara video banavoo choo tmne full support ch bdha taraf thaiii agd vadhta rahoo vadodara aavo to madjo bhaii full team lai ne ❤",positive,neutral,0.2222,0.5556
Gajab gayu... har har mahadev,negative,neutral,0.2222,0.5555
Jay shree Krishna Masi ane kaka ne 🙏❤️Kaka Tamaro suvichar khub sasras hato 🙏❤️tamara suvichar thi ane Masi ni undi samjan thi amne ghanu badhu shikhva male che 👏🙏Masi na sapna pan saras hata ak to Bhagwan nu hatu 🙏❤️Sarika tari vat sachi badhu khavu pan balance rakhvu .pan Jaydeep nu kevu pan barabar che ke khava ma kalji rakhvi pade . Saru kevay Jaydeepbhai health nu khub dhyan rakhe che . Amnu man makkam che . Hardikbhai Lagan pachi bahu video ma nathi avta ane bahu ochu bole che . Masi na bhajan sambhalva malse have amne saras 🙏Kanu Heju ne maro lad ❤️ ❤badha ne jay shree Krishna mara 🙏❤️,positive,neutral,0.2223,0.5554
Tmara jevu koe nathi duniya ma mogal ma tmne 100 varsh nu ayusya ape jay ma mogal femily pn ketlu saru,negative,neutral,0.2224,0.5552
Dahi ki jagah kya use kare ❤❤,negative,neutral,0.2225,0.5551
તમારા ગાલીચા ને comfort liquid  થી ધોઇ નાંખો,positive,neutral,0.2227,0.5547
Piche sab dekh rahe hai 🤣,positive,neutral,0.2227,0.5546
Tamari badhi recipies khub saras hoy 6❤,positive,neutral,0.2229,0.5542
tali pado mara bap..jay ho,negative,neutral,0.2229,0.5542
Jiga bhai tamaro namber aapo,negative,neutral,0.223,0.554
Sachi vat che ba ni 😅😅😅100%,positive,neutral,0.2232,0.5537
vikramji hu tamaradhi naraj su 😭😭😭😭😭😭😭😭😭😭😭😭,positive,neutral,0.2233,0.5535
Badha bau desh ni chinta karva vada hali nikdya che ae joyu me,negative,neutral,0.2233,0.5533
Haa ho ame રજવાડા didha,positive,neutral,0.2235,0.5531
ha mara bhai ha,positive,neutral,0.2236,0.5527
Ketla vage aave che?,negative,neutral,0.2241,0.5519
Healthy fluffy bana hai Banana kabhi kabhi jada pak jade hai toh use koi khana pasand nahi karta nice sharing ❤ma'am 😊,positive,neutral,0.2241,0.5518
Jaydeep bhai tame su karo chho have to kaido ketali rah jovadavvi,negative,neutral,0.2241,0.5518
Sarika hu Madagascar rav chhu mari gharni lichi thay chhe hazu ne tame ahi aavi farva September ma jetli khavi hoy aetli khay khutse ny jaydeep aav passport ma ek country + karva jsk badha ne bhavnamasi best,negative,neutral,0.2243,0.5513
Why distance aap sandhyaji?,negative,neutral,0.2246,0.5509
Are wah jivan ma bahu j સમજવા જેવું સે,positive,neutral,0.2248,0.5503
Lockdown ma pan bandh chhe,negative,neutral,0.225,0.55
Bht hi mazedar tasty chatpata easy to make swadisht recipe hai chef kabita ma'am ❤❤,positive,neutral,0.225,0.5499
Radyama shiv bhetha che to parshtri no hatha n pkaday,negative,neutral,0.2251,0.5499
Jaydeep bhai tame koi movie  ma kam kari rahya cho . Tamari hairstyle vlog ma badlai jay. 6. Jayare tame bahar jao cho tyare,positive,neutral,0.2252,0.5496
Sonal bhen ne thodivar sthaj par eakhata hoto,negative,neutral,0.2253,0.5494
15:01editing ma khami se,negative,neutral,0.2253,0.5494
Sarika ben Khetar vav va nu hoy. Atle. Geet che ganga ne kaathe khetra re namo narayan..avu aakhu geet che..roj ek ek Anaaj vav va nu hoy che.,positive,neutral,0.2255,0.5489
😭😭😭😭😭😭😭😭😭😭😭😭😭😭😭😭😭😭😭😭😭😭😭😭😭😭😭😭😭😭😭😭😭😭😭😭😭😭😭😭😭😭😭😭😭😭😭😭😭😭😭😭😭😭😭😭😭😭😭😭😭😭😭😭😭😭😭😭😭😭😭😭😭😭😭😭😭😭😭😭😭😭😭dil nu ke hu maneto,negative,neutral,0.2257,0.5486
Khubaj Saras Ban navi rite Banaviya che Thanks,positive,neutral,0.2257,0.5486
Bahuj saras 👍,positive,neutral,0.2258,0.5485
vha bhai vha jami gyo,negative,neutral,0.2258,0.5485
Jay matji mitro🙏 vadhare rah Nathi jovani have.,positive,neutral,0.2259,0.5482
Baki to aa duniya salahkaari chhej,negative,neutral,0.2259,0.5482
Aalu ka achar to pahli bar dekhi hun lag to rha hai bahut tasty hoga😊,negative,neutral,0.226,0.5481
Aa banaya puchi aano total weight ketlo thay.,negative,neutral,0.226,0.548
Sandhya ne sara kepda lei aapo,positive,neutral,0.2261,0.5478
bhaiii....su editing chhee....sakhtt.,positive,neutral,0.2262,0.5477
Sir tamaari next ketli movies ave 6??,negative,neutral,0.2262,0.5477
Last line:- hu maro potano banglo 1 mahina ma layne ni batavu tya sudhi aa bike ahiya park nhi karu 😅,negative,neutral,0.2262,0.5476
Delhi me last year khoob khaya tha sarso ka saag aur makke ki roti......aapki ye lazawab recipe dekh kar muh me pani aa gya ma'am......👌👌👌👌👌❣️❣️❣️❣️🥰🥰🥰🥰,negative,neutral,0.2263,0.5474
Jai shree SeetaRam Ji 🙏❤️,positive,neutral,0.2263,0.5474
ha kirti bhai ha,negative,neutral,0.2264,0.5471
"Yaad rahe ga muje ak chokri hathi ""Saru ""name prem thi રાખેલું❤",negative,neutral,0.2265,0.547
Bhagvan swaminarayan jd.bhai badhanu saru kare evi prarthna,positive,neutral,0.2265,0.547
2004-10 na time ma gayela songs recreate karo🙏,positive,neutral,0.2265,0.547
Eb 6 kab aa Raha hai,negative,neutral,0.2265,0.547
Itne achche lagg rahe ho kabhi socha aapne k HAMARA KYA HOGA 😍😍,positive,neutral,0.2265,0.5469
Mane pn singing karvu khub j game che,negative,neutral,0.2266,0.5469
Kay Karu thava nu che atle thay,negative,neutral,0.2267,0.5467
Waah Ghana vakhat pachi atlu saras sambhadva madyu ❤️🫶🏻,positive,neutral,0.2269,0.5463
Supar hit kirtidan bhai,positive,neutral,0.2269,0.5463
Aunty MBA Che 👍😊mane badhu aavde Che👍,positive,neutral,0.2269,0.5462
Akhu song che,negative,neutral,0.2272,0.5456
Jd bhai ka face bda ho gya h yr gym ka asar dikh rha h or face treatment se gore bhi lg rhe h,positive,neutral,0.2272,0.5455
Bharva se ene mara ghar na re poni😂❤,negative,neutral,0.2273,0.5454
Vikram bhai toy na prem ma manjil mali,negative,neutral,0.2274,0.5451
Jay ho. Jay ma hinglaj #jayveerofficial,negative,neutral,0.2275,0.5451
Jay VIHAT MA,negative,neutral,0.2275,0.5449
Hum log kal se aye hue hai but mandir open nai hai,negative,neutral,0.2277,0.5446
Ha Maya Bhai ha,positive,neutral,0.2277,0.5446
Bhai Aa Ganika na kotha par tame mira ne nachado na chale avu tame je jagya par betha chho enu maan rakho,negative,neutral,0.2277,0.5446
Lusun tumai chem nuthi nakiu? Lusun ne butaka must lagai che.,negative,neutral,0.2278,0.5443
Green chatani pn નાખે તો મજા આવે ❤❤,negative,neutral,0.2282,0.5436
hu pan jiga ni stile ma gau su jovo mari id ravi sadhu 1293 singer,negative,neutral,0.2282,0.5436
Are bhai ek timli gaye na,negative,neutral,0.2282,0.5436
A pan gujrati chhe,positive,neutral,0.2283,0.5435
hi tame kya rho cho madvu hoy to,negative,neutral,0.2283,0.5434
Ha jignesh Barot,negative,neutral,0.2283,0.5433
Ha maru Jay bhole group Gyaspur ha,negative,neutral,0.2284,0.5432
Jai sonal ma 🙏 1 🙏 Like ❤,negative,neutral,0.2285,0.5431
I m a clinical nutrition Jaydeep bhai… mangoes does have a sugar but it’s not good for those who have very high sugar…seasonal fruit should be eat in a season..,negative,neutral,0.2286,0.5427
Furniture and bed badhu to tame bhumi ne aapididhu and have mameru pan apvanu ?,positive,neutral,0.2288,0.5425
Master 🎉 7:35 se 7:45 tak gaali he,positive,neutral,0.2288,0.5424
Gusso avetyare badhu that Mara vadi ae to 10fon fodi nakhya,negative,neutral,0.2288,0.5424
Kachi keri na mare to Shu leeanu,negative,neutral,0.2289,0.5422
"Hi, ma'am vegetable achaar banaya tha , usko prepare hone ke liye rakha tha, but bottle ke neeche pani jama ho gaya hai To kya aachar kharab ho gaya hai ? Ya usko theek kaise karna hai? Plz bata dijiye",negative,neutral,0.2289,0.5421
"Hey bro , please make a video on  "" Mogal che Rakheval "" ...!!
             Jigrra please....😄😄",positive,neutral,0.2289,0.5421
Bachchi to same thi dono movie me 😮😮,negative,neutral,0.229,0.542
Aaj sandhiya mst lg rhi thi,positive,neutral,0.2291,0.5418
Me orissa se hum hum loga feb...se khate he pakhala vata only winter me nahi khate,negative,neutral,0.2293,0.5414
Khubaj saras tuvernu shak❤,negative,neutral,0.2293,0.5414
"Gulab jamun toh kuch bhi kari bann jata hai 😂 wheat flour, bread, parle g se bhi 😅",negative,neutral,0.2293,0.5413
Rakesh bhai barot kiya hata,negative,neutral,0.2293,0.5413
Why make gujarati movie of Shaitaan???,negative,neutral,0.2295,0.5411
Jay mogal MA Jay Sonal MA,negative,neutral,0.2295,0.5409
"Jigardan kharekhar tame jigar❤️Jaan cho, 
Ame kareli Mandir ma prarthna, 
Kadach,
 atle j tame aavya cho karva door amari yaatna🙏
🚩Jay Maa Mogal🙏🙏🙏",positive,neutral,0.2297,0.5407
Mom is always right vo jo bhi kahe apne liye accha hota hai.😊❤️,positive,neutral,0.2297,0.5406
Sir next stream kyare chhe I'm waiting of that,positive,neutral,0.2299,0.5403
વિનોદ બારીયા જુના બારીયાOk,positive,neutral,0.2299,0.5403
tame gujarati bolo cho shamagre English ma bata vocho Gujarati bolo khabar che English aavade che,negative,neutral,0.23,0.5401
Dear sarika tu hamesha kam kari ney hath prela kapda ma hath nahi Lucio napkin rakho  bahuj khrab lagey che aatlu saru family cho  to ek sari aadat  rakho dear❤,negative,neutral,0.2301,0.5398
New movie muko ne,positive,neutral,0.2301,0.5398
"2nd comment 
also kagbapu na gaam thi.😃",negative,neutral,0.2302,0.5396
tiger Ha tiger,positive,neutral,0.2302,0.5395
Bahut  juni recipi h good h taste m,positive,neutral,0.2303,0.5394
Bilkul! Kabhi kabhi ghar par simple cheezein hi sabse tasty lagti hain 😊 Main bhi kal kuch crispy bana rahi thi 😋,negative,neutral,0.2304,0.5391
"Buddhi vagar ni che sarika 
Mota ben che ane nanand che to tukara thi bolave bhumi bhim
Bhumi di b kai samay ne
Ena krta to sandhya sari k atlist nanad ne maan to aape",negative,neutral,0.2305,0.539
Khub j saras 6.,positive,neutral,0.2306,0.5388
Alag-alag channel par na muko vikrambhai.....Video na views devide thyi jase...koi MATLAB nathi pa6i,negative,neutral,0.2306,0.5388
જય અંબે😊 👍Superb Sound n 🎼 Music,positive,neutral,0.2306,0.5388
tuver na Dana frozen Hoi toh kadak j rahe che..cook nathi that barabar..plz guide and share solution how to cook,positive,neutral,0.2307,0.5386
A to jena par mogal ni mer hoy tya varse bhai,negative,neutral,0.2307,0.5385
"જ્યોતી બેન, તમને ચોખા ના કાણા વાલા પૂડલા બનાવતા આવડે કે?રેસીપી આપશો, તેમા ચોખા કયા લેવા? નવા કે જૂના વાટલા સારા કે? plz suggest recipe full details thanks",negative,neutral,0.2308,0.5384
Bov j saras bhai,positive,neutral,0.2309,0.5383
Jay mogal mama ne,negative,neutral,0.2311,0.5378
Chhath parv hi aisa parv hai jo dur desh se v festival ko celebrate krne aate hai bhagwan ji sab ko aisa mauka digiyega ❤❤thekua banane me jai chhati maiya,negative,neutral,0.2311,0.5378
Lvu.. સંગી...,positive,neutral,0.2312,0.5376
Aaje jaydeep bhai havaman vibhagna report lage che 😂😂,positive,neutral,0.2312,0.5376
Koun se jagah hai aap,negative,neutral,0.2313,0.5374
Kevu bhai .. I ma also manan desai... Bhathla desai,positive,neutral,0.2313,0.5373
Khub saras ❤slok 🎉,positive,neutral,0.2314,0.5372
Description box ma khichu pizza balls ni recipe aapi chhe.,negative,neutral,0.2316,0.5368
Saras chhe ❤❤ mouthwatering,positive,neutral,0.2318,0.5364
Bov saras recipe's banavi 😋😋👌👌,positive,neutral,0.2319,0.5363
મારી માં મની બહૂ જ યાદ આવે છે l miss you maa 😭😭😭😭😭🙏🙏🙏🙏🙏💐💐💐,negative,neutral,0.2319,0.5362
App itna tasty khana bante he is liya master chef se dhake mar kar nikal diya cheeee😂😂😂😂😂😂😂😂😂😂😂,positive,neutral,0.2321,0.5357
"Southi bhangar episode …
4 ketli mahenat kari but madam hoshiyari mathi bahar j nhi aavi…",negative,neutral,0.2322,0.5356
Wah kirtibhai tmari ane sonal benne jodi tamaro bneno sansar amaj hasato rakhe,negative,neutral,0.2323,0.5354
Guest kantali gya tamari lavari ma 12:58,positive,neutral,0.2323,0.5353
"Rocking performance Gadhavi Saheb...nani chhokari no avaj pan superb chhe,pan Gathavi Saheb thodu Modi Saheb vise kaik bolya hot to vadhare gamte....",positive,neutral,0.2326,0.5349
VA jigrra bro kya aavaj hay,positive,neutral,0.2326,0.5347
Indore me dhania 250rs kg hai,positive,neutral,0.2326,0.5347
Jaydeep bhai na face per have age dekhay che,positive,neutral,0.2327,0.5345
Ha Rabari Haa Jay Dwarkadhish ❤️👑😍😍😍,positive,neutral,0.2329,0.5341
Funny m team ni sapot karo,positive,neutral,0.233,0.5339
Jay MOGAL ma,negative,neutral,0.233,0.5339
Jaydeep tame n sandhya oli reel banavo jeth vadi tame cha banavta hoi n sandhya m kye jeth mate cha bane che n tame m kyo e jeth hu j chu 🤣🤣🤣 tamara bey ni vaat chit sambhdva ni mja aave che nice family,positive,neutral,0.2331,0.5339
Dil thi lyrics🙌🙌🙌🙌 jigar bha,positive,neutral,0.2332,0.5337
Hitu kanodiya jeva lage che jaydeep bhai,positive,neutral,0.2332,0.5337
atyare thi j training chalu am ne Vah Moj,negative,neutral,0.2332,0.5335
Jay Ho vadavadadev,positive,neutral,0.2333,0.5334
Yes mari Habhal lenari jati rai 😔😔😔,negative,neutral,0.2333,0.5334
Supar song Jignesh Bhai ❤😂🎉👍આ સોંગ ખરેખર ખુબજ સરસ છે અનેઆ જીગ્નેશ બારોટ નુ કોઈ પણ સોંગ હોય સુપરહીટ જ હોય છે 👍😃,negative,neutral,0.2333,0.5333
Bihari Fish banana to aap se hi seekha hai maine bt tasty bani thi♥️👍👍👍👍👍,negative,neutral,0.2334,0.5333
Patti gayu have....,positive,neutral,0.2334,0.5332
Iss pagal se main pyaar karti hu issko pyaar karke main bhi pagal ho  jaungi 😤😤😤😤😓😓😓🤦🤦🤦 hey bhagwan mujhe utha lo 🙄🙄😓,positive,neutral,0.2336,0.5328
Besan ane corn flour no shu use karyo tame .Recepi na ingredients ma lakhelu chhe etle puchhyu .,negative,neutral,0.2336,0.5327
Gandhi javo luk jaydeep no lage che,positive,neutral,0.2336,0.5327
Ek like kirtidan mate...😍😍,positive,neutral,0.2337,0.5326
Saras pan rudrashat puru hot to vadhare sundar lagat,negative,neutral,0.2337,0.5326
Bhai nhi hai pr itne acche hote kiya bhai ❤😢,negative,neutral,0.2338,0.5324
"Hi you sh should give full recipe in writing. You have written only ingredients, but there is nothing written in ingredients. Is easy to follow if you write ingredients in please, 
HANSA Ghadialy from London",positive,neutral,0.234,0.532
"Rashmimem in gujarati 
Jordar",positive,neutral,0.234,0.5319
Rdx group charadu Jordar antri bhai na.mara rola padese,negative,neutral,0.2341,0.5318
Jay jay maa sonal,negative,neutral,0.2341,0.5318
Guj zayeka ghar ma bazar jevi Delicious bhel banti nathi,positive,neutral,0.2342,0.5316
last ma athana nu pani nakhyu ...ae na nakhe to chale??...,negative,neutral,0.2343,0.5314
Jay ho bhuva ji🙏🙏🙏🙏,negative,neutral,0.2344,0.5312
Oye hoy look 🔥🔥🔥,positive,neutral,0.2347,0.5306
Srika jaypur to su USA b  Jae sake tevi clever che don't worry ❤,negative,neutral,0.2347,0.5305
Sarika atyare khadhu pidhu report ma ave xhe😂😂😂,positive,neutral,0.2348,0.5303
Saras jain vargan,positive,neutral,0.2351,0.5298
Per hum app se nehi mil सके,positive,neutral,0.2352,0.5297
Sarika ben tame pended and buti perya e bov must che gold nu che ne ?,positive,neutral,0.2352,0.5296
Bov suspense create karo ma ne video jovama boring lage che 2:43 😊,negative,neutral,0.2353,0.5295
Kirtibhai tamara jevu kapal kyay jova male tamari jodi amar rakhe,negative,neutral,0.2353,0.5294
have jovi hoy to kya jova malse ? ❤❤,negative,neutral,0.2353,0.5294
બસ આમ જ content પડતો રેહવો જોઈએ 😀❤️,positive,neutral,0.2354,0.5293
"Kabita ji, aapki Dhaba style smokey daal ne to dil jeet liya! Masalon ka perfect tadka aur woh smokey flavor… bas kya kehne! 😍👏😊🙏🙏✨",positive,neutral,0.2354,0.5291
Sandhya bilkul modern nathi advocate hoy tho kevi personality padey Sarika All rounder chey hosiyar,negative,neutral,0.2356,0.5288
nakki surti tame surti chho,negative,neutral,0.2357,0.5286
Jay bhavani Jay ambe maa 🙏🙏🕉🕉🚩🚩🚩,negative,neutral,0.2358,0.5284
khubaj sundar movie... JaiShree Krishna...,positive,neutral,0.2359,0.5282
Khub sundar resipi❤❤,positive,neutral,0.2359,0.5282
Panchkutiyu ma kyarey kanda na ave wrong recipe che. Badhu barabar che pan kanda na hoy. Kanda mix veg. Sabji ma ave mix veg. Judu ane panchkutiyu judu ave. Jo kanda hoy to e panchkutiyu na kehvay.,negative,neutral,0.2359,0.5282
Jasstag bhai rock ❤❤,positive,neutral,0.2359,0.5281
Hamnanu tame office jata pelaj vlog puro banavi do cho Kem?,positive,neutral,0.236,0.5281
પ્રેમ માટે તડપતુ દિલ... miis you..,negative,neutral,0.236,0.5281
Mera eye 👁️ lion colour hai,positive,neutral,0.236,0.5281
Mari to favorite che mummy bnate hai,positive,neutral,0.2361,0.5277
"Tu as a guest gayo big boss ma.. ane tu keh che k mane khabar nathi k salman bhai aavana che... ,???  What a joke ???",negative,neutral,0.2363,0.5273
VIBRANT MA AVANA CHO BHAI ??,positive,neutral,0.2364,0.5273
Dinubapu no kuvo j rakho. Emne bahu mehnat kari che.,positive,neutral,0.2364,0.5272
maa maa tu pachi avija koidi koini maa dev no Thai bagwan God iswer parmat ma,negative,neutral,0.2365,0.527
Ha jigabhaj ha,negative,neutral,0.2365,0.5269
Maro Piyar to Aaje nthi pan koy nthi,negative,neutral,0.2367,0.5266
Jay hoo dev duvarika valo,positive,neutral,0.2367,0.5266
Thai jase merge movie mati ganu samajavajevu che,negative,neutral,0.2368,0.5265
VERY NAICE SONG JAY BABARI.....JAY RAMAPIR,negative,neutral,0.2368,0.5265
Didi kuch samajh nai aya koun sa chawal koun se masale 😢,negative,neutral,0.2368,0.5264
અલા ટોપાવો MUSIC VIDEO ક્યારે લોન્ચ કરવાના છો. બઉ કરી લ્યા તમે તો.,positive,neutral,0.2369,0.5262
"*""Restaurant-style Veg Burrito Bowl Recipe""* *_Ingredients:-_* *For the Paneer:* * Paneer: 200g (cut into large cubes) * Butter: 1 tsp * Chilli Flakes: 1 tsp * Oregano/Mixed Herbs: 1 tsp * Salt: To taste *For the Rajma (Beans):* * Boiled Rajma (Kidney Beans): 1/2 cup * Garlic: 1 tsp (finely chopped) * Onion: 4 tbsp (finely chopped) * Tomato: 4 tbsp (finely chopped) * Schezwan Chutney: 1 tsp * Cooking Oil: 1 tbsp * Salt: To taste * Water: As needed *For the Cilantro Lime Rice:* * Cooked Rice: 1 cup (preferably sticky variety like Indrayani or Govind Bhog) * Butter: 1 tbsp * Coriander Leaves: A handful (finely chopped) * Lemon Juice: From half a lemon * Salt: To taste *For the Sautéed Salad:* * Onion: 2 tbsp (sliced lengthwise) * Yellow Capsicum: 2 tbsp (sliced lengthwise) * Red Capsicum: 2 tbsp (sliced lengthwise) * Boiled Corn: 2 tbsp * Mixed Herbs: 1/2 tsp * Chilli Flakes: 1/2 tsp * Cooking Oil: 1 tsp * Salt: To taste *For the Yogurt Dressing:* * Greek Yogurt: 1/2 cup (or thick hung curd) * Garlic: 4 cloves (grated) * Black Pepper: 1/5 tsp * Coriander/Mint Leaves: Finely chopped * Salt: To taste *Additional Toppings:* * Avocado: 1 (sliced or mashed into guacamole) * Cherry Tomatoes: Handful (halved) * Lemon Juice & Salt: For seasoning the tomatoes * Tortilla Chips/Nachos: For crunch *_Instructions:-_* *1. Prepare the Paneer* Heat 1 tsp butter in a pan. Add 200g paneer cubes. Season with 1 tsp chilli flakes, 1 tsp oregano, and salt. Sauté on medium flame for about a minute until lightly golden. Avoid overcooking to keep the paneer soft. Remove and set aside. *2. Cook the Rajma* In the same pan, heat 1 tbsp oil. Add 1 tsp chopped garlic, 4 tbsp onions, and 4 tbsp tomatoes. Sauté until soft. Add 1/2 cup boiled rajma, salt, and 1 tsp Schezwan chutney for a zingy flavor. Add a little water and cook on low flame for 5 minutes. Mash a few beans with a masher for a thick texture, then dry out the excess moisture. Set aside. *3. Make Cilantro Lime Rice* Heat 1 tbsp butter in a pan. Add 1 cup cooked rice, salt, and plenty of fresh coriander leaves. Toss for 10 seconds to infuse the flavor. Turn off the heat and squeeze in lemon juice. Mix well and set aside. *4. Sauté the Salad* Heat 1 tsp oil in a pan. Add sliced onions, red and yellow capsicums, and boiled corn. Season with 1/2 tsp mixed herbs, 1/2 tsp chilli flakes, and salt. Sauté quickly just to remove the rawness while keeping the crunch. Set aside. *5. Prepare the Dressing & Extras* * Dressing: Mix 1/2 cup Greek yogurt with 4 grated garlic cloves, black pepper, salt, and chopped coriander. * Tomato Salad: Toss halved cherry tomatoes with a little salt and lemon juice. * Avocado: Slice one fresh avocado or mash it with onions and lime to make guacamole. Assembling the Burrito Bowl * Rice Base: Press the Cilantro Lime Rice into a small bowl and flip it onto the center of your serving plate/bowl. * Arrange Sides: Place the sautéed paneer, rajma, sautéed salad, cherry tomato salad, and avocado slices in sections around the rice. * Final Touch: Add a generous dollop of the garlic yogurt dressing. * Garnish: Serve with a side of tortilla chips or nachos for crunch and a lemon wedge. *Enjoy* your homemade, healthy, and vibrant Veg Burrito Bowl! 👍",positive,neutral,0.2369,0.5262
🙏🏻🚩JAY SONBAi MAA🚩🙏🏻,positive,neutral,0.2369,0.5261
Badhi recepi hu jow chu tamari,negative,neutral,0.237,0.5261
Which oil have u used to fry poori,negative,neutral,0.237,0.526
Jaydipbhai to bolkana chhe hasta hasta badhu kahi de chhe pan hardikbhai ochhu bole chhe hardikbhai sandhyane support aapjo,positive,neutral,0.2371,0.5258
Je name thi aakhi duniya jene orkhe se ae name na badlavo kaviraj,negative,neutral,0.2372,0.5256
Mam maine apki phli video tb dekhi thi jb m college m pdti thi or phli video dekh k kathal phli bar bnaya tha or kbhi socha na tha ki kbhi m bhi cooking channel bnaugi youtube pe...ap meri favourite cook ho jinki video m salo se dekh ri i hope bhagvan muje apke jaise grow kre ❤❤❤,negative,neutral,0.2372,0.5255
Jmj haa અમારે દરબાર માં તો ઘોડિયા માં દીકરી હોય એને પણ બા j kyne બોલાવે,positive,neutral,0.2374,0.5251
Please next guest Rajesh Ahir... ✨✨✨ He's the youngest singer of the india and who has the brought back out culture. Please Rajesh Ahir ne bolavo ne yarrr 🙏🏻❤️❤️❤️❤️❤️❤️❤️❤️❤️,positive,neutral,0.2377,0.5247
jay gajannad ..dev,negative,neutral,0.2377,0.5246
Next have devayat khavd ne lavo,negative,neutral,0.2379,0.5241
Joradar bhai Dil thi gayu lage se,negative,neutral,0.238,0.5239
Sachi vat che,positive,neutral,0.2382,0.5236
Aek dam sachu kirtidanbhai JAY.MOGAL.MAA MAHADEV.HAR JAY.MATAJI.TO.ALL,negative,neutral,0.2382,0.5235
jay ho aaibeli ma 🙏🙏🙏 jay ho ma mogal aai mataji🙏🙏🙏,negative,neutral,0.2383,0.5235
Khbr kv rite khbr pde ke lot bandhay gyo che ane ketla minit sudhi maslvo pde,negative,neutral,0.2383,0.5234
જય માં મોગલ maa🚩🚩🚩🚩🚩,negative,neutral,0.2384,0.5233
Aap sabhe ko chhat Maha parov ki hardik subh kamnaye 🙏🙏🙏 jai Bholenath jai Surya deov 😊😊😊,positive,neutral,0.2384,0.5232
Vikram bhai aakhi kya re rilish thase,negative,neutral,0.2386,0.5229
Ha BHAI Ha,negative,neutral,0.2386,0.5227
Aap khud itna paisa kma rahi ho logo ki wjh se jo aapko daily dekhte h kuch help apni jethani ki bhi kr dia kro bechari kaise reh rhi h 😡😡😡 koi kuch nhi le jata Khali hath jata h jab duniya se jata h to,negative,neutral,0.2389,0.5222
"Tame mane chodine bhale jatarayapn hu tamne prem karu chu ,karis ,ane akhi jindgi karto rahys jo aacomen mari tu vachi to tu mari jindgima pachi avija hu Rajov chu ane joto rays 😢",negative,neutral,0.2389,0.5221
Jarur thi GURU Tamare bolvanu na hoy Tamara sivay koi ne sambhadva Gamta nathi,negative,neutral,0.239,0.5221
Vikrambhai Tamaro video muku,negative,neutral,0.2391,0.5219
ayeeeeeeee januuuuuuuuuuuu..kaha ho tummm🥺🥺🥺🥺🥺🥺🥺,positive,neutral,0.2391,0.5218
"One suggestion to JD Patel family, please put an AC in the kitchen for the women while they cooking all day!",positive,neutral,0.2391,0.5218
Jai Jai Shree Ram Jai Gaumata,negative,neutral,0.2391,0.5218
Ha bhai Ha Suppar hit Bhai Tamara Tole koi na ave.,negative,neutral,0.2392,0.5217
Aaj मैंने chiला bnaya लेकिन मेरे पास chawala nahi the to singhara atta था usame ही बना लिया 😍👍🙏💐 jai Bholenath 💐 ❤,negative,neutral,0.2393,0.5215
ગોદરેજ city,positive,neutral,0.2393,0.5213
"Can any one tell me the last scene song?
Pura comment section adhe ghante sei padh raha hun kisi nei likha hi nahi....... 🙂",positive,neutral,0.2393,0.5213
Ben tapkir farali nathi,negative,neutral,0.2394,0.5213
Vah Kirtidan Guru vah Dhanyache tamne,negative,neutral,0.2394,0.5212
Jay Sonal ma jignesh bhai jordar song,negative,neutral,0.2394,0.5211
Jay shree dakorna thakor🙏 have bandh darvaja to kholjo Amara mate,negative,neutral,0.2395,0.5211
Mama Nagar Neemoj ho bhai...,positive,neutral,0.2395,0.5211
મને આ સોંગ ગમે છે jignesh barot Yashpal snih Zala,positive,neutral,0.2395,0.521
Jini Roll recipe lavjo ben,positive,neutral,0.2397,0.5206
Aela aane to have upado lidho chhe,negative,neutral,0.2397,0.5205
Hu bhagvan ne prarthana karu su ke aaj rite mara mota bhai eva vikaram thakor ne khubaj agad vadhare,negative,neutral,0.2398,0.5205
❤❤❤ Very nice recipe ❤❤🥺♥️ ❤❤❤❤ didi mummy ke pass suji ka dabba bhara hua pada hua Hai Ham usko fayde kya nahin bhejen Koi recipe lekar a jao kyunki mummy se thodi recipe Ban nahin Pa Rahi mushkil ho rahi hai❤❤❤❤🥺🥺🥺🥺🥺😭😥 Ham suji Patna jaate Hain to bata do,positive,neutral,0.2398,0.5205
sbjiya kon kon se dali h,negative,neutral,0.2398,0.5204
30:25 jay hingraj form Pakistan mandir chhe,positive,neutral,0.2398,0.5204
3 pat ave to Janav ji,negative,neutral,0.2398,0.5203
Bhumi didi no face ketlo tired lage chhe😢,positive,neutral,0.2399,0.5202
હષદ્ ભગવાની કોલર ટાઇટ રાખજો વિડીયો સોંગ DJ Vikram Thakor,positive,neutral,0.2399,0.5201
jem ke mogal aave navrat ramva 🤩🤩,negative,neutral,0.2399,0.5201
Party full pack thine avi lage chhe,positive,neutral,0.2401,0.5198
2025 kon kon sbhale che❤,positive,neutral,0.2401,0.5197
South Gujarat no chho ma'am?😅,negative,neutral,0.2405,0.5191
Kon kon tahukar ka wait kar raha hai kirtidan ji ka like karo,negative,neutral,0.2405,0.519
Ha Barot ha.....,negative,neutral,0.2406,0.5187
Khub saras garba se bhai,negative,neutral,0.2407,0.5186
"ખૂબ જ સરસ... મેડમ, આપ સુરતી છો.?? આપ ની spitch ના અમુક શબ્દો સુરતી ભાષાના લાગે છે.",negative,neutral,0.2411,0.5179
Ha TAIGAR MASTI,negative,neutral,0.2411,0.5178
Koy ne adu Le,negative,neutral,0.2411,0.5177
Autotune left the chat,negative,neutral,0.2418,0.5164
Aa song mate game etla vakhann kariye ochha chhe it’s ooosssmm! ❤️‍🔥,negative,neutral,0.2419,0.5162
Jay bharat mata ki,negative,neutral,0.242,0.5161
bhai Profetionl song Banavo,negative,neutral,0.2422,0.5157
2025 no album aavse ke,negative,neutral,0.2422,0.5156
Ha bhai jiga vina nahi chale,negative,neutral,0.2424,0.5151
Jay Aai mogal bhai,negative,neutral,0.2429,0.5141
"Subse bakwas ratio batane ka tarika yahi h 2kg gajar, 500ml doodh to 3/4 cup chini kyu, chini ka weight nhi hota kya faltu ka ratio share krte h sb jb ek time p weight use kr rhe h to fir cup ko beech m kyu late h, sb k paas cup hota hi h kya😡",negative,neutral,0.243,0.5139
Amna song bv sambhalva ni maja ave chhe mind fresh thy jaay chhe,negative,neutral,0.243,0.5139
JAy mataji mota bhai,negative,neutral,0.2431,0.5139
Girnar ne chadvanu chalu che k nai??? Plz answer,negative,neutral,0.2431,0.5137
Ha vikrambhai ha ha jitubhai ha Ha tamari dosti ha,negative,neutral,0.2435,0.5129
"Jay Shree Krishna 

Movie Entertainment wise to Below Avarage chhe, Acting below Avarage,3-4 Comedy Scenes 3-4 imotional Scene,pan chali gai,Safal film sari hoy jaroori nathi",negative,neutral,0.2438,0.5125
Vidio to batavo vikarm,negative,neutral,0.2438,0.5123
Tame hindi ma video banavo to subscribers vadhare thase,negative,neutral,0.244,0.512
Ha bhi jiga bhi,negative,neutral,0.2442,0.5116
Ma sonal gaytri ane kuldeep nu puru Kari dejo koi ne heran na kare,negative,neutral,0.2444,0.5112
Bhai bhul nathi thai gai ne atalo moto episode,negative,neutral,0.245,0.5101
Aa song game te like kare 👇,negative,neutral,0.2451,0.5098
Jay Bar Bijli Na Dhani Aeva Mara Ramapr Mharaj🙏🌹🙏❤👌👍🎵🎵🎵🎵🍫,negative,neutral,0.2451,0.5098
Jai chatti maayi ki 🙏🙏🙏,negative,neutral,0.2454,0.5092
Hu aa show jova gayo hato.. Jo ke mane khabsr hati ke mane kai sambhdava nu nathi tya kem ke mane ear ma problem che so hu kyare movie ke aava live concert nathi jova jato But im big fan of LAVARI show nd mane finally chance madyo ke lavari show surat ma aavyu to hu ak experience  to karis j ... And mane bija bou multi organ disease che to kyare hu aatla hours sudhi besi nathi sakyo pan.. Lavari show no power j atlo hato ke mane tya thi ubha thava nu man j nai thayu.. THNK U LAVARI TEAM.. FOR COMPLATE MY 1 OF THE BUCKET LIST..,negative,neutral,0.2455,0.509
Jay Ho kanji,negative,neutral,0.2457,0.5087
Rajan Bhai rajkot madya hta khub saras chho tame,negative,neutral,0.2459,0.5082
HE RANUJA VADA ROMAPIR JAY BABARI,negative,neutral,0.246,0.5079
Khane man to bohot he par pese khatam ho Gaya 😢,negative,neutral,0.2462,0.5075
Ha maiyara ha,negative,neutral,0.2463,0.5074
Om bhai no single word nathi akhi lavari ma 😅,negative,neutral,0.2463,0.5074
Hello Kabita ma'am Aapne ek Series start ki thi ----aaj dinner mein kya banaoo uske 2 episodes aaye thhe ---kya aap ye series continue nahi karenge Please zaroor reply kijiye,negative,neutral,0.2465,0.5071
Jay Vihat ma,negative,neutral,0.2465,0.507
Shu karwa gaas nu cylinder bolavyu bhai😢😢😢😢,negative,neutral,0.2469,0.5062
Aap sandhya ku bhi sath leke jaya karo acha lagega aap teeno ka bond dekhne ka liye,negative,neutral,0.2469,0.5061
Tme loko j bolo cho pela jaydev ne bolva to dyo ene bolvu hoy che pn tme game ee vat ma majak banavi dyo cho and vat agal nthi vadhti 16 yr career vato Krva devay ghani bdhu eni agal sari vat hse & comedy & kaik evu k je kadach alag j lage tevi but tme ene sarkho khulva j nthi deta tme loko j bol bol kro cho,negative,neutral,0.247,0.506
Dhoodh thandu che ke garam,negative,neutral,0.2472,0.5056
"Hello 🙋‍♂️ Jay sheer Krishna 
Hu Belezim thi video jov 
But koy divas comment nathi kri 
Tmara video long time jov chu 
Plz tme ahi farva aavo",negative,neutral,0.2472,0.5056
Jd bhai tame hardik bhai ne have kgf bolavta j nathi emnu naam change thay gyu che Baadsha hooo🤣🤣,negative,neutral,0.2473,0.5054
"Fajito Gujarati old and traditional receipe che. Back in the days jyare shakbhaji afford nata kari sakta tyare ghar ni keri mathi banvta. 
Sarika ae chana no lot bau nakhi didho and keri no ras patdo rakhvano. Atlu jadu na banvu joia and vadhare ras levano atle taste ave. Fari vakhat try kari jojo patdo ras rakhi ne",negative,neutral,0.2478,0.5044
Sigh na geet to khub sambhlya have Bharat aakhu Gujarati singer ne sambhalshe,negative,neutral,0.2479,0.5042
Jay ho nandlal ki,negative,neutral,0.2479,0.5041
Mera to fevoret sabji jaise bhi rahe kha leti hu😊🤩🤩,negative,neutral,0.2482,0.5035
Ha bhai ha jigabhai ha,negative,neutral,0.2482,0.5035
Bum padavase Navratri ma,negative,neutral,0.2484,0.5032
"Yaar 1 kalak no show karo ne bhai please, ""ye to shuru hote hi khatam ho gya"" jevi feeling aave chhe aama 😢😢😢",negative,neutral,0.2485,0.5029
2026 ma kaviraj no non atop new album aavse k ny.. Tell me pls?,negative,neutral,0.2487,0.5027
Khub khub aabhar kirtibhai,negative,neutral,0.2488,0.5023
"SARIKA KEY CHE KE KANISIHK NE PELE THI PET MA DUKHTU HATU TO ETLU BADHU KHAVA NOJ DEVAY NE , BACCHA TO BADHU MANGE SARIKA NE SAMAJVU JOIYE KETLU KHAVA DEVU",negative,neutral,0.249,0.5019
Ha kirti bhai 🙌🙌🙌,negative,neutral,0.2492,0.5016
"Jay Swaminarayan 
JD ... Je Thay e Saru j thay. Bhagwan uper Vishwas rakhva no.",negative,neutral,0.2496,0.5008
Jay maa Tara bagla Kali 👏👏🙏🙏🙏👌👌👌uttam,negative,neutral,0.2496,0.5008
Kabita g apki recipe hr bar dekti hu or apne bchon ko khilati hu bche bde pasand krte hai ❤thaku app aisi recipies bnate ho jo sbse unique hoti hai ❤,negative,neutral,0.2498,0.5005
Jorddar che ho Bhai,negative,neutral,0.2498,0.5004
Pan Bhai gaman santhal jevi na ho,negative,neutral,0.2498,0.5003
"Sarika khud ne bauj smart samjhe che pela vlog ma kevo keti ti ki gen z ne topic upar jaane pote bauj koi motu kaam karyu che lifevma, sasra n husband na paise the ghamand kare che, to e ghamand etlo ki ek sorrry pan na boli, pela khud kay kar life ma pachi bija ne bolvani  trevad rakh
Hezu bi ena jevi che, banno maa dikri oversmart che.",negative,neutral,0.2501,0.4999
"Oye Lavari Show na comediano 😏🔥

Tamari comedy sari che haan… pan sach bolu? Thodi “repeat telecast” jevi lage che 🤡📺
Same jokes, same style… audience hashe pan andar thi kahe:
“Bhai, aavu to pachi pan joyu hatu!” 😭😂
Ek kaam karo… level upgrade karo 💥
Ek vaar Kirtidan bhai Gadhvi ne bolavo stage par 🎤
Tame joke maarso ane pachhad thi live Dayro start thai jashe 😎
Public confuse thai jashe — hasvu ke tali padvi ke video banavo 🤯😂
Have to sach e che boss…
Tamaro show mast che… pan Kirtidan bhai aavi gaya ne… to tamne pan side ma chair mali jashe 😜
So jaldi karo… nahi to public comment ma j tamne roast kari dese 😈",negative,neutral,0.2501,0.4998
tamaro nambar apo,negative,neutral,0.2504,0.4991
Atale to kevayu che k Tiger to tiger J kevay,negative,neutral,0.2506,0.4987
"Sarika ben ne sandhya ben ne ko k thodo potani   mate time kadhi ne yoga karo. Have ni aa fast Life. Ma aa jaruri chh yoga.,.karo yog raho nirog.",negative,neutral,0.251,0.498
"Wrong he """""""""" keri cut kar k haldi aur namak dalde 3 hour chod de bad pani pura nikal k dhup me sukae Kyu ki cut ki hui keri direct dhup me dalo ge to kali padegi 😊 baki ka method sahi he 👍",negative,neutral,0.2514,0.4972
Agahi kare che ke bivadave che,negative,neutral,0.2514,0.4971
Jaydeep bhai tame bolta bolta atkigaya ke set par j jamva nu che😂kaik shoting karo cho aevu lage che,negative,neutral,0.2516,0.4968
Ooo બાપુ jordar se song,negative,neutral,0.2519,0.4962
Jay dongrechi I'm vikram rohadiya,negative,neutral,0.2522,0.4956
Song sambhdva dyo ne garba jova dyo aa vache na lavo,negative,neutral,0.2524,0.4952
Green Gujarat ni recipe joie chhe,negative,neutral,0.2526,0.4948
Kayade sar kopi karavama aavi 6e aa git ni,negative,neutral,0.2527,0.4945
Yar avaj gano jado thay che no chale,negative,neutral,0.2529,0.4942
Aap kaha se hai up y bihar se ?,negative,neutral,0.2529,0.4941
Rakesh barat ni kope che bhai,negative,neutral,0.2533,0.4934
કોણ કોણ માને છે કે માતા - પિતા ના ચરણો માં Svarg હોય છે_____👏 #Jigneshbarotnodiwano,negative,neutral,0.2535,0.4931
Jaydeep bhai protin pivo cho to tme harbal life us karo ne saru hoy che,negative,neutral,0.2538,0.4924
Jor dar entry ho bhai ame jova ayata,negative,neutral,0.254,0.492
Bhu srs Rotla Bnavya che,negative,neutral,0.2548,0.4904
Teen Tali Garba aur maniyaro raas Garba bhi Gai kirtidan bhai gadhvi,negative,neutral,0.2549,0.4902
Kamlesh bhai ma bole che aemna modhe bov mast lageche 😊 nakru gavanu no hoy varnan karvu pan joye a kamlesh bhai ye karyu,negative,neutral,0.2549,0.4901
Ekdum sahi baat h mam ❤❤❤❤❤,negative,neutral,0.2555,0.489
Bhai Tamara song badhathi alag hoy,negative,neutral,0.2561,0.4878
Haji pan aaa song kon kon sambhle che bolo bolo,negative,neutral,0.2562,0.4876
Aa ben su kam bolya hata,negative,neutral,0.2562,0.4875
Vikram bhai tame mahan cho Jay mataji Vikarm bhai,negative,neutral,0.2562,0.4875
Om sai ram,negative,neutral,0.2565,0.4871
Yeh hammered cooker kon se brand & kitne Ltr ka ha!!!!,negative,neutral,0.2565,0.487
vikramji. maradhi. tame. bhulata. nadhi. be. divsdhi. have. sukaru,negative,neutral,0.2568,0.4864
Aa bhai ne birthday cake khavni jaldi che😂😂❤❤,negative,neutral,0.2572,0.4856
4:48:52 Vah Kamlesh Bhai ❤,negative,neutral,0.2572,0.4855
Tamaro ghano abhar. Rasa vala khaman batavana mate Thanks,negative,neutral,0.2573,0.4855
